frame,t,dx,dy,rot_deg,scale,ntrack,framediff,sharpness,brightness,contrast
0,0.0,0.0,0.0,0.0,0.0,0,0.0,63.95,133.62,46.83
1,0.033,0.683,-0.194,0.0255,1.0001,167,0.657,56.6,133.67,46.8
2,0.067,1.034,0.139,0.0209,0.9998,161,1.119,76.51,133.58,46.84
3,0.1,1.059,-0.262,0.0313,1.0011,140,1.733,73.24,133.56,46.86
4,0.134,0.884,0.307,0.0144,1.0006,145,1.719,68.06,133.63,46.88
5,0.167,0.909,0.672,-0.0141,1.0,133,1.84,67.35,133.72,46.92
6,0.2,1.458,0.344,0.0623,0.9997,128,1.772,54.94,133.77,46.91
7,0.234,0.921,1.018,-0.0151,1.0001,114,2.044,68.15,133.88,47.0
8,0.267,0.652,0.897,-0.0136,1.0008,108,2.024,72.24,134.03,47.03
9,0.301,0.719,1.392,-0.0214,1.0001,114,2.292,86.51,134.22,47.2
10,0.334,0.265,0.774,-0.0095,1.0015,128,2.28,95.01,134.5,47.32
11,0.368,0.53,1.549,-0.0166,0.9999,151,2.165,95.26,134.67,47.34
12,0.401,0.226,1.477,-0.0275,1.0005,160,2.205,90.02,134.87,47.3
13,0.434,0.783,1.893,-0.0135,0.9994,154,2.257,87.47,135.08,47.27
14,0.468,0.152,0.601,0.005,1.0015,148,2.347,96.56,135.05,47.28
15,0.501,1.292,1.794,0.0096,0.9977,165,1.75,78.51,135.1,47.18
16,0.535,0.226,0.836,-0.0124,1.0014,157,1.872,84.19,135.28,47.23
17,0.568,0.836,1.465,-0.0058,0.9987,161,1.56,87.98,135.3,47.25
18,0.601,0.704,1.355,-0.0062,0.999,146,1.414,80.03,135.2,47.29
19,0.635,0.523,1.12,-0.018,0.9993,151,1.237,78.0,135.24,47.28
20,0.668,0.724,0.924,0.0007,0.9986,172,0.931,72.63,135.3,47.26
21,0.702,0.58,0.744,-0.0095,0.9992,178,0.993,73.23,135.19,47.29
22,0.735,0.429,0.482,-0.0037,0.9994,165,0.585,68.67,135.15,47.29
23,0.769,0.275,0.386,-0.016,0.9996,153,0.564,72.16,135.11,47.32
24,0.802,0.415,0.229,-0.004,0.9997,158,0.646,82.31,135.06,47.36
25,0.835,0.161,0.442,-0.02,0.9995,161,0.422,88.38,135.1,47.39
26,0.869,-0.428,0.069,-0.0292,1.0005,172,0.345,86.79,135.07,47.42
27,0.902,-0.551,-0.049,-0.0235,1.0004,175,0.49,86.75,135.02,47.47
28,0.936,-0.57,0.12,-0.0131,0.9999,180,0.71,86.79,135.0,47.53
29,0.969,-0.812,0.379,-0.0388,0.9997,181,0.953,84.56,135.04,47.53
30,1.002,-0.923,0.325,-0.0378,0.9997,183,1.151,85.92,135.06,47.51
31,1.036,-1.164,0.485,-0.0582,0.9993,180,1.303,74.55,135.13,47.46
32,1.069,-1.238,0.312,-0.041,0.9996,181,1.499,75.22,135.18,47.42
33,1.103,-1.642,0.221,-0.0497,1.0,182,1.753,81.69,135.18,47.41
34,1.136,-1.812,0.088,-0.0536,1.0,176,1.968,86.68,135.13,47.41
35,1.17,-1.943,0.152,-0.0651,0.9999,166,2.136,92.87,135.14,47.42
36,1.203,-1.977,0.119,-0.0513,1.0002,168,2.18,92.18,135.17,47.43
37,1.236,-2.205,-0.024,-0.0638,1.0003,174,2.377,85.31,135.22,47.43
38,1.27,-2.169,0.299,-0.07,0.9999,159,2.36,81.84,135.29,47.34
39,1.303,-2.195,0.069,-0.077,1.0004,165,2.133,78.29,135.22,47.31
40,1.337,-2.143,0.351,-0.0524,0.9996,150,2.466,76.34,135.24,47.28
41,1.37,-2.432,0.244,-0.0783,1.0002,159,2.462,86.02,135.17,47.23
42,1.403,-2.605,0.318,-0.0717,1.0001,161,2.605,87.4,135.21,47.18
43,1.437,-2.653,0.288,-0.0797,1.0001,157,2.613,90.58,135.38,47.2
44,1.47,-2.905,0.193,-0.0846,1.0003,160,2.756,84.46,135.48,47.18
45,1.504,-3.02,0.214,-0.0821,1.0004,162,2.856,80.1,135.57,47.1
46,1.537,-3.213,0.16,-0.087,1.0003,148,3.0,83.63,135.61,47.01
47,1.571,-3.166,0.425,-0.0879,0.9998,139,3.126,92.64,135.67,46.94
48,1.604,-3.267,0.263,-0.078,1.0,147,3.216,89.89,135.83,46.86
49,1.637,-3.609,0.374,-0.0977,1.0002,150,3.391,90.47,135.89,46.78
50,1.671,-3.77,0.192,-0.0951,1.0002,149,3.526,89.38,135.9,46.64
51,1.704,-3.961,0.576,-0.1176,0.9998,160,3.591,87.51,135.91,46.49
52,1.738,-4.031,0.497,-0.1072,0.9998,159,3.726,83.89,136.11,46.44
53,1.771,-4.413,0.409,-0.1232,1.0002,158,3.826,85.48,135.88,46.19
54,1.804,-4.529,0.275,-0.1109,1.0002,163,3.947,89.94,135.8,46.06
55,1.838,-4.638,0.588,-0.1225,0.9998,170,4.039,91.64,135.72,45.94
56,1.871,-4.799,0.514,-0.1262,0.9999,179,4.134,93.99,135.66,45.79
57,1.905,-5.066,0.319,-0.123,1.0002,175,4.297,96.69,135.46,45.62
58,1.938,-5.214,0.426,-0.138,1.0001,176,4.385,92.9,135.61,45.54
59,1.972,-5.26,0.306,-0.1286,1.0002,176,4.373,86.75,135.56,45.35
60,2.005,-5.449,0.085,-0.1255,1.0006,171,4.449,88.13,135.53,45.18
61,2.038,-5.427,0.217,-0.123,1.0003,171,5.049,95.04,135.43,44.99
62,2.072,-5.647,0.3,-0.1388,1.0002,169,4.376,92.34,135.36,44.81
63,2.105,-5.801,0.215,-0.1498,1.0004,174,4.43,89.39,135.28,44.66
64,2.139,-5.648,0.07,-0.1246,1.0004,194,4.584,88.36,135.26,44.59
65,2.172,-5.685,0.258,-0.1373,1.0003,174,4.51,83.27,135.29,44.49
66,2.205,-5.619,0.247,-0.1281,1.0002,174,4.499,81.4,135.23,44.42
67,2.239,-5.803,0.082,-0.1334,1.0006,180,4.549,80.15,135.15,44.33
68,2.272,-5.821,0.287,-0.1481,1.0003,175,4.488,76.57,135.13,44.27
69,2.306,-5.767,0.11,-0.1318,1.0005,180,4.585,77.09,135.08,44.28
70,2.339,-5.879,0.063,-0.1292,1.0007,184,4.546,76.12,135.06,44.28
71,2.373,-6.081,0.008,-0.146,1.0008,179,4.626,74.51,135.06,44.28
72,2.406,-6.128,0.064,-0.1508,1.0008,182,4.674,74.89,135.06,44.31
73,2.439,-6.192,0.075,-0.1645,1.0009,185,4.632,73.83,135.12,44.36
74,2.473,-6.164,-0.064,-0.1533,1.0009,179,4.618,71.75,135.13,44.35
75,2.506,-6.173,-0.302,-0.1532,1.0012,183,4.783,73.89,135.08,44.45
76,2.54,-6.031,-0.335,-0.1477,1.0014,169,4.629,72.54,134.94,44.48
77,2.573,-5.719,-0.399,-0.1245,1.0011,176,4.662,72.65,134.75,44.53
78,2.606,-5.663,-0.502,-0.1416,1.0014,169,4.493,72.56,134.56,44.56
79,2.64,-5.368,-0.477,-0.1262,1.001,166,4.442,74.08,134.42,44.58
80,2.673,-5.316,-0.366,-0.1426,1.001,178,4.405,77.19,134.29,44.63
81,2.707,-4.954,-0.482,-0.1269,1.0013,172,4.192,79.86,134.06,44.63
82,2.74,-4.896,-0.588,-0.1168,1.0014,171,4.3,80.3,133.76,44.71
83,2.774,-4.784,-0.595,-0.1166,1.0013,185,4.234,82.21,133.57,44.79
84,2.807,-4.97,-0.55,-0.1495,1.0015,191,4.284,84.46,133.34,44.85
85,2.84,-4.827,-0.435,-0.1373,1.0011,183,4.439,83.29,133.19,44.98
86,2.874,-5.056,-0.696,-0.1415,1.0016,185,4.54,85.29,132.93,45.03
87,2.907,-4.957,-0.535,-0.1285,1.0012,189,4.743,87.51,132.67,45.04
88,2.941,-5.057,-0.734,-0.1373,1.0016,182,4.904,87.47,132.49,45.13
89,2.974,-5.398,-0.887,-0.151,1.0023,192,5.058,93.51,132.16,45.13
90,3.007,-5.523,-1.009,-0.1416,1.0026,196,5.408,93.88,132.0,45.28
91,3.041,-5.616,-0.97,-0.148,1.0026,195,5.381,96.66,131.61,45.23
92,3.074,-5.654,-0.723,-0.1597,1.0023,192,5.475,93.43,131.29,45.18
93,3.108,-5.755,-0.735,-0.1496,1.0026,200,5.559,93.15,131.21,45.23
94,3.141,-5.891,-0.578,-0.1635,1.0022,193,5.739,100.24,131.21,45.22
95,3.174,-5.793,-0.693,-0.1504,1.0024,202,5.755,106.58,131.33,45.23
96,3.208,-5.871,-0.669,-0.1583,1.0023,210,5.702,105.32,131.41,45.2
97,3.241,-5.998,-0.632,-0.1416,1.0025,204,6.014,98.88,131.87,45.52
98,3.275,-6.393,-0.785,-0.1847,1.0027,233,5.732,102.13,131.95,45.46
99,3.308,-6.041,-0.612,-0.1581,1.0023,236,5.615,115.99,131.96,45.38
100,3.342,-6.141,-0.631,-0.1479,1.0025,242,5.62,126.0,131.99,45.27
101,3.375,-6.218,-0.736,-0.1511,1.0027,232,5.663,126.99,132.12,45.31
102,3.408,-6.315,-0.511,-0.1604,1.0025,231,5.724,149.99,132.49,45.54
103,3.442,-6.227,-0.189,-0.1639,1.0021,233,5.522,169.8,132.67,45.62
104,3.475,-6.21,-0.259,-0.1597,1.0022,222,5.541,165.52,132.8,45.73
105,3.509,-6.372,-0.779,-0.1604,1.0033,217,5.53,163.82,132.93,45.95
106,3.542,-6.473,-0.502,-0.1632,1.0027,239,5.599,172.46,133.03,46.2
107,3.575,-6.437,-1.048,-0.1574,1.0038,219,5.648,183.48,133.14,46.57
108,3.609,-6.419,-0.618,-0.1597,1.0032,221,5.657,184.24,133.02,46.91
109,3.642,-7.15,-1.235,-0.2225,1.0049,226,5.565,172.4,133.11,47.18
110,3.676,-6.874,-0.76,-0.2,1.0043,210,5.419,154.84,133.05,47.33
111,3.709,-6.603,-0.773,-0.1637,1.0044,218,5.189,134.54,133.27,47.43
112,3.743,-7.343,-0.849,-0.247,1.0048,194,5.221,107.91,133.59,47.54
113,3.776,-6.74,-0.182,-0.185,1.0037,210,5.11,96.81,134.01,47.67
114,3.809,-6.686,-0.047,-0.1811,1.0033,269,5.201,88.75,134.57,47.74
115,3.843,-7.007,-0.186,-0.2083,1.0036,237,5.202,79.01,135.13,47.74
116,3.876,-7.027,0.212,-0.202,1.0033,248,5.266,74.33,135.74,47.66
117,3.91,-6.881,0.339,-0.2155,1.0027,254,5.248,60.89,136.42,47.55
118,3.943,-6.825,0.498,-0.2013,1.0025,212,5.094,46.23,137.17,47.51
119,3.976,-6.997,0.307,-0.1841,1.0029,250,5.323,41.93,138.14,47.56
120,4.01,-6.801,0.8,-0.1908,1.0019,222,5.402,46.66,138.63,47.82
121,4.043,-7.099,-0.016,-0.162,1.0033,183,6.3,57.41,139.04,48.27
122,4.077,-7.01,0.106,-0.1519,1.0024,223,5.6,55.46,139.9,48.17
123,4.11,-7.083,0.857,-0.1976,1.0016,236,5.771,55.39,140.51,48.04
124,4.144,-7.261,0.817,-0.2252,1.0014,195,6.057,56.01,140.59,47.95
125,4.177,-7.014,0.716,-0.2046,1.0015,200,5.967,56.43,140.99,47.81
126,4.21,-7.261,0.392,-0.1954,1.0021,243,6.205,60.02,141.2,47.59
127,4.244,-6.297,0.857,-0.1619,1.0005,203,6.349,63.33,141.15,47.38
128,4.277,-7.199,1.133,-0.2129,1.0011,205,6.228,70.2,141.3,47.08
129,4.311,-7.399,1.243,-0.2405,1.0009,195,6.173,71.09,141.64,46.71
130,4.344,-7.404,1.17,-0.2265,1.001,153,6.318,67.25,141.66,46.2
131,4.377,-6.908,1.612,-0.2318,0.9999,178,6.157,64.56,141.83,45.73
132,4.411,-6.927,1.471,-0.2203,0.9999,203,6.02,61.73,141.99,45.36
133,4.444,-6.801,1.563,-0.227,0.9997,210,6.061,64.11,142.0,44.81
134,4.478,-6.299,1.478,-0.1977,0.9994,263,5.64,66.25,142.48,44.37
135,4.511,-4.964,0.559,-0.0504,0.9989,224,5.596,75.64,142.9,43.93
136,4.545,-6.063,1.146,-0.1637,0.9995,254,5.659,81.78,143.37,43.49
137,4.578,-6.74,1.507,-0.235,0.9996,243,5.762,88.94,143.42,43.25
138,4.611,-5.681,0.893,-0.1193,0.9996,166,5.782,91.27,143.3,42.96
139,4.645,-5.927,0.892,-0.1357,1.0,209,5.766,89.86,143.14,42.86
140,4.678,-6.453,1.721,-0.2351,0.999,165,5.93,93.21,142.61,42.9
141,4.712,-6.202,2.051,-0.2454,0.9982,162,5.996,92.76,142.01,43.0
142,4.745,-6.344,1.976,-0.2397,0.9984,153,6.34,90.32,141.06,43.28
143,4.778,-6.406,1.806,-0.2379,0.9989,151,6.698,89.29,139.43,43.65
144,4.812,-5.753,1.684,-0.1922,0.9981,169,6.168,89.66,138.61,43.97
145,4.845,-5.908,2.074,-0.2383,0.9979,181,6.284,93.98,137.55,44.25
146,4.879,-6.091,2.273,-0.2627,0.998,187,6.36,96.26,136.48,44.35
147,4.912,-6.003,2.636,-0.285,0.9972,197,6.813,100.78,134.97,44.71
148,4.946,-5.933,2.23,-0.2539,0.9978,178,6.827,107.45,133.59,44.9
149,4.979,-5.489,2.224,-0.2219,0.9969,181,6.801,116.87,132.43,45.05
150,5.012,-5.943,2.415,-0.2748,0.9976,185,6.92,135.31,131.36,45.28
151,5.046,-5.884,2.276,-0.2735,0.9977,206,6.887,136.29,130.59,45.47
152,5.079,-5.84,2.832,-0.3176,0.997,192,6.943,132.85,129.78,45.46
153,5.113,-5.438,1.741,-0.2047,0.9981,199,7.22,139.91,129.18,45.54
154,5.146,-5.415,2.138,-0.2364,0.9971,143,7.203,138.28,128.66,45.55
155,5.179,-5.453,2.163,-0.2353,0.9971,138,7.429,133.94,127.85,45.63
156,5.213,-5.569,2.135,-0.254,0.9974,146,7.352,129.59,126.99,45.64
157,5.246,-5.385,1.94,-0.2153,0.9971,140,7.408,137.17,126.14,45.56
158,5.28,-5.384,2.239,-0.2479,0.9969,156,7.382,138.05,125.34,45.56
159,5.313,-5.367,1.747,-0.2048,0.9975,150,7.297,140.82,124.77,45.48
160,5.347,-5.453,1.951,-0.2322,0.9975,150,7.13,131.48,124.13,45.38
161,5.38,-5.664,1.829,-0.2384,0.998,154,7.244,123.54,123.46,45.17
162,5.413,-5.651,1.728,-0.2299,0.9981,159,7.403,121.27,122.31,45.09
163,5.447,-5.519,1.882,-0.2439,0.9976,156,7.296,115.02,121.42,44.91
164,5.48,-5.58,1.627,-0.2285,0.9981,161,6.995,115.62,120.77,44.66
165,5.514,-5.625,1.578,-0.2323,0.9982,164,7.027,118.06,120.2,44.52
166,5.547,-5.547,1.296,-0.1966,0.9985,167,7.154,118.93,119.71,44.37
167,5.58,-5.832,1.282,-0.2254,0.9989,167,7.131,114.04,119.46,44.23
168,5.614,-5.695,1.319,-0.2116,0.9988,174,6.804,110.65,119.3,44.04
169,5.647,-5.656,0.998,-0.1872,0.9993,173,7.021,107.87,119.15,43.92
170,5.681,-5.705,1.207,-0.2079,0.999,171,6.911,111.81,118.8,43.66
171,5.714,-5.617,1.023,-0.1957,0.9992,171,6.793,112.12,118.52,43.48
172,5.747,-5.545,1.108,-0.2008,0.9992,168,6.613,108.65,118.44,43.35
173,5.781,-5.377,1.137,-0.1922,0.9989,153,6.605,108.6,118.18,43.17
174,5.814,-5.584,1.07,-0.1997,0.9993,156,6.614,114.73,117.94,42.97
175,5.848,-5.363,0.696,-0.1571,0.9996,146,6.604,120.38,117.65,42.84
176,5.881,-5.332,0.878,-0.1894,0.9995,151,6.447,119.3,117.47,42.77
177,5.915,-5.278,0.809,-0.1701,0.9997,168,6.415,122.35,117.26,42.67
178,5.948,-5.302,0.787,-0.1714,0.9998,163,6.43,129.14,117.15,42.59
179,5.981,-5.301,0.699,-0.167,0.9999,163,6.445,133.42,116.95,42.42
180,6.015,-5.338,0.566,-0.1619,1.0002,168,6.482,137.11,116.99,42.34
181,6.048,-5.291,0.626,-0.1688,1.0002,157,7.168,153.12,116.64,42.32
182,6.082,-5.317,0.461,-0.1505,1.0003,153,6.38,147.79,116.6,42.3
183,6.115,-5.304,0.321,-0.1389,1.0008,153,6.384,152.23,116.57,42.26
184,6.148,-5.308,0.454,-0.154,1.0006,156,6.294,155.74,116.59,42.18
185,6.182,-5.289,0.773,-0.2075,1.0006,155,5.948,142.5,116.44,42.18
186,6.215,-5.333,0.332,-0.1548,1.0011,168,6.11,144.53,116.6,42.12
187,6.249,-5.364,0.183,-0.147,1.0012,160,6.187,147.27,116.54,42.02
188,6.282,-5.321,0.083,-0.1356,1.0013,165,6.121,147.27,116.63,41.96
189,6.316,-5.36,-0.053,-0.136,1.0017,164,5.962,144.49,116.75,41.94
190,6.349,-5.462,-0.034,-0.1425,1.0018,157,5.947,145.25,116.86,41.93
191,6.382,-5.425,-0.079,-0.1411,1.0018,144,5.929,171.39,116.78,41.92
192,6.416,-5.528,-0.09,-0.1554,1.002,132,5.93,201.5,116.83,41.91
193,6.449,-5.34,-0.13,-0.1327,1.0018,147,5.726,198.88,116.99,41.85
194,6.483,-5.367,-0.029,-0.1508,1.0017,152,5.594,155.16,117.34,41.82
195,6.516,-5.421,-0.085,-0.1439,1.0019,145,5.577,179.02,117.39,41.63
196,6.549,-5.714,-0.25,-0.1667,1.0024,149,5.694,178.67,117.45,41.51
197,6.583,-5.664,-0.306,-0.154,1.0026,155,5.606,169.52,117.57,41.44
198,6.616,-5.834,-0.268,-0.1662,1.0027,147,5.67,159.94,117.65,41.41
199,6.65,-6.018,-0.22,-0.1926,1.0028,150,5.64,148.79,117.88,41.33
200,6.683,-6.031,-0.131,-0.1924,1.0027,141,5.737,149.45,118.07,41.26
201,6.717,-6.066,0.023,-0.2098,1.0026,134,5.594,145.81,118.06,41.17
202,6.75,-6.169,-0.035,-0.2082,1.0029,133,5.653,149.21,118.07,41.1
203,6.783,-6.256,-0.119,-0.2175,1.0032,128,5.661,147.35,117.96,40.98
204,6.817,-6.267,-0.04,-0.2306,1.0031,136,5.57,160.8,117.9,40.88
205,6.85,-6.269,-0.173,-0.2118,1.0035,137,5.521,143.75,118.03,40.72
206,6.884,-6.371,-0.008,-0.2395,1.0033,135,5.568,135.0,118.21,40.54
207,6.917,-6.333,0.115,-0.2414,1.0032,144,5.436,133.95,118.24,40.44
208,6.95,-6.203,0.033,-0.2435,1.0035,137,5.735,141.05,118.5,40.21
209,6.984,-6.137,-0.126,-0.2455,1.0039,129,5.502,137.27,119.02,40.06
210,7.017,-5.663,-0.174,-0.2004,1.0036,137,5.329,136.53,119.21,39.85
211,7.051,-5.4,-0.067,-0.2001,1.0033,142,4.938,133.01,119.25,39.68
212,7.084,-5.429,-0.196,-0.204,1.0037,128,4.768,131.03,119.3,39.61
213,7.118,-5.194,-0.164,-0.1926,1.0035,135,4.471,122.57,119.56,39.6
214,7.151,-4.986,-0.007,-0.1657,1.0029,139,4.967,120.77,120.58,39.45
215,7.184,-5.213,-0.315,-0.1585,1.0036,141,4.67,116.01,120.37,39.22
216,7.218,-5.194,-0.186,-0.1693,1.0032,140,4.651,114.92,120.78,39.04
217,7.251,-5.128,-0.287,-0.1355,1.0033,139,4.612,110.64,120.86,38.85
218,7.285,-5.306,-0.294,-0.1558,1.0037,140,4.662,106.38,121.47,38.7
219,7.318,-5.593,-0.433,-0.1641,1.004,139,4.631,105.86,121.17,38.48
220,7.351,-5.377,-0.345,-0.1427,1.0033,140,4.576,100.54,120.89,38.32
221,7.385,-5.455,-0.231,-0.1412,1.0033,138,4.377,95.69,120.73,38.15
222,7.418,-5.626,-0.183,-0.1528,1.0031,146,4.575,87.25,121.08,37.96
223,7.452,-5.86,-0.23,-0.1669,1.0033,145,4.656,89.79,120.84,37.56
224,7.485,-5.79,-0.287,-0.1375,1.003,149,4.603,94.85,121.1,37.3
225,7.519,-5.783,-0.24,-0.139,1.0029,148,4.9,93.24,121.97,37.0
226,7.552,-5.915,-0.218,-0.1496,1.0031,135,5.078,88.69,123.18,36.79
227,7.585,-5.809,-0.154,-0.1385,1.0027,138,4.35,83.88,123.54,36.66
228,7.619,-5.951,-0.135,-0.138,1.0028,141,4.592,80.76,124.14,36.45
229,7.652,-6.079,-0.073,-0.1478,1.0028,138,4.435,84.83,124.19,36.35
230,7.686,-6.192,-0.345,-0.1434,1.0034,129,4.291,86.55,123.96,36.21
231,7.719,-6.136,-0.111,-0.1513,1.0026,133,4.29,77.88,123.83,36.12
232,7.752,-6.087,-0.142,-0.1261,1.0027,119,4.293,75.33,123.9,36.14
233,7.786,-6.343,0.04,-0.1555,1.0021,128,4.113,78.03,123.65,36.02
234,7.819,-6.48,-0.176,-0.1549,1.0025,117,4.299,84.49,123.87,35.9
235,7.853,-6.349,-0.023,-0.1442,1.002,115,4.342,85.4,124.5,35.78
236,7.886,-6.591,-0.138,-0.1701,1.0028,106,4.365,83.6,125.03,35.67
237,7.92,-6.644,-0.209,-0.1731,1.0031,102,4.468,79.67,125.69,35.44
238,7.953,-6.788,0.356,-0.1697,1.0015,106,4.612,76.49,126.59,35.19
239,7.986,-6.715,-0.068,-0.1232,1.0023,79,3.893,73.03,126.48,34.94
240,8.02,-6.922,0.134,-0.166,1.0021,79,4.758,74.28,126.68,34.82
241,8.053,-7.261,0.175,-0.1921,1.002,79,3.838,66.66,126.86,34.7
242,8.087,-7.382,0.411,-0.2178,1.0017,78,3.733,62.58,126.62,34.5
243,8.12,-7.512,0.697,-0.2176,1.0012,67,3.742,59.27,126.39,34.22
244,8.153,-7.584,0.675,-0.2092,1.0014,68,4.137,53.57,127.16,33.84
245,8.187,-7.419,0.599,-0.1505,1.0014,49,3.867,50.34,127.54,33.35
246,8.22,-7.51,0.657,-0.1709,1.0011,57,4.09,47.96,128.45,32.86
247,8.254,-8.119,0.502,-0.2499,1.0017,50,3.91,49.39,128.77,32.39
248,8.287,-8.375,0.183,-0.2992,1.0026,45,3.756,44.95,129.09,31.74
249,8.321,-7.48,0.679,-0.1796,1.0017,55,3.21,44.12,129.05,31.21
250,8.354,-7.26,0.785,-0.1484,1.001,50,3.248,40.87,129.24,30.58
251,8.387,-7.395,0.624,-0.1621,1.0015,44,3.746,46.67,130.04,30.04
252,8.421,-7.372,0.989,-0.172,1.0004,41,3.167,43.62,130.34,29.5
253,8.454,-7.844,1.664,-0.2606,1.0004,54,3.018,39.82,130.54,29.01
254,8.488,-7.42,1.411,-0.1908,0.9997,60,3.023,35.59,131.03,28.52
255,8.521,-8.086,2.124,-0.2899,0.9996,63,2.972,33.5,131.72,27.91
256,8.554,-7.961,2.661,-0.3078,0.9984,54,2.653,29.62,132.08,27.48
257,8.588,-8.896,1.843,-0.2975,1.0013,58,2.416,29.04,132.3,27.17
258,8.621,-7.046,3.791,-0.3438,0.9957,69,2.134,28.28,132.47,26.94
259,8.655,-7.09,3.569,-0.3272,0.9956,71,2.02,26.39,132.61,26.72
260,8.688,-8.111,3.403,-0.362,0.9965,70,1.927,24.89,132.83,26.49
261,8.721,-7.559,3.934,-0.3618,0.9947,84,1.913,24.47,133.01,26.21
262,8.755,-8.474,3.955,-0.4123,0.9956,80,2.829,22.83,134.64,26.28
263,8.788,-8.74,4.144,-0.4287,0.9952,96,1.816,19.28,135.11,26.05
264,8.822,-8.657,5.017,-0.4981,0.9938,83,2.384,18.39,136.29,25.91
265,8.855,-9.092,3.592,-0.4063,0.9955,86,2.492,17.32,137.43,26.07
266,8.889,-8.535,4.458,-0.4328,0.9936,101,2.386,16.93,138.13,26.45
267,8.922,-8.052,3.312,-0.315,0.9938,85,2.347,15.79,138.62,26.87
268,8.955,-8.764,3.439,-0.3722,0.9947,105,2.549,15.98,139.02,27.48
269,8.989,-8.533,3.294,-0.3425,0.9944,99,2.337,17.34,138.68,28.07
270,9.022,-8.736,3.197,-0.3537,0.9945,108,2.671,18.15,138.21,28.66
271,9.056,-8.876,2.954,-0.3902,0.9959,105,2.755,21.54,137.82,29.08
272,9.089,-8.731,3.33,-0.3315,0.9942,96,3.593,23.45,137.56,29.7
273,9.122,-8.941,3.161,-0.3196,0.9945,108,4.371,25.57,136.62,30.32
274,9.156,-9.089,3.386,-0.3287,0.9942,119,4.824,27.16,136.3,31.48
275,9.189,-9.394,2.876,-0.3086,0.9954,125,5.483,27.82,136.18,33.0
276,9.223,-9.335,3.298,-0.3448,0.9946,135,6.153,29.53,136.66,34.73
277,9.256,-9.315,3.023,-0.3141,0.9954,122,6.461,29.28,136.91,36.55
278,9.29,-9.23,2.88,-0.3009,0.9953,147,7.229,30.9,137.53,38.67
279,9.323,-9.654,2.456,-0.3075,0.9962,134,8.286,38.25,139.04,41.3
280,9.356,-8.694,2.909,-0.285,0.9945,149,8.01,43.73,138.64,43.71
281,9.39,-9.08,2.8,-0.2927,0.9953,159,8.375,48.22,137.78,45.89
282,9.423,-9.435,2.242,-0.2883,0.9967,137,9.833,51.97,135.04,47.73
283,9.457,-8.843,2.454,-0.2372,0.995,151,9.272,55.08,133.09,49.48
284,9.49,-9.613,2.808,-0.3052,0.9957,163,9.305,57.84,131.82,50.52
285,9.523,-9.955,2.474,-0.2967,0.9961,178,10.131,63.13,129.79,51.43
286,9.557,-10.34,2.53,-0.313,0.9966,187,10.583,65.25,127.35,51.81
287,9.59,-10.002,2.476,-0.2655,0.9962,110,10.619,63.38,124.73,52.03
288,9.624,-10.328,2.215,-0.2671,0.9968,116,10.393,63.11,122.47,52.22
289,9.657,-10.47,2.16,-0.2816,0.9971,117,10.149,63.85,120.47,52.46
290,9.691,-10.412,2.585,-0.3038,0.9969,118,9.932,60.93,118.6,52.71
291,9.724,-10.465,1.951,-0.2818,0.9978,110,9.934,60.51,116.97,52.9
292,9.757,-10.199,2.042,-0.2643,0.9971,120,9.843,59.95,115.56,53.25
293,9.791,-10.318,1.795,-0.2768,0.998,122,9.666,60.21,114.38,53.57
294,9.824,-10.051,1.291,-0.2516,0.9988,114,9.31,59.37,113.02,53.82
295,9.858,-9.877,1.368,-0.2405,0.9986,132,9.204,60.06,111.93,54.03
296,9.891,-9.575,1.324,-0.2342,0.9985,128,8.904,58.47,110.88,54.01
297,9.924,-9.373,1.128,-0.2391,0.9989,124,8.684,59.07,110.03,54.06
298,9.958,-9.024,1.065,-0.2129,0.9987,127,8.561,61.29,109.47,54.08
299,9.991,-9.744,0.357,-0.2576,1.0001,87,9.449,62.98,110.38,53.36
300,10.025,-8.425,1.422,-0.2204,0.9977,102,7.505,76.61,109.2,53.54
301,10.058,-8.159,1.383,-0.222,0.9976,98,7.368,73.38,108.21,53.62
302,10.092,-8.41,0.472,-0.2256,0.9996,90,7.19,70.81,107.62,53.36
303,10.125,-7.672,1.082,-0.1998,0.9979,97,7.211,73.86,107.25,53.29
304,10.158,-7.461,1.108,-0.1986,0.9975,99,6.974,87.84,106.61,52.97
305,10.192,-7.495,0.769,-0.2093,0.9982,93,7.389,102.58,106.88,52.19
306,10.225,-6.994,0.704,-0.163,0.9979,101,6.657,104.16,106.21,52.16
307,10.259,-7.026,0.475,-0.1911,0.9986,97,6.564,100.8,105.79,52.14
308,10.292,-6.657,0.898,-0.1671,0.9977,95,6.636,100.31,105.63,51.98
309,10.325,-6.742,0.827,-0.1732,0.9981,85,6.661,97.81,105.71,51.14
310,10.359,-6.516,0.988,-0.1626,0.9978,80,6.286,110.19,105.38,50.86
311,10.392,-6.395,1.277,-0.1582,0.9968,88,6.239,99.32,105.17,50.6
312,10.426,-6.264,0.982,-0.1694,0.9979,87,6.278,93.57,105.3,50.71
313,10.459,-5.965,1.103,-0.1462,0.9973,88,5.887,86.28,105.08,50.65
314,10.493,-6.076,1.513,-0.1626,0.9967,85,5.997,86.54,104.39,50.51
315,10.526,-6.134,1.148,-0.1627,0.9974,79,5.812,84.46,103.87,50.06
316,10.559,-6.219,1.173,-0.1651,0.9975,85,5.867,78.48,103.53,49.38
317,10.593,-6.461,1.117,-0.1779,0.9976,91,5.972,79.56,103.01,48.92
318,10.626,-6.26,1.158,-0.1574,0.9973,88,5.917,77.63,102.55,48.75
319,10.66,-6.549,0.915,-0.1689,0.998,80,5.954,73.48,102.34,48.6
320,10.693,-6.601,1.055,-0.1587,0.9976,74,6.364,71.31,102.63,48.04
321,10.726,-6.697,1.013,-0.155,0.9976,74,6.139,71.87,102.4,47.72
322,10.76,-6.837,1.226,-0.1715,0.997,84,6.346,73.07,102.01,47.52
323,10.793,-7.205,1.12,-0.1858,0.9973,84,6.584,75.25,101.7,47.4
324,10.827,-7.431,0.59,-0.1892,0.9988,72,6.835,74.67,101.49,47.31
325,10.86,-7.256,1.496,-0.1976,0.9956,76,7.028,76.85,101.38,47.29
326,10.894,-7.739,1.585,-0.214,0.9966,74,7.423,77.77,101.32,47.35
327,10.927,-8.498,0.577,-0.2609,0.9997,66,7.794,79.02,101.43,47.48
328,10.96,-8.445,1.196,-0.2366,0.9977,88,8.159,80.53,102.12,47.85
329,10.994,-9.039,1.47,-0.2591,0.9976,88,8.745,82.24,102.85,48.35
330,11.027,-9.232,1.378,-0.2397,0.9974,90,9.47,92.49,104.16,49.28
331,11.061,-9.686,1.673,-0.2816,0.9974,72,9.949,95.75,105.69,50.76
332,11.094,-9.477,1.623,-0.2511,0.996,68,10.737,89.24,107.84,52.58
333,11.127,-10.145,2.068,-0.288,0.9956,70,11.15,84.55,110.1,54.25
334,11.161,-10.14,4.006,-0.3392,0.9938,81,11.246,81.08,112.09,55.47
335,11.194,-9.828,4.142,-0.3206,0.9934,72,11.156,75.64,113.23,56.15
336,11.228,-11.426,4.454,-0.4332,0.9947,70,11.441,74.67,114.02,56.42
337,11.261,-11.003,2.041,-0.3199,0.9967,85,11.657,71.64,114.17,55.97
338,11.295,-11.429,1.861,-0.3429,0.9972,85,11.848,73.86,113.98,55.16
339,11.328,-10.484,4.344,-0.3772,0.9936,102,11.826,76.62,113.69,54.34
340,11.361,-10.554,4.422,-0.3891,0.9937,103,11.801,77.91,113.3,53.45
341,11.395,-11.227,3.84,-0.4223,0.9949,102,11.593,73.08,112.88,53.04
342,11.428,-10.398,3.893,-0.3687,0.9943,121,11.242,65.5,113.07,52.63
343,11.462,-9.851,4.668,-0.3833,0.993,114,10.842,62.04,113.49,52.42
344,11.495,-12.089,2.25,-0.4297,0.998,99,10.465,56.79,113.91,52.42
345,11.528,-11.332,1.753,-0.3793,0.9977,98,9.993,53.8,114.63,52.48
346,11.562,-12.023,2.096,-0.4546,0.998,95,9.523,50.34,115.14,52.44
347,11.595,-9.332,3.939,-0.3646,0.9943,95,9.144,49.31,115.83,52.67
348,11.629,-9.445,3.4,-0.3492,0.9953,100,8.783,47.04,116.6,52.89
349,11.662,-9.029,3.801,-0.3412,0.9941,88,8.366,43.46,117.19,52.99
350,11.695,-9.032,3.277,-0.3241,0.9947,99,8.263,45.57,118.16,53.27
351,11.729,-8.959,3.675,-0.3366,0.9943,89,8.231,53.48,118.76,53.84
352,11.762,-9.162,2.621,-0.3137,0.996,93,7.77,52.89,119.93,54.08
353,11.796,-9.387,2.189,-0.306,0.9969,98,7.761,51.13,120.95,54.37
354,11.829,-9.554,3.507,-0.3627,0.9953,79,7.816,52.82,121.73,54.75
355,11.863,-9.211,2.613,-0.3004,0.9964,85,7.763,53.71,122.54,54.89
356,11.896,-9.34,2.625,-0.2986,0.9964,92,8.013,52.21,123.29,55.32
357,11.929,-9.45,2.336,-0.29,0.9971,85,7.833,48.51,124.01,55.47
358,11.963,-9.613,1.922,-0.273,0.9979,85,7.693,49.99,124.96,55.34
359,11.996,-9.335,2.227,-0.2738,0.9974,82,8.379,53.56,125.63,55.57
360,12.03,-9.265,1.902,-0.2449,0.9979,87,7.539,57.81,126.72,55.48
361,12.063,-9.228,1.942,-0.252,0.998,84,7.524,52.51,128.0,55.27
362,12.096,-9.225,1.826,-0.2354,0.9982,85,7.68,50.8,129.32,55.08
363,12.13,-9.285,1.646,-0.2442,0.9987,85,7.647,49.58,130.15,55.01
364,12.163,-9.228,1.357,-0.232,0.9992,85,7.761,49.84,131.67,54.85
365,12.197,-9.09,1.364,-0.2353,0.9993,89,7.529,48.24,132.45,54.41
366,12.23,-8.889,1.072,-0.2199,0.9998,90,7.213,46.47,133.53,53.86
367,12.264,-8.582,1.226,-0.2122,0.9995,87,7.162,44.98,134.59,53.3
368,12.297,-8.128,1.065,-0.1925,0.9997,90,7.092,44.27,135.13,52.77
369,12.33,-8.119,0.853,-0.2112,1.0002,89,6.777,43.63,135.75,52.18
370,12.364,-7.44,1.098,-0.1763,0.9997,92,6.518,41.77,136.33,51.57
371,12.397,-7.024,0.564,-0.1642,1.0003,98,6.104,41.21,137.08,51.05
372,12.431,-6.295,0.717,-0.1491,1.0002,97,6.197,41.09,136.83,50.48
373,12.464,-5.708,0.68,-0.1365,1.0001,98,5.25,40.96,137.16,50.01
374,12.497,-5.013,0.527,-0.1233,1.0003,102,4.744,40.91,137.21,49.64
375,12.531,-4.267,0.376,-0.1032,1.0006,96,4.006,43.13,137.37,49.3
376,12.564,-2.843,0.573,-0.061,0.9999,96,3.128,45.02,137.51,49.07
377,12.598,-1.845,0.621,-0.0429,0.9996,96,2.828,49.86,136.78,48.86
378,12.631,-1.027,0.437,-0.0398,0.9997,94,1.237,56.09,136.6,48.84
379,12.665,-0.022,0.397,-0.0134,0.9997,100,0.307,59.53,136.47,48.86
380,12.698,0.974,0.62,0.0136,0.9992,91,1.458,67.39,135.88,48.91
381,12.731,1.718,0.471,0.0361,0.9991,100,1.764,68.47,135.55,49.07
382,12.765,2.24,0.742,0.0419,0.9988,103,2.449,68.78,135.15,49.26
383,12.798,2.58,0.537,0.0412,0.999,98,3.07,67.03,134.53,49.43
384,12.832,3.03,0.436,0.0507,0.9991,99,3.626,61.24,133.68,49.77
385,12.865,4.056,0.571,0.0827,0.9987,97,5.291,58.2,131.38,50.09
386,12.898,4.505,0.644,0.0828,0.9987,102,4.58,54.7,130.37,50.53
387,12.932,5.14,0.509,0.1046,0.9988,105,5.566,54.01,128.53,51.04
388,12.965,5.427,0.546,0.0906,0.9987,105,6.28,53.84,126.84,51.44
389,12.999,5.718,0.669,0.102,0.9988,104,5.885,52.87,125.18,51.73
390,13.032,6.052,0.55,0.1081,0.9988,96,6.099,50.25,123.43,52.1
391,13.066,6.424,0.585,0.1167,0.999,101,6.78,50.21,121.97,52.57
392,13.099,6.684,0.687,0.1121,0.999,99,6.438,50.44,120.72,52.93
393,13.132,7.032,0.333,0.1241,0.9995,94,6.487,49.46,119.65,53.44
394,13.166,7.382,0.574,0.1236,0.9992,96,6.986,50.08,118.71,53.96
395,13.199,7.784,0.726,0.1427,0.9989,95,6.898,50.01,117.52,54.33
396,13.233,8.147,0.807,0.1464,0.9987,97,6.939,49.71,116.31,54.71
397,13.266,8.401,0.677,0.1476,0.999,96,7.317,50.86,115.48,55.25
398,13.299,8.251,-0.046,0.1408,1.0002,101,7.543,51.14,114.09,55.49
399,13.333,9.173,0.285,0.1821,0.9993,96,7.633,51.6,112.35,55.67
400,13.366,9.23,0.127,0.174,0.9998,94,7.616,55.5,110.68,55.97
401,13.4,9.255,0.343,0.1705,0.9998,102,7.814,54.29,109.52,56.16
402,13.433,9.524,0.29,0.1793,0.9997,97,7.891,50.48,108.01,56.22
403,13.467,9.912,0.254,0.1982,0.9996,91,7.792,49.75,106.98,56.29
404,13.5,9.898,0.182,0.1891,1.0001,95,8.143,51.53,105.9,56.24
405,13.533,10.089,-0.129,0.2085,1.0003,98,8.124,52.4,104.49,56.05
406,13.567,10.297,-0.025,0.2053,0.9999,94,8.021,51.72,103.46,55.93
407,13.6,10.418,-0.348,0.2242,1.0006,94,8.351,53.77,102.82,55.82
408,13.634,10.342,-0.838,0.2206,1.0014,90,8.739,48.07,102.25,55.39
409,13.667,11.024,-0.798,0.2457,1.001,92,8.586,46.8,101.17,55.3
410,13.7,11.199,-1.283,0.2551,1.0016,90,8.916,46.82,100.24,54.66
411,13.734,11.338,-1.466,0.2632,1.0018,91,9.646,46.48,99.82,54.14
412,13.767,11.129,-1.999,0.2572,1.003,100,10.007,48.89,99.42,53.76
413,13.801,13.986,-0.446,0.36,0.9989,100,10.476,51.62,99.25,53.24
414,13.834,14.821,-1.501,0.4361,1.0,117,11.332,53.84,99.74,53.28
415,13.868,14.742,-2.806,0.4602,1.0019,112,12.022,58.34,100.74,53.27
416,13.901,13.596,-2.654,0.3658,1.0025,107,12.639,62.16,101.78,54.36
417,13.934,16.199,-1.054,0.4608,0.9987,98,13.325,59.78,102.43,55.56
418,13.968,13.476,-3.776,0.3735,1.0044,94,14.027,57.38,102.65,56.41
419,14.001,14.475,-3.81,0.4155,1.004,83,15.831,59.22,103.82,57.58
420,14.035,15.694,-3.648,0.4636,1.0028,83,15.647,60.25,104.27,57.62
421,14.068,15.384,-2.63,0.3947,1.0025,73,16.246,57.91,104.66,57.67
422,14.101,16.414,-4.209,0.5233,1.0034,51,16.084,56.65,105.25,57.86
423,14.135,16.493,-1.634,0.4167,1.0007,53,15.573,54.89,105.53,57.3
424,14.168,17.731,-0.284,0.4755,0.9969,51,14.997,52.35,105.75,56.16
425,14.202,17.404,-0.59,0.3944,0.996,54,14.624,52.31,106.25,54.49
426,14.235,17.664,-0.878,0.432,0.9965,53,13.554,51.24,105.49,52.89
427,14.269,17.841,-0.79,0.4293,0.9965,59,12.703,51.97,105.66,52.02
428,14.302,18.277,-0.943,0.4514,0.9963,56,12.036,49.44,106.28,51.45
429,14.335,18.545,-0.617,0.4729,0.9957,62,11.435,45.15,107.53,50.98
430,14.369,18.296,-1.38,0.4487,0.9974,59,11.314,46.25,108.91,49.82
431,14.402,18.708,-1.313,0.4689,0.9972,59,10.777,57.8,110.77,49.4
432,14.436,18.601,-1.715,0.4632,0.998,72,10.934,53.09,113.22,48.49
433,14.469,18.609,-1.508,0.4419,0.998,74,10.746,48.42,115.23,48.15
434,14.502,18.395,-2.861,0.4935,1.0,68,10.651,47.47,117.65,47.55
435,14.536,18.491,-1.898,0.4512,0.9987,72,10.608,46.19,119.69,47.2
436,14.569,18.682,-1.845,0.4689,0.9985,80,10.766,43.96,121.66,46.7
437,14.603,17.79,-3.127,0.4434,1.0017,80,10.889,43.51,124.06,46.44
438,14.636,18.243,-2.969,0.4571,1.0012,86,11.101,41.52,126.03,45.79
439,14.669,18.085,-3.51,0.446,1.0025,92,11.05,39.87,127.85,45.35
440,14.703,17.277,-3.377,0.345,1.0028,87,11.45,38.98,129.72,44.52
441,14.736,17.761,-2.724,0.3026,1.0014,80,11.898,39.28,131.08,43.76
442,14.77,18.882,-3.835,0.5115,1.0024,93,12.201,40.46,132.65,42.95
443,14.803,17.625,-4.9,0.4548,1.0056,98,12.435,40.28,134.72,41.74
444,14.837,17.261,-4.577,0.4108,1.0055,85,12.964,43.68,136.31,40.4
445,14.87,16.955,-5.779,0.4575,1.0073,79,12.43,40.15,137.47,39.3
446,14.903,17.092,-5.431,0.4651,1.007,91,11.536,34.26,137.82,37.51
447,14.937,17.779,-4.946,0.522,1.0053,94,10.784,30.0,137.58,35.71
448,14.97,16.645,-5.248,0.4453,1.0075,95,10.926,28.18,135.69,33.43
449,15.004,17.632,-5.108,0.5105,1.0063,74,9.413,23.11,134.56,31.62
450,15.037,16.774,-6.03,0.499,1.0085,99,8.193,21.5,134.31,29.84
451,15.07,16.314,-5.746,0.4641,1.0085,78,5.957,18.07,135.5,28.43
452,15.104,14.888,-6.307,0.3849,1.0115,81,4.765,15.4,135.6,26.88
453,15.137,16.418,-6.278,0.4906,1.0092,96,3.431,14.32,135.85,25.72
454,15.171,16.365,-6.285,0.5142,1.009,91,2.943,15.64,136.07,25.23
455,15.204,16.603,-5.977,0.5282,1.0086,80,2.91,18.38,135.2,24.91
456,15.238,17.157,-5.006,0.5035,1.0071,75,2.337,17.05,135.21,24.87
457,15.271,17.608,-4.733,0.4714,1.0064,94,2.296,16.44,135.52,24.93
458,15.304,17.386,-5.145,0.5292,1.0073,81,2.501,12.86,135.32,25.28
459,15.338,17.594,-4.544,0.4699,1.0062,78,2.913,9.96,135.28,25.81
460,15.371,19.384,1.64,0.5546,0.9965,71,3.304,8.64,135.0,26.12
461,15.405,17.753,-4.812,0.4707,1.006,77,4.474,8.98,136.23,26.99
462,15.438,16.947,-0.231,0.4093,1.0001,61,5.0,10.86,137.65,27.7
463,15.471,18.589,-3.431,0.6211,1.0042,81,5.339,13.11,138.83,28.68
464,15.505,16.37,0.659,0.4616,0.9995,76,5.883,18.07,139.89,30.04
465,15.538,15.376,0.705,0.4096,0.9993,85,6.571,19.53,141.34,31.92
466,15.572,15.138,-1.968,0.4879,1.0025,100,6.092,24.09,141.88,33.29
467,15.605,14.155,-0.052,0.3998,0.9989,69,6.602,28.02,142.37,34.69
468,15.639,14.108,-1.91,0.4441,1.002,92,6.838,27.16,142.51,36.15
469,15.672,13.464,-1.042,0.3957,1.0005,58,7.466,26.03,141.93,37.87
470,15.705,13.51,-2.353,0.4122,1.0046,52,7.07,30.86,142.43,39.1
471,15.739,13.003,-1.114,0.3936,1.0,78,6.625,32.34,143.5,40.37
472,15.772,12.527,-1.209,0.3884,1.0005,88,6.952,40.79,143.91,41.4
473,15.806,12.177,-1.218,0.3735,1.0002,86,7.472,46.83,144.47,41.99
474,15.839,11.427,-1.696,0.3327,1.0017,99,7.664,51.6,144.69,42.4
475,15.872,11.204,-1.236,0.3542,1.0009,125,7.787,61.0,144.92,42.81
476,15.906,10.629,-0.437,0.3037,0.9993,115,8.0,70.56,145.01,43.15
477,15.939,9.951,-0.383,0.2727,0.9995,125,8.071,75.82,145.07,43.54
478,15.973,9.54,-0.254,0.2861,0.9988,121,8.421,80.92,144.87,43.76
479,16.006,8.615,-0.831,0.2345,1.0007,160,7.415,84.22,145.14,44.04
480,16.04,7.95,-0.755,0.204,1.0004,137,7.551,91.04,145.17,44.12
481,16.073,7.579,-0.11,0.1904,0.9985,126,7.696,93.41,144.72,44.47
482,16.106,6.878,-0.886,0.1585,1.0008,135,8.348,106.77,143.48,44.9
483,16.14,6.61,-1.083,0.1595,1.0012,140,7.901,111.27,142.86,44.92
484,16.173,5.92,-1.651,0.1197,1.0023,143,7.442,118.08,142.89,45.18
485,16.207,5.647,-1.495,0.1051,1.0019,133,8.379,145.49,141.77,45.57
486,16.24,5.421,-1.579,0.0949,1.0023,125,8.205,165.12,140.99,45.76
487,16.273,5.204,-1.797,0.0554,1.003,126,10.501,177.01,139.25,46.82
488,16.307,4.772,-1.633,0.054,1.0029,155,8.15,192.9,139.55,47.26
489,16.34,4.569,-1.955,0.0461,1.0033,162,8.694,209.86,139.03,47.73
490,16.374,4.457,-2.008,0.0472,1.0037,144,9.452,210.47,137.93,47.94
491,16.407,4.105,-2.055,0.0065,1.004,169,9.606,212.02,137.72,48.33
492,16.441,4.006,-2.317,0.0214,1.005,153,9.78,212.87,137.32,48.67
493,16.474,3.885,-2.246,0.0146,1.0043,162,10.009,221.15,136.37,48.85
494,16.507,4.194,-1.918,0.0414,1.0036,160,11.112,239.15,134.92,49.44
495,16.541,4.029,-2.016,0.0446,1.0038,171,11.434,233.04,135.78,49.77
496,16.574,4.168,-1.788,0.0583,1.0026,165,11.716,226.45,135.41,50.01
497,16.608,3.984,-2.217,0.0283,1.0043,204,11.705,234.26,134.82,50.38
498,16.641,4.203,-1.892,0.0637,1.003,206,11.98,225.95,134.55,50.86
499,16.674,3.982,-1.685,0.053,1.0029,201,12.008,222.98,134.69,51.17
500,16.708,3.337,-2.022,-0.0012,1.0048,211,12.715,215.71,132.22,51.89
501,16.741,3.413,-1.448,0.0028,1.0037,230,11.329,206.01,131.97,52.29
502,16.775,3.296,-1.769,0.0226,1.0046,253,11.247,199.58,132.84,52.35
503,16.808,3.374,-1.773,0.0251,1.0044,274,11.082,194.47,132.11,53.05
504,16.842,3.379,-1.262,0.0039,1.0029,255,10.78,184.4,131.96,53.59
505,16.875,3.497,-1.458,0.0286,1.0034,252,11.224,180.63,131.46,53.82
506,16.908,3.394,-1.564,0.0534,1.0034,258,11.449,189.08,129.27,54.92
507,16.942,3.29,-1.304,0.0197,1.0025,256,10.476,190.85,129.01,55.04
508,16.975,2.96,-1.745,0.0334,1.0037,285,10.206,183.22,129.58,55.08
509,17.009,3.003,-1.53,0.0269,1.003,291,10.415,176.94,128.55,55.89
510,17.042,3.103,-1.406,0.0457,1.003,296,9.667,178.65,128.52,56.17
511,17.075,3.066,-1.499,0.0423,1.0031,317,9.735,178.57,128.64,56.33
512,17.109,3.266,-1.258,0.0543,1.0027,304,10.196,182.52,127.54,57.09
513,17.142,3.552,-1.258,0.1168,1.0022,306,9.559,181.6,126.98,57.29
514,17.176,3.378,-1.424,0.1036,1.0028,331,9.373,184.72,127.14,57.21
515,17.209,3.115,-2.358,0.1161,1.005,306,9.546,190.35,126.82,57.49
516,17.242,3.398,-1.351,0.092,1.0027,333,9.32,190.91,127.08,57.46
517,17.276,3.091,-1.713,0.0825,1.0036,325,9.167,189.81,127.58,57.23
518,17.309,3.448,-1.336,0.1329,1.0024,326,9.22,190.31,127.37,57.31
519,17.343,3.204,-1.381,0.1036,1.0027,328,9.022,202.35,127.48,57.18
520,17.376,3.451,-1.437,0.145,1.0026,338,8.986,204.55,127.74,56.96
521,17.41,3.127,-1.463,0.1543,1.0034,329,8.608,198.12,128.28,56.86
522,17.443,2.769,-0.978,0.0734,1.0025,300,7.784,195.4,128.76,56.73
523,17.476,2.431,-1.537,0.1276,1.0035,336,7.46,186.83,129.28,56.53
524,17.51,2.284,-1.756,0.1422,1.0043,347,7.351,200.28,129.47,56.38
525,17.543,2.074,-1.407,0.0783,1.0036,337,7.2,193.18,130.02,56.25
526,17.577,1.838,-1.154,0.0474,1.0033,329,7.029,189.17,130.51,56.04
527,17.61,1.538,-1.589,0.0511,1.0046,326,7.067,184.82,130.63,55.96
528,17.643,1.662,-0.822,0.0191,1.0029,324,6.978,186.53,130.81,55.9
529,17.677,1.518,-0.898,-0.0009,1.0031,333,6.84,190.18,131.14,55.7
530,17.71,1.687,-0.726,0.0368,1.0026,328,6.693,186.02,131.62,55.42
531,17.744,1.735,-1.002,0.083,1.0033,350,6.575,188.08,131.74,55.16
532,17.777,1.444,-1.106,0.0792,1.0035,338,6.417,215.55,131.47,55.03
533,17.811,1.307,-0.752,0.0334,1.0028,347,5.97,208.05,131.85,54.73
534,17.844,1.253,-0.709,0.039,1.0027,346,5.738,190.06,132.24,54.45
535,17.877,1.226,-0.796,0.0534,1.0029,354,5.37,182.82,132.56,54.18
536,17.911,1.397,-0.661,0.0472,1.0021,342,5.381,197.94,132.46,54.08
537,17.944,1.275,-0.672,0.0481,1.0024,354,5.441,224.78,132.22,53.99
538,17.978,1.326,-0.799,0.0708,1.0029,322,6.937,274.02,130.41,53.94
539,18.011,1.174,-1.42,0.1256,1.0039,380,4.514,236.18,130.47,53.81
540,18.044,1.147,-0.895,0.0629,1.0024,353,4.873,224.17,129.98,53.88
541,18.078,1.217,-0.729,0.0606,1.0022,354,5.025,217.14,129.25,54.04
542,18.111,0.941,-0.905,0.0401,1.003,364,4.951,230.95,128.57,54.17
543,18.145,1.087,-0.631,0.0364,1.0019,362,4.6,216.16,128.23,54.11
544,18.178,1.115,-0.548,0.0516,1.0018,368,4.825,205.1,127.33,54.28
545,18.212,1.152,-0.59,0.0801,1.0017,377,4.192,205.25,126.92,54.24
546,18.245,0.969,-0.707,0.0644,1.0023,351,3.779,187.68,127.22,54.07
547,18.278,0.681,-0.572,0.0146,1.0022,365,3.61,173.04,127.67,53.84
548,18.312,0.536,-0.579,0.0078,1.0023,369,3.56,168.85,127.64,53.77
549,18.345,0.44,-0.656,0.0179,1.0027,376,3.483,177.99,127.5,53.7
550,18.379,0.373,-0.536,-0.0058,1.0025,386,3.804,197.92,126.8,53.7
551,18.412,0.343,-0.59,-0.0094,1.0024,386,3.483,182.64,126.53,53.66
552,18.445,0.37,-0.926,0.037,1.0032,381,3.285,179.2,126.45,53.63
553,18.479,0.599,-0.799,0.065,1.0022,369,3.34,197.09,126.04,53.62
554,18.512,0.486,-0.697,0.0343,1.0024,382,3.192,219.61,125.9,53.54
555,18.546,0.335,-0.857,0.0258,1.0027,387,3.138,216.08,125.82,53.49
556,18.579,0.36,-0.821,0.0273,1.003,387,3.161,199.81,126.08,53.37
557,18.613,0.216,-0.737,0.0007,1.0031,381,3.363,185.22,126.2,53.32
558,18.646,0.312,-0.651,0.0142,1.0028,368,3.711,201.12,126.0,53.42
559,18.679,0.109,-0.842,0.0008,1.0037,383,3.714,203.15,125.7,53.49
560,18.713,0.222,-0.636,0.0054,1.003,368,3.719,201.82,125.8,53.49
561,18.746,0.11,-0.703,0.0041,1.0034,372,4.064,200.56,125.4,53.54
562,18.78,-0.069,-0.797,0.0028,1.004,369,3.972,209.33,125.32,53.6
563,18.813,0.167,-0.509,0.0073,1.0032,357,4.376,219.44,125.39,53.7
564,18.846,-0.02,-0.62,-0.0041,1.0039,370,4.383,221.86,125.94,53.67
565,18.88,-0.026,-0.564,-0.0116,1.0037,365,4.367,218.54,126.49,53.67
566,18.913,-0.083,-0.612,0.0038,1.0038,367,4.387,213.46,127.1,53.63
567,18.947,-0.003,-0.576,0.0021,1.0037,367,4.451,228.22,127.56,53.71
568,18.98,0.083,-0.499,-0.0021,1.0033,368,4.439,226.43,127.93,53.74
569,19.014,-0.003,-0.63,-0.0056,1.0036,372,4.207,217.5,128.41,53.73
570,19.047,0.044,-0.673,0.0021,1.0037,376,4.339,215.54,128.63,53.77
571,19.08,0.024,-0.66,-0.0051,1.0035,371,4.243,223.75,128.8,53.79
572,19.114,0.215,-0.673,0.0173,1.0031,367,3.969,226.83,128.95,53.82
573,19.147,0.248,-0.642,0.0207,1.0029,374,3.757,208.21,129.3,53.79
574,19.181,0.335,-0.538,0.0122,1.0025,380,3.665,209.92,129.49,53.78
575,19.214,0.015,-0.623,-0.0117,1.0028,382,3.416,211.42,129.63,53.8
576,19.247,0.038,-0.742,0.0016,1.0031,374,3.533,215.81,129.55,53.84
577,19.281,-0.029,-0.689,-0.0097,1.0027,379,3.174,212.11,129.58,53.85
578,19.314,0.14,-0.578,-0.0001,1.0026,376,3.245,201.18,129.65,53.83
579,19.348,0.192,-0.658,0.0157,1.0031,381,3.449,205.24,129.69,53.81
580,19.381,0.433,-0.319,0.0105,1.0018,347,3.673,215.64,129.42,53.83
581,19.415,0.392,-0.478,0.0125,1.0021,355,3.546,229.28,129.13,53.78
582,19.448,0.428,-0.477,0.0018,1.0024,395,3.489,215.41,129.24,53.72
583,19.481,0.571,-0.327,0.0009,1.0017,385,4.158,209.79,128.42,53.87
584,19.515,0.673,-0.625,0.0145,1.0024,395,4.153,223.54,127.82,53.98
585,19.548,0.866,-0.646,0.0211,1.0022,383,4.421,232.79,127.46,54.04
586,19.582,1.043,-0.689,0.0297,1.0021,388,4.643,224.17,127.25,54.05
587,19.615,1.222,-0.739,0.029,1.0022,391,5.449,225.93,126.35,54.26
588,19.648,1.287,-0.764,0.0302,1.0024,390,5.342,236.45,125.48,54.35
589,19.682,1.349,-0.91,0.0352,1.0028,389,5.443,235.86,125.09,54.38
590,19.715,1.469,-0.897,0.0405,1.0026,387,5.535,229.59,124.81,54.28
591,19.749,1.508,-0.922,0.0374,1.0028,390,5.624,222.7,124.66,54.2
592,19.782,1.678,-0.899,0.0455,1.0026,393,5.79,222.73,124.39,54.17
593,19.816,1.858,-0.919,0.0518,1.0025,386,6.119,235.0,123.93,54.26
594,19.849,1.766,-1.079,0.0435,1.003,385,6.194,242.09,123.72,54.34
595,19.882,1.714,-1.342,0.0591,1.0039,384,6.418,231.07,123.76,54.34
596,19.916,1.922,-1.28,0.0613,1.0036,386,6.58,214.76,123.88,54.28
597,19.949,2.324,-0.953,0.074,1.0028,378,7.192,228.14,122.99,54.42
598,19.983,2.176,-1.107,0.062,1.0036,349,8.166,263.93,121.56,54.48
599,20.016,2.412,-1.053,0.0728,1.0032,381,6.83,243.09,121.41,54.53
600,20.049,2.428,-1.087,0.0738,1.0034,384,7.23,248.81,120.82,54.59
601,20.083,2.408,-1.064,0.0463,1.0036,384,7.362,249.57,120.46,54.73
602,20.116,2.32,-0.955,0.0446,1.0037,392,7.573,245.91,120.16,54.84
603,20.15,2.483,-0.917,0.0569,1.0033,383,7.328,232.87,119.97,54.94
604,20.183,2.51,-1.115,0.0766,1.0035,385,7.483,217.23,119.47,55.04
605,20.216,2.511,-1.164,0.0839,1.0037,379,7.825,233.93,118.28,55.13
606,20.25,2.492,-1.035,0.0713,1.0034,388,7.619,249.95,117.39,55.27
607,20.283,2.328,-1.078,0.0778,1.0035,376,7.235,252.66,117.08,55.27
608,20.317,2.185,-1.275,0.0862,1.0035,368,6.868,240.9,116.59,55.29
609,20.35,1.92,-1.333,0.0903,1.0037,385,6.717,243.47,115.81,55.33
610,20.384,1.721,-1.146,0.0777,1.0031,363,6.288,265.59,114.85,55.43
611,20.417,1.529,-1.12,0.08,1.003,371,5.734,260.67,114.17,55.47
612,20.45,1.237,-0.977,0.0577,1.0027,382,5.171,252.11,113.64,55.44
613,20.484,1.059,-1.005,0.0492,1.0027,385,4.88,252.6,113.16,55.44
614,20.517,1.035,-0.886,0.044,1.0025,385,4.628,251.08,112.82,55.41
615,20.551,1.031,-0.957,0.0618,1.0027,393,4.599,252.33,112.62,55.43
616,20.584,1.091,-0.721,0.044,1.0023,376,4.634,239.58,112.6,55.38
617,20.617,1.091,-0.72,0.0416,1.0025,388,4.743,230.9,112.59,55.32
618,20.651,1.127,-0.658,0.0393,1.0024,369,5.031,247.83,112.42,55.31
619,20.684,1.097,-0.728,0.0515,1.0026,379,4.978,261.9,112.15,55.3
620,20.718,1.139,-0.649,0.0327,1.0024,370,5.093,253.12,112.03,55.29
621,20.751,1.119,-0.669,0.0322,1.0026,392,5.177,233.57,112.08,55.23
622,20.785,1.215,-0.806,0.0561,1.0028,385,5.255,237.96,112.05,55.19
623,20.818,1.304,-0.752,0.0481,1.0028,382,5.579,247.37,111.87,55.16
624,20.851,1.467,-0.76,0.0534,1.0028,368,5.759,246.69,111.75,55.11
625,20.885,1.587,-0.736,0.0521,1.0026,365,5.873,235.85,111.51,55.04
626,20.918,1.442,-0.94,0.0467,1.0032,373,5.92,230.41,111.4,55.01
627,20.952,1.592,-0.959,0.0511,1.0032,390,6.177,249.9,111.17,55.01
628,20.985,1.666,-1.209,0.0677,1.0036,371,6.348,244.54,110.99,54.92
629,21.018,1.571,-1.219,0.0473,1.0039,376,6.516,230.26,110.75,54.82
630,21.052,1.658,-1.432,0.0637,1.0043,367,7.028,237.92,110.05,54.76
631,21.085,1.883,-1.358,0.0665,1.0042,369,7.12,256.89,109.63,54.73
632,21.119,1.882,-1.499,0.0658,1.0048,381,7.508,264.3,109.35,54.66
633,21.152,1.944,-1.721,0.075,1.0052,346,7.874,256.47,108.81,54.51
634,21.186,2.212,-1.652,0.0694,1.0054,357,8.479,239.82,108.3,54.3
635,21.219,2.397,-1.726,0.0799,1.0055,350,8.669,244.46,107.89,54.19
636,21.252,2.428,-1.863,0.0795,1.006,347,8.922,250.38,107.68,54.09
637,21.286,2.465,-1.667,0.0554,1.006,347,9.313,257.28,107.57,53.94
638,21.319,2.67,-1.62,0.0639,1.006,351,9.408,242.47,107.66,53.74
639,21.353,2.63,-1.603,0.0659,1.0062,323,9.451,235.65,107.59,53.52
640,21.386,2.881,-1.59,0.0824,1.006,323,9.581,258.42,107.28,53.28
641,21.419,2.674,-1.706,0.0701,1.0064,310,9.46,261.31,107.15,53.03
642,21.453,2.751,-1.451,0.0526,1.0059,304,9.504,253.88,106.98,52.76
643,21.486,2.807,-1.489,0.0707,1.0058,320,9.273,245.8,106.73,52.45
644,21.52,3.012,-1.605,0.0993,1.0055,318,9.143,259.78,106.4,52.17
645,21.553,2.85,-1.723,0.0843,1.0058,274,9.029,259.86,106.14,51.87
646,21.587,3.025,-1.503,0.0771,1.0051,266,8.818,244.14,105.96,51.58
647,21.62,3.155,-1.452,0.0754,1.0047,259,8.653,237.72,105.79,51.27
648,21.653,3.29,-1.632,0.0901,1.0047,251,8.555,234.08,105.95,51.03
649,21.687,3.211,-1.67,0.0755,1.0049,272,8.204,238.55,106.05,50.79
650,21.72,3.355,-1.705,0.0883,1.0048,282,8.103,229.32,106.06,50.52
651,21.754,3.261,-1.674,0.0747,1.0049,275,7.841,214.55,106.14,50.27
652,21.787,3.571,-1.674,0.0879,1.0047,257,7.713,200.72,106.3,50.09
653,21.82,3.613,-1.749,0.082,1.0049,266,7.634,206.0,106.53,49.96
654,21.854,3.803,-1.719,0.0842,1.0049,263,7.619,201.51,106.68,49.83
655,21.887,4.118,-1.477,0.0734,1.0042,246,7.512,195.99,106.71,49.68
656,21.921,4.423,-1.504,0.095,1.004,244,7.482,189.78,106.62,49.48
657,21.954,4.392,-1.564,0.0876,1.0043,267,7.298,191.55,106.62,49.39
658,21.988,4.769,-1.39,0.1129,1.0034,218,8.104,203.82,106.57,49.3
659,22.021,4.685,-1.528,0.1032,1.0036,275,6.815,187.43,106.49,49.08
660,22.054,4.706,-1.582,0.1141,1.0038,272,6.987,172.73,106.41,48.83
661,22.088,4.796,-1.68,0.1338,1.0038,247,7.068,175.26,106.11,48.61
662,22.121,4.908,-1.459,0.117,1.0036,240,7.021,184.29,106.06,48.41
663,22.155,5.016,-1.552,0.1305,1.0037,239,7.161,180.6,106.04,48.16
664,22.188,5.136,-1.57,0.1471,1.0037,213,7.427,175.01,106.39,47.94
665,22.221,5.303,-1.737,0.1685,1.0038,221,7.56,169.83,106.88,47.71
666,22.255,5.108,-1.97,0.1748,1.0044,224,7.467,174.91,107.32,47.39
667,22.288,4.933,-2.203,0.1797,1.0051,195,7.465,179.73,107.66,47.13
668,22.322,4.788,-2.284,0.1672,1.0056,203,7.363,168.21,107.7,46.8
669,22.355,4.712,-2.422,0.1772,1.006,204,7.433,157.49,107.77,46.41
670,22.389,4.567,-2.486,0.1807,1.0064,192,7.305,156.39,107.96,46.01
671,22.422,4.533,-2.663,0.1934,1.0064,188,6.978,150.26,108.18,45.6
672,22.455,4.625,-2.707,0.2088,1.0062,186,6.858,139.19,108.4,45.1
673,22.489,4.501,-2.852,0.2203,1.0065,181,6.814,133.37,108.58,44.59
674,22.522,4.403,-3.023,0.2435,1.0067,178,6.438,135.84,108.86,44.17
675,22.556,4.126,-3.064,0.2355,1.0069,175,6.213,138.98,108.92,43.73
676,22.589,4.102,-2.99,0.2444,1.0068,166,5.96,130.07,109.05,43.32
677,22.622,3.703,-2.849,0.214,1.0068,158,5.638,112.11,109.24,42.9
678,22.656,3.171,-3.12,0.223,1.0079,152,5.492,112.88,109.49,42.54
679,22.689,3.631,-2.707,0.2217,1.0065,130,5.264,115.4,109.71,42.19
680,22.723,3.097,-3.234,0.2361,1.0076,120,4.86,108.85,109.78,41.82
681,22.756,2.776,-3.219,0.229,1.0075,154,4.581,106.24,109.76,41.43
682,22.79,2.416,-3.335,0.2292,1.0076,144,4.281,102.95,109.77,41.09
683,22.823,2.339,-2.724,0.1912,1.0063,124,3.932,107.28,109.75,40.72
684,22.856,1.161,-3.863,0.217,1.0086,129,3.656,105.05,109.88,40.41
685,22.89,1.073,-3.447,0.2132,1.0075,130,3.562,100.02,110.48,40.13
686,22.923,0.601,-3.435,0.2048,1.0073,125,3.247,96.49,111.21,39.94
687,22.957,0.384,-3.882,0.2317,1.0077,102,3.001,98.86,111.99,39.76
688,22.99,-0.024,-3.144,0.1967,1.0069,111,2.986,104.6,113.0,39.78
689,23.023,-0.427,-2.816,0.1669,1.0065,105,2.451,100.63,113.71,39.63
690,23.057,-0.668,-2.674,0.1611,1.0065,100,2.419,94.07,114.51,39.49
691,23.09,-0.279,-1.295,0.0814,1.004,94,2.33,94.93,115.4,39.29
692,23.124,-0.777,-2.288,0.1396,1.0056,105,2.546,102.72,116.61,39.37
693,23.157,-0.869,-2.151,0.128,1.0055,106,2.256,103.45,117.51,39.28
694,23.19,-0.989,-2.072,0.1219,1.0055,107,2.071,101.3,118.27,39.18
695,23.224,-1.07,-1.846,0.0994,1.0053,104,2.834,98.58,119.85,39.12
696,23.257,-1.049,-1.397,0.0708,1.0047,95,2.202,104.2,120.81,38.87
697,23.291,-1.493,-1.708,0.0688,1.0056,111,2.021,108.97,121.53,38.75
698,23.324,-1.336,-1.596,0.0725,1.0052,108,2.206,107.91,122.49,38.64
699,23.358,-0.949,-1.239,0.0708,1.0043,104,2.12,106.02,123.35,38.64
700,23.391,-1.169,-1.303,0.0603,1.0047,102,2.276,109.63,124.36,38.49
701,23.424,-1.255,-1.312,0.0573,1.0048,106,2.429,111.13,125.54,38.28
702,23.458,-1.572,-1.509,0.0458,1.0054,109,2.061,108.72,126.26,38.24
703,23.491,-1.06,-0.881,0.0329,1.004,98,1.957,103.78,126.85,38.15
704,23.525,-0.731,-0.316,0.0089,1.003,89,2.802,104.95,128.26,37.97
705,23.558,-1.986,-1.35,0.0089,1.006,96,2.329,111.23,129.11,37.86
706,23.591,-1.882,-1.278,0.003,1.0057,95,1.719,110.18,129.33,37.78
707,23.625,-0.502,0.086,-0.0147,1.0023,87,1.872,107.21,129.52,37.69
708,23.658,-1.788,-1.123,0.0098,1.0056,101,1.837,105.1,129.75,37.65
709,23.692,-0.956,-0.404,0.0038,1.0035,91,1.86,107.28,129.89,37.59
710,23.725,-1.907,-1.143,-0.0075,1.0057,101,1.858,109.16,129.99,37.5
711,23.759,-1.746,-1.054,-0.007,1.0054,98,1.788,106.76,130.1,37.41
712,23.792,-2.405,-1.422,-0.0197,1.0067,103,1.859,100.71,130.0,37.36
713,23.825,-1.228,-0.533,-0.0085,1.0043,93,1.89,101.65,129.97,37.32
714,23.859,-2.524,-1.152,-0.049,1.0067,97,1.964,102.1,129.89,37.28
715,23.892,-1.692,-0.534,-0.0307,1.005,84,2.283,98.66,129.31,37.44
716,23.926,-2.828,-1.258,-0.0462,1.0077,97,2.277,92.86,128.75,37.56
717,23.959,-1.608,-0.803,0.0026,1.0055,90,2.014,88.29,128.53,37.45
718,23.992,-1.539,-0.119,-0.0407,1.0051,88,3.121,100.48,127.7,37.34
719,24.026,-1.813,-0.614,-0.0194,1.0055,111,1.855,95.57,127.66,37.09
720,24.059,-2.388,-1.027,-0.0227,1.0071,97,2.162,97.41,127.25,36.99
721,24.093,-1.853,-1.057,-0.0053,1.0061,100,1.9,96.73,127.13,36.71
722,24.126,-1.13,-0.895,0.0296,1.0052,95,1.998,100.13,126.97,36.42
723,24.16,-1.22,-0.531,-0.0086,1.0047,84,1.931,101.41,126.79,36.14
724,24.193,-1.232,-0.692,0.0051,1.0049,89,1.874,99.59,126.82,35.77
725,24.226,-1.669,-0.997,-0.0177,1.0058,83,1.915,95.02,127.01,35.4
726,24.26,-0.991,-0.485,-0.0127,1.0043,95,2.187,99.48,127.59,35.07
727,24.293,-1.571,-0.851,-0.032,1.0057,87,1.943,102.65,127.92,34.73
728,24.327,-0.195,-0.27,-0.0006,1.0033,71,1.717,96.67,128.01,34.37
729,24.36,-0.07,-0.491,0.0114,1.0036,91,1.799,89.85,128.13,34.06
730,24.393,-0.498,-0.628,-0.0254,1.0045,87,2.591,89.92,129.08,34.2
731,24.427,-0.855,-0.961,-0.0385,1.0056,85,2.602,93.88,130.13,33.73
732,24.46,-0.666,-1.171,-0.0211,1.0059,77,2.242,94.23,130.79,33.3
733,24.494,-0.184,-1.266,0.0136,1.0056,73,2.125,85.17,131.3,32.87
734,24.527,0.52,-0.837,0.0247,1.0042,76,1.942,83.12,131.56,32.54
735,24.561,-0.144,-1.662,0.0159,1.0064,89,2.192,86.57,132.02,32.38
736,24.594,0.023,-1.585,0.0076,1.0061,85,2.01,87.69,132.21,32.18
737,24.627,0.477,-1.744,0.0396,1.0059,81,1.987,88.27,132.39,32.0
738,24.661,1.136,-1.531,0.059,1.0051,73,2.111,82.1,132.33,32.06
739,24.694,2.001,-1.406,0.1003,1.0041,66,2.054,84.19,132.56,31.98
740,24.728,0.999,-2.174,0.0806,1.0061,66,2.055,86.7,132.84,31.94
741,24.761,1.009,-2.349,0.0928,1.0062,68,1.81,79.27,133.08,31.83
742,24.794,0.915,-2.458,0.0894,1.0064,59,1.834,74.32,133.3,31.72
743,24.828,0.489,-3.068,0.0905,1.0078,55,1.963,75.42,133.31,31.76
744,24.861,0.636,-3.309,0.1129,1.0078,61,1.902,77.42,133.56,31.8
745,24.895,1.279,-3.12,0.1429,1.007,50,2.292,68.98,134.61,31.63
746,24.928,0.939,-3.878,0.1545,1.0081,47,1.625,53.7,135.06,31.4
747,24.962,1.273,-3.916,0.1743,1.008,44,1.519,49.27,135.47,31.26
748,24.995,1.669,-4.967,0.2603,1.009,57,2.29,40.89,136.83,31.16
749,25.028,0.882,-4.635,0.189,1.0092,55,2.215,33.33,138.32,31.19
750,25.062,2.148,-4.678,0.262,1.0085,57,1.701,32.98,139.19,31.16
751,25.095,1.661,-4.825,0.2517,1.0091,57,1.469,30.39,139.83,30.94
752,25.129,1.442,-5.269,0.2503,1.0101,54,1.929,28.0,140.98,30.85
753,25.162,1.048,-4.767,0.1964,1.0097,54,1.393,18.24,141.53,30.74
754,25.195,2.048,-4.381,0.2251,1.0089,43,1.212,17.44,141.84,30.77
755,25.229,2.237,-4.976,0.2729,1.0096,36,1.212,22.73,142.11,30.66
756,25.262,1.999,-5.846,0.3166,1.0106,47,1.347,23.18,142.55,30.57
757,25.296,-1.866,-9.402,0.3285,1.0191,42,1.664,29.97,143.15,30.35
758,25.329,2.688,-5.182,0.3082,1.0095,50,1.085,30.2,143.27,30.28
759,25.363,2.823,-4.869,0.2947,1.0089,45,1.04,28.15,143.34,30.25
760,25.396,2.462,-5.66,0.3082,1.0099,48,1.058,28.4,143.48,30.18
761,25.429,2.903,-5.97,0.3452,1.0098,52,1.116,29.09,143.76,30.13
762,25.463,2.96,-5.669,0.3313,1.0094,53,1.133,29.23,144.01,30.02
763,25.496,2.933,-5.686,0.3179,1.0092,56,0.959,30.06,144.01,30.0
764,25.53,3.825,-6.061,0.3847,1.0092,54,0.979,28.91,143.99,29.99
765,25.563,2.696,-5.164,0.2838,1.0084,49,0.982,28.54,143.84,29.99
766,25.596,3.588,-5.408,0.3351,1.0084,56,1.08,29.7,143.56,29.96
767,25.63,5.02,-4.098,0.361,1.0062,40,0.932,30.02,143.43,29.92
768,25.663,5.075,-3.616,0.3389,1.0055,50,0.974,28.81,143.26,29.78
769,25.697,4.244,-4.621,0.3133,1.0073,44,1.178,25.59,142.92,29.62
770,25.73,5.104,-3.528,0.3344,1.0055,38,1.287,24.23,142.49,29.37
771,25.764,4.526,-3.65,0.2923,1.0062,37,1.108,26.48,142.19,29.25
772,25.797,5.145,-2.754,0.2938,1.0048,32,1.015,25.58,142.05,29.18
773,25.83,5.417,-3.003,0.327,1.005,33,1.084,25.45,141.8,29.19
774,25.864,4.571,-3.605,0.2839,1.0063,40,1.154,25.65,141.46,29.04
775,25.897,4.86,-3.206,0.292,1.0056,43,1.23,26.83,141.05,28.89
776,25.931,4.331,-3.721,0.2637,1.0065,33,0.892,24.79,140.99,28.89
777,25.964,6.28,-2.163,0.327,1.0029,28,1.652,21.75,140.95,28.62
778,25.997,5.414,-3.51,0.3117,1.0054,37,0.657,22.33,141.09,28.55
779,26.031,4.387,-3.967,0.2514,1.0069,36,1.226,24.31,141.73,28.3
780,26.064,5.554,-3.247,0.305,1.0052,31,0.928,23.5,142.04,28.17
781,26.098,5.084,-3.158,0.2724,1.0054,27,1.107,22.04,142.54,28.03
782,26.131,4.661,-2.446,0.2288,1.0046,78,1.322,20.1,143.34,27.86
783,26.164,5.157,-2.248,0.2566,1.004,103,1.558,19.36,144.39,27.83
784,26.198,4.312,-2.272,0.2053,1.0045,107,0.968,20.25,144.75,27.67
785,26.231,4.369,-1.938,0.2,1.0043,122,0.92,19.14,145.12,27.44
786,26.265,4.139,-2.148,0.1897,1.0048,123,1.311,18.37,145.86,27.25
787,26.298,3.561,-2.943,0.1848,1.0062,111,1.563,18.23,146.95,27.18
788,26.332,3.753,-2.333,0.1955,1.005,111,0.684,17.57,147.02,27.1
789,26.365,3.278,-2.299,0.1649,1.0054,100,0.746,17.74,146.94,27.09
790,26.398,3.121,-2.385,0.1625,1.006,106,0.756,17.95,146.83,27.11
791,26.432,4.342,-3.346,0.2614,1.0075,92,0.856,18.69,146.65,27.15
792,26.465,3.459,-2.537,0.1873,1.0067,114,0.917,19.26,146.63,27.05
793,26.499,2.963,-3.556,0.1846,1.008,94,0.768,18.58,146.6,27.0
794,26.532,3.263,-1.572,0.1437,1.0048,104,0.778,17.31,146.62,26.91
795,26.565,3.793,-0.27,0.131,1.0015,88,0.805,16.57,146.67,26.82
796,26.599,4.089,-1.931,0.1955,1.0043,84,0.917,16.38,146.96,26.67
797,26.632,3.825,-2.154,0.188,1.0051,108,0.723,16.21,146.96,26.65
798,26.666,4.11,-2.103,0.1884,1.0047,87,0.666,15.29,146.9,26.61
799,26.699,4.015,-1.868,0.1521,1.0044,99,0.807,14.78,146.77,26.62
800,26.733,3.947,-1.972,0.1362,1.0049,99,0.846,14.79,146.56,26.71
801,26.766,4.376,-2.081,0.1537,1.005,96,0.885,14.39,146.4,26.7
802,26.799,4.147,-2.316,0.1452,1.0052,87,0.802,13.12,146.28,26.68
803,26.833,4.569,-1.056,0.14,1.0017,92,0.842,12.73,146.1,26.66
804,26.866,4.799,-1.689,0.1436,1.0035,85,0.87,12.08,145.9,26.7
805,26.9,5.172,-1.324,0.1396,1.0023,83,1.102,12.48,145.55,26.82
806,26.933,5.042,-1.594,0.1362,1.003,138,0.844,12.31,145.38,26.81
807,26.966,5.168,-1.448,0.1305,1.0027,156,0.855,12.41,145.24,26.79
808,27.0,5.536,-1.404,0.1357,1.0023,151,0.903,12.51,145.1,26.84
809,27.033,5.98,-1.602,0.1789,1.0026,165,1.005,12.93,144.99,26.85
810,27.067,5.69,-1.079,0.1271,1.0017,145,0.952,12.74,144.83,26.81
811,27.1,6.523,-1.379,0.1672,1.0018,161,0.911,12.67,144.69,26.78
812,27.134,6.191,-1.591,0.1467,1.0028,163,0.995,12.65,144.48,26.78
813,27.167,7.239,-1.995,0.2144,1.0029,120,1.083,12.4,144.23,26.79
814,27.2,6.563,-1.038,0.1254,1.0014,130,1.024,11.98,144.03,26.8
815,27.234,7.134,-1.312,0.1565,1.0017,137,1.008,11.42,143.87,26.78
816,27.267,7.186,-1.142,0.128,1.0014,135,1.074,11.68,143.85,26.69
817,27.301,7.47,-1.293,0.1629,1.0015,159,1.133,11.39,143.95,26.56
818,27.334,8.405,-1.18,0.1984,1.0004,147,1.141,11.15,143.85,26.49
819,27.367,8.153,-1.354,0.1861,1.0011,134,1.049,11.48,143.8,26.42
820,27.401,8.29,-1.488,0.1991,1.0015,160,1.041,11.76,143.7,26.4
821,27.434,7.833,-1.019,0.1441,1.0009,148,1.125,11.91,143.65,26.34
822,27.468,9.165,-1.524,0.232,1.0012,156,1.283,11.68,144.07,26.16
823,27.501,8.352,-2.274,0.2368,1.0026,139,1.148,11.71,144.41,26.02
824,27.535,9.346,-1.635,0.2495,1.0008,159,1.031,9.94,144.37,25.99
825,27.568,9.941,-1.581,0.2764,1.0005,172,1.174,10.28,144.62,26.02
826,27.601,10.044,-1.719,0.3038,1.0008,165,1.11,11.39,144.69,26.08
827,27.635,9.971,-1.365,0.2575,1.0003,145,1.074,12.14,144.51,26.17
828,27.668,10.675,-2.147,0.3515,1.0014,123,1.025,11.39,144.38,26.22
829,27.702,9.685,-1.951,0.2637,1.0015,124,1.005,12.1,144.27,26.27
830,27.735,10.011,-2.662,0.3399,1.0021,131,1.26,12.19,144.62,26.25
831,27.768,9.952,-2.728,0.3337,1.0025,108,1.041,11.85,144.72,26.29
832,27.802,9.671,-2.226,0.3042,1.0019,23,1.033,12.98,144.76,26.33
833,27.835,11.056,-1.726,0.3979,1.0002,14,0.952,12.59,144.68,26.37
834,27.869,10.355,-1.571,0.3397,1.0003,15,1.021,13.02,144.62,26.43
835,27.902,9.589,-1.943,0.3191,1.001,15,1.065,13.38,144.52,26.51
836,27.936,10.33,-1.954,0.3612,1.0009,17,1.03,14.42,144.49,26.58
837,27.969,9.662,-1.357,0.3056,1.0001,13,1.542,13.6,144.44,26.65
838,28.002,10.026,-2.037,0.3563,1.001,17,0.677,11.08,144.49,26.66
839,28.036,9.715,-1.632,0.3179,1.0007,18,0.891,10.62,144.52,26.77
840,28.069,9.944,-0.961,0.3295,0.9996,14,1.023,12.05,144.48,26.91
841,28.103,9.656,-2.04,0.3397,1.0012,13,0.914,12.26,144.57,27.02
842,28.136,9.253,-2.02,0.3136,1.0012,15,0.932,12.55,144.67,27.14
843,28.169,8.58,-1.837,0.2738,1.0012,12,1.027,13.02,144.68,27.29
844,28.203,8.681,-2.018,0.2949,1.0015,12,1.07,13.71,144.77,27.42
845,28.236,8.248,-2.174,0.2713,1.0017,13,0.932,12.96,144.91,27.56
846,28.27,8.362,-1.54,0.2549,1.0009,13,0.928,12.58,145.04,27.69
847,28.303,8.06,-2.279,0.2653,1.0019,15,0.997,11.55,145.24,27.87
848,28.337,8.028,-1.215,0.2307,1.0005,13,1.094,12.69,145.41,28.03
849,28.37,7.964,-1.722,0.243,1.0012,12,0.949,13.7,145.58,28.18
850,28.403,0.029,0.341,0.2217,1.0,10,0.903,13.66,145.7,28.31
851,28.437,8.323,-1.677,0.2643,1.001,13,0.964,12.57,145.87,28.45
852,28.47,9.249,-1.137,0.3116,0.9997,14,1.137,13.17,146.0,28.71
853,28.504,8.665,-1.077,0.2788,0.9999,13,1.012,13.7,146.14,28.86
854,28.537,8.272,-1.228,0.2559,1.0002,15,1.019,13.76,146.3,29.04
855,28.57,8.166,-0.659,0.2441,0.9994,15,1.065,13.51,146.49,29.27
856,28.604,8.617,-0.375,0.264,0.9987,17,1.1,14.02,146.73,29.47
857,28.637,8.083,-0.236,0.2256,0.9987,16,1.276,15.1,146.97,29.79
858,28.671,8.048,-1.398,0.2539,1.0007,15,1.048,14.53,147.14,29.97
859,28.704,7.326,0.405,0.1672,0.9979,18,1.01,13.85,147.28,30.14
860,28.737,8.174,-0.544,0.2476,0.9991,17,1.25,14.55,147.47,30.5
861,28.771,8.209,-1.432,0.2681,1.0006,20,1.298,15.07,147.35,30.84
862,28.804,8.03,-0.689,0.242,0.9995,17,1.116,15.14,147.45,31.07
863,28.838,7.444,-0.107,0.1912,0.9987,15,1.157,14.49,147.63,31.33
864,28.871,7.867,-0.405,0.2223,0.999,19,1.227,14.92,147.49,31.67
865,28.905,4.637,3.768,-0.0801,0.9927,18,1.395,16.58,147.28,32.09
866,28.938,7.338,-0.066,0.18,0.9986,23,1.258,18.0,147.34,32.41
867,28.971,7.907,-0.443,0.2343,0.999,25,1.413,18.93,147.14,32.73
868,29.005,8.128,-0.706,0.2473,0.9994,26,1.331,20.46,147.2,33.03
869,29.038,5.476,2.693,-0.0007,0.9943,30,1.459,22.53,147.3,33.43
870,29.072,6.911,0.766,0.1482,0.9971,28,1.739,25.15,146.76,33.81
871,29.105,8.103,-0.701,0.2607,0.9995,33,1.371,26.29,146.74,34.14
872,29.138,3.661,5.286,-0.1526,0.9904,34,1.661,28.42,146.26,34.54
873,29.172,7.906,-0.667,0.2634,0.9996,35,1.748,32.89,145.85,34.98
874,29.205,4.319,3.626,-0.0672,0.9932,38,1.781,37.14,145.48,35.49
875,29.239,6.641,-0.536,0.1799,0.9997,39,1.631,37.69,145.26,35.94
876,29.272,6.737,0.094,0.1935,0.9986,37,1.629,37.6,145.05,36.36
877,29.306,6.268,0.175,0.1687,0.9986,41,1.697,40.81,144.8,36.84
878,29.339,4.707,1.677,0.0343,0.9963,38,1.795,45.29,144.54,37.28
879,29.372,4.634,1.691,0.0385,0.9963,47,1.716,47.67,144.31,37.69
880,29.406,3.157,4.349,-0.0992,0.9922,44,1.586,47.02,144.1,38.06
881,29.439,4.395,1.219,0.0619,0.9972,49,1.614,50.01,143.92,38.42
882,29.473,2.584,3.979,-0.0935,0.993,49,1.592,49.37,143.74,38.77
883,29.506,4.24,0.244,0.0967,0.9988,48,1.648,53.95,143.6,39.1
884,29.539,4.093,0.26,0.124,0.9989,53,1.358,53.8,143.43,39.36
885,29.573,2.347,1.409,0.0012,0.9973,59,1.156,51.11,143.31,39.55
886,29.606,2.76,0.554,0.0706,0.9984,55,1.123,52.07,143.16,39.75
887,29.64,1.682,1.091,0.0165,0.9979,56,0.939,56.27,143.06,39.93
888,29.673,0.89,0.799,-0.0113,0.9985,59,0.547,53.75,143.0,39.99
889,29.707,0.212,0.93,-0.0133,0.9985,62,0.192,51.73,142.99,40.0
890,29.74,-0.086,0.087,-0.0009,0.9999,64,0.137,54.67,142.96,40.02
891,29.773,-0.715,0.9,-0.0323,0.9987,65,0.406,59.74,142.98,40.05
892,29.807,-1.035,0.214,-0.0302,1.0,63,0.471,60.57,143.04,40.0
893,29.84,-1.242,-0.021,-0.0276,1.0004,60,0.543,58.31,143.14,39.91
894,29.874,-1.6,0.433,-0.047,0.9998,62,0.668,57.59,143.26,39.79
895,29.907,-2.025,-0.167,-0.0435,1.001,66,0.909,59.92,143.34,39.7
896,29.94,-2.637,0.364,-0.0762,1.0004,66,1.104,59.34,143.5,39.53
897,29.974,-2.998,0.099,-0.0739,1.0008,62,1.787,53.89,143.57,39.47
898,30.007,-3.365,0.252,-0.0762,1.0006,67,1.117,46.2,143.81,39.24
899,30.041,-3.949,0.199,-0.103,1.001,67,1.242,44.31,144.04,38.97
900,30.074,-4.014,-0.111,-0.0835,1.0015,63,1.382,47.3,144.21,38.66
901,30.108,-4.34,0.13,-0.0999,1.0012,57,1.436,43.45,144.47,38.3
902,30.141,-4.634,-0.429,-0.1006,1.0022,61,1.495,42.67,144.72,37.93
903,30.174,-4.75,-0.04,-0.1023,1.0016,58,1.52,41.09,144.96,37.56
904,30.208,-4.832,-0.101,-0.101,1.0017,53,1.608,38.03,145.23,37.15
905,30.241,-4.962,-0.39,-0.1058,1.0022,47,1.538,37.7,145.35,36.75
906,30.275,-4.97,-0.488,-0.0992,1.0023,50,1.597,35.11,145.55,36.3
907,30.308,-5.028,-1.013,-0.0873,1.0033,43,1.449,31.47,145.66,35.92
908,30.341,-5.007,-1.446,-0.0695,1.0041,37,1.612,32.67,145.66,35.51
909,30.375,-4.935,-1.417,-0.0707,1.0038,42,1.775,31.03,145.12,35.05
910,30.408,-5.751,-0.304,-0.1422,1.0023,38,1.286,28.02,145.15,34.73
911,30.442,-5.623,-0.575,-0.1271,1.0026,39,1.242,24.97,145.06,34.47
912,30.475,-6.399,-0.062,-0.193,1.0019,34,1.346,22.65,144.83,34.14
913,30.509,-5.495,-1.625,-0.0777,1.0043,28,1.299,22.33,144.51,33.89
914,30.542,-7.438,0.874,-0.2513,1.0004,24,1.149,20.09,144.39,33.62
915,30.575,-6.932,0.357,-0.1965,1.0011,21,1.098,17.89,144.21,33.39
916,30.609,-8.394,1.169,-0.2916,1.0002,20,1.272,17.57,143.91,33.11
917,30.642,-5.242,-4.22,0.0225,1.0089,14,1.307,16.5,143.46,32.86
918,30.676,-6.475,-0.596,-0.122,1.0023,17,1.231,14.88,143.23,32.55
919,30.709,-6.95,-0.092,-0.1585,1.0016,20,1.056,13.66,143.12,32.27
920,30.742,-7.348,0.46,-0.1971,1.0007,21,1.191,13.47,143.01,31.96
921,30.776,-7.473,1.399,-0.2235,0.9991,13,1.16,13.84,142.73,31.67
922,30.809,-6.875,0.269,-0.1521,1.0009,16,1.174,13.47,142.47,31.44
923,30.843,-7.56,1.433,-0.217,0.999,16,1.165,13.26,142.09,31.19
924,30.876,-7.821,2.159,-0.2455,0.9979,15,1.028,12.96,141.95,30.99
925,30.91,-7.766,1.435,-0.204,0.9991,14,1.188,13.33,141.67,30.74
926,30.943,-7.481,1.435,-0.1976,0.9986,15,1.223,13.23,141.69,30.5
927,30.976,-8.567,1.376,-0.2393,0.9996,16,1.052,13.0,141.59,30.25
928,31.01,-8.745,1.487,-0.2513,0.9993,14,1.038,12.51,141.47,30.04
929,31.043,-9.722,2.024,-0.3025,0.9988,13,1.185,12.38,141.33,29.72
930,31.077,-8.756,1.355,-0.2229,0.9993,16,1.273,12.46,141.52,29.45
931,31.11,-7.449,2.318,-0.1647,0.9969,12,1.111,12.53,141.51,29.22
932,31.143,-9.479,1.365,-0.2538,0.9994,15,1.098,12.1,141.6,28.94
933,31.177,-8.335,1.931,-0.1779,0.998,13,1.202,11.27,141.8,28.74
934,31.21,-0.198,-0.061,-0.2461,1.0,11,1.308,11.38,141.98,28.51
935,31.244,-8.892,1.335,-0.1888,0.999,14,1.271,11.32,142.22,28.25
936,31.277,-9.753,1.389,-0.2395,0.9997,12,1.118,11.96,142.23,28.04
937,31.311,-8.347,1.489,-0.1537,0.9986,13,1.036,11.53,142.25,27.81
938,31.344,-7.545,1.119,-0.1074,0.9987,13,1.53,11.28,142.89,27.69
939,31.377,-8.439,1.356,-0.1686,0.999,12,1.142,11.5,143.03,27.51
940,31.411,-8.792,1.291,-0.1897,0.9995,13,1.047,12.1,143.09,27.35
941,31.444,-9.219,1.458,-0.2135,0.9993,14,0.995,11.85,143.09,27.18
942,31.478,-8.385,0.451,-0.1405,1.0007,13,1.139,11.62,143.13,27.06
943,31.511,-8.758,0.896,-0.1661,1.0001,12,1.149,11.39,143.22,26.99
944,31.544,-8.749,1.558,-0.1947,0.9992,13,1.23,11.35,143.64,26.86
945,31.578,-9.082,0.901,-0.1902,1.0005,15,0.943,11.09,143.71,26.75
946,31.611,-8.582,0.358,-0.1559,1.0013,14,1.014,9.14,143.81,26.65
947,31.645,-8.385,1.163,-0.169,0.9999,13,1.171,10.59,144.06,26.65
948,31.678,-0.345,0.56,-0.2351,1.0,10,1.057,10.88,144.17,26.6
949,31.711,-9.727,0.037,-0.2131,1.0028,12,1.05,10.64,144.31,26.55
950,31.745,-9.206,0.352,-0.1772,1.0018,13,0.983,10.75,144.41,26.5
951,31.778,-9.967,0.657,-0.2535,1.0022,14,1.166,10.89,144.48,26.57
952,31.812,-0.242,0.749,0.0,1.0,0,1.125,10.64,144.64,26.59
953,31.845,-9.586,0.782,-0.2227,1.0019,99,1.083,9.49,144.91,26.51
954,31.879,-9.853,0.362,-0.2381,1.0028,104,0.961,9.5,145.06,26.42
955,31.912,-10.292,0.928,-0.2883,1.0025,114,1.233,9.98,145.31,26.5
956,31.945,-10.697,0.592,-0.2906,1.0031,118,1.176,11.02,145.48,26.54
957,31.979,-11.731,1.376,-0.3904,1.0026,99,1.586,9.71,146.04,26.63
958,32.012,-11.038,0.385,-0.3084,1.0035,83,0.894,9.14,146.19,26.5
959,32.046,-11.239,0.833,-0.3423,1.0031,93,0.954,8.56,146.23,26.5
960,32.079,-11.962,0.022,-0.3479,1.0048,112,1.16,9.27,146.44,26.58
961,32.112,-13.636,1.234,-0.4989,1.0039,107,1.193,9.73,146.65,26.57
962,32.146,-11.499,0.115,-0.3039,1.0045,122,1.116,8.61,146.87,26.48
963,32.179,-11.332,1.553,-0.3792,1.0023,113,1.056,8.06,146.98,26.5
964,32.213,-12.256,2.163,-0.4533,1.0023,94,1.248,8.79,147.23,26.69
965,32.246,-11.914,0.634,-0.3782,1.0045,77,1.183,8.97,147.37,26.78
966,32.28,-10.129,0.723,-0.2838,1.0032,101,1.118,8.08,147.61,26.82
967,32.313,-10.952,1.618,-0.3898,1.0024,120,1.005,6.89,147.85,26.81
968,32.346,-12.61,0.237,-0.4938,1.0059,93,1.317,7.92,148.34,27.06
969,32.38,-9.994,0.11,-0.3164,1.0045,92,0.994,8.57,148.3,27.23
970,32.413,-9.276,1.862,-0.3166,1.0005,83,0.977,8.76,148.46,27.19
971,32.447,-11.152,-0.486,-0.386,1.0059,91,0.869,8.57,148.55,27.17
972,32.48,-10.585,0.197,-0.402,1.0047,99,0.986,8.58,148.66,27.31
973,32.513,-9.494,0.3,-0.3482,1.0038,81,1.109,8.67,148.77,27.57
974,32.547,-9.13,1.546,-0.3786,1.0012,76,1.122,8.38,148.32,27.93
975,32.58,-9.565,1.567,-0.4066,1.0014,86,0.792,8.52,148.25,28.02
976,32.614,-10.094,-0.277,-0.3876,1.0044,101,0.806,8.51,148.34,27.97
977,32.647,-13.251,0.026,-0.604,1.0053,87,1.005,8.74,148.44,28.12
978,32.681,-9.284,0.418,-0.358,1.003,99,0.991,8.95,148.63,28.25
979,32.714,-10.873,1.355,-0.4838,1.0022,76,0.924,8.89,148.26,28.53
980,32.747,-11.026,0.181,-0.4547,1.0036,80,0.719,8.93,148.29,28.54
981,32.781,-9.222,0.623,-0.3577,1.0023,85,1.104,9.32,147.82,28.8
982,32.814,-9.229,1.638,-0.3905,1.0004,87,0.823,9.63,147.79,28.84
983,32.848,-10.196,0.309,-0.4021,1.0029,100,0.83,9.72,147.88,28.87
984,32.881,-9.789,0.281,-0.3883,1.0028,83,0.728,9.75,147.68,29.06
985,32.914,-10.004,0.527,-0.399,1.0023,96,0.938,10.4,147.51,29.17
986,32.948,-9.842,0.57,-0.3862,1.0022,63,1.067,11.46,147.56,29.33
987,32.981,-8.918,0.711,-0.3371,1.0016,56,1.008,12.18,147.14,29.59
988,33.015,-8.23,1.644,-0.3297,0.9999,57,0.759,12.07,147.25,29.57
989,33.048,-7.425,2.106,-0.284,0.9989,53,0.926,12.2,147.48,29.62
990,33.082,-7.748,1.332,-0.291,1.0007,57,0.912,12.52,147.18,29.82
991,33.115,-6.288,0.657,-0.1978,1.0013,68,0.91,13.05,147.16,29.91
992,33.148,-5.706,0.808,-0.1616,1.0007,68,0.944,13.37,146.77,30.18
993,33.182,-6.045,0.482,-0.1755,1.0017,68,0.761,13.41,146.89,30.14
994,33.215,-8.46,1.151,-0.3364,1.0023,58,0.912,14.03,146.91,30.22
995,33.249,-8.098,0.722,-0.2918,1.0028,70,0.977,14.38,146.61,30.45
996,33.282,-7.185,1.076,-0.237,1.0018,66,0.839,14.69,146.68,30.46
997,33.315,-8.665,1.004,-0.3157,1.0028,58,0.741,14.45,146.81,30.43
998,33.349,-7.845,1.228,-0.2853,1.0027,52,1.058,14.9,146.52,30.71
999,33.382,-6.3,-0.44,-0.1439,1.0045,68,1.021,15.75,146.6,30.8
1000,33.416,-6.457,0.216,-0.164,1.0037,59,1.08,16.53,146.32,31.08
1001,33.449,-7.183,0.847,-0.2078,1.0031,58,0.878,16.42,146.45,31.05
1002,33.483,-6.057,1.549,-0.1647,1.0016,56,0.959,16.03,146.64,31.0
1003,33.516,-8.843,0.476,-0.2913,1.005,59,1.22,16.3,146.36,31.43
1004,33.549,-7.438,0.336,-0.1993,1.0048,55,1.142,16.71,146.53,31.58
1005,33.583,-6.522,0.544,-0.1459,1.0041,61,1.087,16.23,146.74,31.68
1006,33.616,-7.117,-0.094,-0.1664,1.0054,47,1.025,16.59,146.65,31.98
1007,33.65,-7.458,0.733,-0.2014,1.0048,52,1.215,16.03,146.76,32.07
1008,33.683,-6.833,0.503,-0.1514,1.005,51,1.169,15.47,147.05,32.1
1009,33.716,-7.981,0.834,-0.222,1.0055,49,1.326,15.54,147.33,32.21
1010,33.75,-10.885,1.149,-0.4075,1.007,46,1.193,14.82,147.28,32.53
1011,33.783,-3.898,-0.984,0.1566,1.0043,38,1.249,15.13,147.38,32.7
1012,33.817,-4.877,-0.694,0.0751,1.0048,39,1.333,13.9,147.27,33.0
1013,33.85,-8.402,1.618,-0.2618,1.0045,37,1.155,13.87,147.47,33.03
1014,33.884,-6.247,0.097,-0.0741,1.0052,49,1.101,13.69,147.8,32.97
1015,33.917,-10.132,0.602,-0.3428,1.007,38,1.244,13.18,147.64,33.39
1016,33.95,-3.863,-0.703,0.1289,1.0037,41,1.337,13.27,147.41,33.66
1017,33.984,-7.901,2.06,-0.2252,1.0036,35,1.918,14.88,147.35,33.82
1018,34.017,-3.074,-1.132,0.2367,1.0038,36,1.128,15.06,147.42,33.92
1019,34.051,-7.051,2.785,-0.1993,1.0021,28,1.125,15.57,147.71,33.77
1020,34.084,-8.555,1.696,-0.235,1.0043,26,1.286,18.08,147.93,33.76
1021,34.117,-9.442,1.249,-0.2849,1.0052,44,1.417,13.79,148.16,33.75
1022,34.151,-7.608,1.956,-0.1677,1.0028,18,1.265,13.7,148.43,33.68
1023,34.184,-6.943,3.154,-0.1698,1.0007,17,1.159,15.18,148.68,33.56
1024,34.218,-7.146,2.125,-0.1438,1.0021,17,1.31,18.91,148.97,33.63
1025,34.251,-7.635,2.873,-0.1843,1.0012,15,1.56,23.49,149.31,33.77
1026,34.285,-7.899,2.772,-0.1918,1.0013,20,1.203,24.26,149.63,33.66
1027,34.318,-7.176,3.108,-0.1657,1.0004,20,1.195,23.27,149.63,33.79
1028,34.351,-7.861,3.162,-0.2097,1.0004,23,1.423,25.22,149.31,34.08
1029,34.385,-8.126,3.269,-0.23,1.0005,23,1.574,26.93,148.85,34.35
1030,34.418,-7.748,3.295,-0.2207,1.0003,26,1.566,28.69,148.48,34.58
1031,34.452,-7.897,3.635,-0.2449,1.0,24,1.24,27.91,148.67,34.56
1032,34.485,-7.65,3.28,-0.223,1.0002,33,1.227,25.19,148.93,34.52
1033,34.518,-8.284,2.851,-0.2433,1.001,29,1.428,28.24,149.08,34.65
1034,34.552,-7.917,3.669,-0.2343,0.9999,33,1.537,35.79,149.2,34.68
1035,34.585,-7.734,4.307,-0.2446,0.9988,36,1.635,35.52,149.49,34.68
1036,34.619,-8.187,4.078,-0.2714,0.9993,34,1.512,33.98,149.77,34.6
1037,34.652,-8.155,3.382,-0.2464,1.0002,37,1.934,36.76,150.18,34.62
1038,34.685,-8.554,3.496,-0.2749,1.0003,40,1.839,42.32,150.43,34.59
1039,34.719,-6.845,4.775,-0.2278,0.9977,41,1.877,37.02,150.48,34.61
1040,34.752,-8.127,4.47,-0.2965,0.9987,51,1.942,39.95,150.54,34.67
1041,34.786,-8.156,3.318,-0.2608,1.0004,52,2.612,53.75,150.23,35.32
1042,34.819,-8.674,3.146,-0.298,1.0008,60,2.733,55.41,149.51,36.22
1043,34.853,-7.611,3.792,-0.2656,0.9994,56,2.938,70.66,148.37,37.01
1044,34.886,-7.098,4.029,-0.2503,0.9988,65,3.441,119.57,147.25,37.73
1045,34.919,-7.556,3.689,-0.275,0.9992,50,3.851,105.5,145.89,38.65
1046,34.953,-6.844,4.038,-0.248,0.9985,48,5.017,82.56,143.32,39.49
1047,34.986,-8.401,2.964,-0.3041,1.0008,51,4.055,79.05,142.06,40.0
1048,35.02,-6.787,3.374,-0.217,0.9992,63,4.501,80.12,140.46,40.52
1049,35.053,-6.692,3.605,-0.2376,0.9989,69,4.312,73.96,139.38,41.15
1050,35.086,-6.28,3.477,-0.215,0.9987,76,5.668,76.58,136.91,41.44
1051,35.12,-5.685,3.633,-0.2019,0.9981,76,4.453,108.21,135.75,42.1
1052,35.153,-6.359,3.409,-0.229,0.9991,91,4.281,167.55,134.99,42.37
1053,35.187,-6.945,3.57,-0.2786,0.9993,93,4.109,180.01,134.62,42.72
1054,35.22,-6.521,3.762,-0.2706,0.9988,103,4.753,186.0,133.3,43.15
1055,35.254,-5.92,3.514,-0.2301,0.9987,111,4.253,191.03,132.5,43.57
1056,35.287,-5.836,3.098,-0.2085,0.9993,111,4.57,214.08,131.41,43.82
1057,35.32,-6.735,3.826,-0.3088,0.9991,112,4.114,219.77,131.14,44.06
1058,35.354,-7.763,4.123,-0.3871,0.9993,108,4.424,221.77,130.34,44.33
1059,35.387,-6.235,3.934,-0.2897,0.9986,119,4.543,225.18,129.4,44.51
1060,35.421,-8.017,3.976,-0.3947,0.9996,132,4.662,235.13,128.34,44.74
1061,35.454,-7.806,4.639,-0.4134,0.9986,127,4.402,244.1,127.84,44.89
1062,35.487,-6.822,3.767,-0.3072,0.999,168,4.676,244.84,127.33,45.01
1063,35.521,-5.045,3.177,-0.1737,0.998,150,4.796,243.58,126.67,45.13
1064,35.554,-6.949,3.905,-0.3248,0.9987,144,4.967,241.58,125.91,45.34
1065,35.588,-5.983,3.518,-0.2439,0.9985,143,5.003,232.1,125.27,45.58
1066,35.621,-5.968,3.399,-0.2308,0.9987,136,5.266,217.92,124.7,45.89
1067,35.655,-6.122,3.092,-0.2138,0.9989,140,5.464,214.16,123.95,46.2
1068,35.688,-6.211,3.123,-0.2176,0.999,142,5.438,210.02,123.23,46.57
1069,35.721,-6.204,3.656,-0.2638,0.9985,147,5.696,209.5,121.95,46.83
1070,35.755,-6.125,2.936,-0.1948,0.9988,143,5.916,222.41,121.38,47.13
1071,35.788,-6.311,2.883,-0.2038,0.9989,163,6.272,229.15,120.74,47.4
1072,35.822,-5.785,2.93,-0.1728,0.9983,182,6.358,232.29,120.38,47.72
1073,35.855,-6.203,2.809,-0.1879,0.9987,169,6.647,239.22,120.11,48.07
1074,35.888,-5.82,2.977,-0.1647,0.9982,177,6.931,236.49,119.8,48.23
1075,35.922,-5.848,3.056,-0.1812,0.9982,173,6.915,225.7,119.42,48.32
1076,35.955,-5.725,2.982,-0.1668,0.9981,179,6.797,223.74,119.06,48.42
1077,35.989,-5.366,2.65,-0.1215,0.9982,185,7.545,226.91,118.01,48.51
1078,36.022,-5.645,2.836,-0.1504,0.9982,195,6.844,214.94,117.67,48.64
1079,36.056,-5.783,2.636,-0.1414,0.9984,203,7.012,203.93,117.43,48.78
1080,36.089,-5.349,2.515,-0.0947,0.9979,195,7.115,205.56,117.5,48.75
1081,36.122,-5.921,2.631,-0.1258,0.9982,203,7.426,208.75,117.32,48.87
1082,36.156,-5.653,2.494,-0.0988,0.998,211,7.438,221.24,117.17,48.93
1083,36.189,-5.617,2.47,-0.0897,0.9981,202,7.641,209.83,116.86,49.0
1084,36.223,-5.553,2.366,-0.0882,0.9983,213,7.411,196.14,116.63,49.11
1085,36.256,-5.344,2.363,-0.0774,0.9981,215,7.421,204.82,116.29,49.16
1086,36.289,-5.456,2.179,-0.0911,0.9986,215,7.287,220.78,116.25,49.18
1087,36.323,-4.852,2.576,-0.0997,0.9978,232,6.981,222.17,116.27,49.27
1088,36.356,-4.549,2.502,-0.0948,0.9979,226,6.759,215.77,116.32,49.38
1089,36.39,-4.418,2.279,-0.0799,0.9981,230,6.695,213.44,116.26,49.47
1090,36.423,-4.423,2.487,-0.1045,0.9978,234,6.816,236.66,116.57,49.65
1091,36.457,-4.312,2.472,-0.1103,0.9979,248,6.383,244.05,116.49,49.74
1092,36.49,-4.188,2.321,-0.0996,0.9981,249,6.247,235.28,116.33,49.8
1093,36.523,-3.729,2.085,-0.0585,0.9978,240,6.239,242.19,116.06,49.84
1094,36.557,-4.014,2.262,-0.1071,0.9979,222,6.204,256.52,115.89,49.9
1095,36.59,-3.587,2.288,-0.0876,0.9976,250,6.092,273.53,115.43,49.93
1096,36.624,-3.682,2.211,-0.0988,0.998,255,6.201,254.01,114.95,50.03
1097,36.657,-3.898,2.334,-0.1138,0.9978,254,6.172,239.63,114.42,50.08
1098,36.69,-3.676,2.123,-0.0952,0.9978,257,6.127,253.01,113.91,50.17
1099,36.724,-3.604,2.385,-0.1017,0.9973,254,6.303,264.15,113.34,50.33
1100,36.757,-3.629,2.443,-0.1097,0.9972,259,6.646,278.31,113.18,50.54
1101,36.791,-3.587,2.566,-0.1179,0.997,261,6.827,262.1,113.01,50.86
1102,36.824,-3.319,2.69,-0.109,0.9964,215,6.823,251.05,112.77,51.04
1103,36.858,-3.395,2.578,-0.1245,0.9966,219,7.128,261.67,113.13,51.42
1104,36.891,-3.215,2.7,-0.1143,0.9964,224,6.675,263.82,113.0,51.6
1105,36.924,-3.051,2.556,-0.1053,0.9965,231,6.439,254.61,112.54,51.64
1106,36.958,-3.133,2.706,-0.1316,0.9965,232,6.329,248.3,112.26,51.6
1107,36.991,-2.829,2.694,-0.1184,0.9965,223,6.087,256.12,111.94,51.5
1108,37.025,-2.639,2.543,-0.1026,0.9967,220,5.957,261.62,111.69,51.42
1109,37.058,-2.576,2.758,-0.1093,0.9965,234,5.821,243.09,111.41,51.34
1110,37.091,-2.476,2.73,-0.1069,0.9968,236,5.712,226.5,111.13,51.27
1111,37.125,-2.364,2.794,-0.1076,0.9968,242,5.607,225.82,110.89,51.2
1112,37.158,-2.246,2.56,-0.0856,0.9971,255,5.611,248.3,110.63,51.17
1113,37.192,-2.237,2.699,-0.096,0.997,253,5.795,265.94,110.64,51.3
1114,37.225,-2.418,2.83,-0.119,0.9969,250,5.808,244.06,110.76,51.52
1115,37.258,-2.156,2.75,-0.0896,0.9968,268,5.985,249.66,110.86,51.76
1116,37.292,-2.241,2.821,-0.1097,0.997,260,5.942,260.72,111.02,51.95
1117,37.325,-2.162,2.715,-0.0908,0.9972,265,6.158,268.44,111.03,52.08
1118,37.359,-2.595,2.711,-0.1165,0.9976,267,6.193,255.82,111.22,52.19
1119,37.392,-2.349,2.779,-0.0858,0.9972,289,6.615,259.12,111.37,52.3
1120,37.426,-2.439,2.811,-0.0883,0.9974,292,6.761,280.26,111.41,52.47
1121,37.459,-2.919,2.239,-0.0924,0.9985,282,7.176,291.35,111.54,52.65
1122,37.492,-2.924,2.84,-0.0958,0.9978,310,7.599,272.31,111.81,52.76
1123,37.526,-2.867,2.886,-0.0795,0.9977,334,7.8,255.14,112.08,52.86
1124,37.559,-3.529,2.877,-0.1166,0.9982,294,8.282,259.42,111.97,52.91
1125,37.593,-2.968,2.915,-0.049,0.9976,300,8.743,281.05,111.5,53.13
1126,37.626,-3.251,3.146,-0.0765,0.9976,336,8.763,284.12,111.64,53.35
1127,37.659,-3.543,3.002,-0.0842,0.9979,332,8.944,271.2,111.65,53.46
1128,37.693,-3.702,3.047,-0.0996,0.9978,351,9.085,264.86,111.34,53.6
1129,37.726,-4.188,2.524,-0.1023,0.9988,332,9.365,282.56,110.88,53.8
1130,37.76,-4.338,2.848,-0.1215,0.9983,355,9.314,289.36,110.84,54.04
1131,37.793,-3.714,3.117,-0.0845,0.9973,334,9.281,279.6,111.06,54.18
1132,37.827,-4.197,2.966,-0.1082,0.9979,358,9.521,288.06,111.22,54.4
1133,37.86,-4.266,2.798,-0.1083,0.9979,382,9.517,303.88,111.27,54.69
1134,37.893,-4.251,2.603,-0.1046,0.9979,381,9.551,315.65,111.39,54.94
1135,37.927,-4.319,2.661,-0.118,0.9977,381,9.432,292.78,111.73,55.18
1136,37.96,-4.576,2.636,-0.1375,0.9977,375,9.51,275.7,111.93,55.36
1137,37.994,-4.607,2.879,-0.1523,0.9973,353,10.36,333.1,110.76,55.65
1138,38.027,-4.957,2.245,-0.1451,0.998,369,9.665,325.23,110.95,55.92
1139,38.06,-4.837,2.738,-0.1671,0.9973,375,9.71,307.19,111.25,56.14
1140,38.094,-4.942,2.789,-0.1759,0.9972,382,9.656,289.06,111.57,56.34
1141,38.127,-4.684,1.92,-0.1177,0.998,388,9.867,288.47,111.87,56.6
1142,38.161,-4.741,1.97,-0.1313,0.9977,368,9.99,307.49,111.99,56.86
1143,38.194,-4.855,1.658,-0.1176,0.998,351,10.363,310.62,112.1,57.16
1144,38.228,-4.403,1.968,-0.0987,0.9967,320,10.583,293.09,112.28,57.42
1145,38.261,-5.043,1.832,-0.1264,0.9972,371,10.81,311.81,112.38,57.74
1146,38.294,-6.035,2.212,-0.2045,0.9971,350,11.618,346.54,112.11,57.99
1147,38.328,-5.895,1.717,-0.163,0.9974,379,12.337,344.94,111.74,58.19
1148,38.361,-6.195,1.377,-0.1639,0.998,357,12.776,323.87,111.2,58.4
1149,38.395,-6.566,1.527,-0.1924,0.9978,369,13.161,311.97,110.25,58.55
1150,38.428,-6.274,1.278,-0.1553,0.9978,387,13.451,334.06,109.16,58.86
1151,38.461,-6.766,1.585,-0.1834,0.9974,357,13.795,369.67,108.44,59.17
1152,38.495,-6.256,1.103,-0.1169,0.9976,373,14.359,372.9,108.25,59.4
1153,38.528,-6.433,1.114,-0.1256,0.9977,383,14.758,362.98,108.42,59.73
1154,38.562,-5.774,0.866,-0.0675,0.9971,328,15.098,368.82,108.56,60.23
1155,38.595,-6.274,0.331,-0.0675,0.9983,373,15.305,408.13,108.44,60.71
1156,38.629,-6.111,0.131,-0.0366,0.9983,339,15.252,440.21,108.67,61.08
1157,38.662,-6.486,1.004,-0.1068,0.9972,352,15.14,416.35,109.63,61.31
1158,38.695,-6.237,0.276,-0.0527,0.9981,368,15.076,426.42,110.62,61.54
1159,38.729,-6.326,0.066,-0.037,0.9986,363,15.125,461.26,111.2,61.72
1160,38.762,-6.445,0.023,-0.0419,0.9986,381,15.029,475.2,111.83,61.96
1161,38.796,-5.804,0.194,0.0095,0.9979,309,14.696,428.58,112.66,62.13
1162,38.829,-5.73,0.436,-0.0147,0.9977,330,14.317,395.63,113.02,62.19
1163,38.862,-6.289,0.317,-0.0549,0.9984,352,13.877,416.26,112.93,62.3
1164,38.896,-5.794,0.445,-0.0385,0.9983,362,13.632,465.69,112.42,62.34
1165,38.929,-5.649,0.124,-0.026,0.9989,374,13.26,438.39,112.31,62.19
1166,38.963,-5.368,0.255,-0.0165,0.9986,373,12.834,407.87,112.35,62.11
1167,38.996,-5.287,0.199,-0.0234,0.9988,379,12.588,394.38,111.97,62.05
1168,39.03,-5.325,-0.091,-0.004,0.9992,383,12.654,412.42,111.63,61.9
1169,39.063,-5.3,-0.202,0.006,0.9992,386,12.779,406.83,111.54,61.8
1170,39.096,-5.456,0.028,-0.0127,0.9989,370,12.808,387.88,111.82,61.74
1171,39.13,-5.471,-0.307,0.0051,0.9993,386,12.848,373.74,112.09,61.65
1172,39.163,-5.516,-0.525,0.0123,0.9996,382,13.152,438.45,112.13,61.69
1173,39.197,-5.202,0.098,0.0042,0.9985,382,13.395,399.51,111.64,61.79
1174,39.23,-5.148,0.048,0.0067,0.9984,380,13.385,370.9,111.22,61.95
1175,39.263,-4.834,-0.051,0.0242,0.9983,377,12.987,345.74,111.03,62.14
1176,39.297,-5.099,-0.016,0.0023,0.9982,383,13.777,364.51,111.75,62.2
1177,39.33,-4.95,-0.138,0.0135,0.9981,372,13.984,371.7,112.55,62.17
1178,39.364,-4.966,-0.549,0.0354,0.9985,372,13.91,349.96,113.69,62.01
1179,39.397,-5.145,-0.377,0.0076,0.9984,375,13.762,335.21,114.9,61.89
1180,39.431,-5.282,-0.268,-0.014,0.9983,374,13.529,330.2,115.82,61.75
1181,39.464,-5.278,-0.228,-0.0138,0.9983,369,13.592,346.85,116.24,61.66
1182,39.497,-5.407,-0.207,-0.026,0.9983,370,13.753,366.32,116.7,61.58
1183,39.531,-5.371,-0.332,-0.0226,0.9985,373,13.496,347.75,117.75,61.54
1184,39.564,-5.069,-0.181,-0.0043,0.9982,359,12.891,333.62,118.49,61.56
1185,39.598,-5.472,-0.34,-0.0318,0.9988,371,13.179,355.63,118.72,61.61
1186,39.631,-5.539,-0.619,-0.0242,0.9992,369,13.286,352.83,119.48,61.69
1187,39.664,-5.624,-0.672,-0.0357,0.9993,368,13.091,345.52,120.36,61.72
1188,39.698,-5.242,-0.498,-0.0287,0.9989,369,12.692,329.85,121.11,61.75
1189,39.731,-5.287,-0.213,-0.0486,0.9985,371,12.809,346.34,121.53,61.86
1190,39.765,-4.86,-0.165,-0.0381,0.9981,375,12.885,370.69,121.51,62.03
1191,39.798,-4.568,-0.301,-0.0198,0.9983,369,12.452,346.78,122.22,62.03
1192,39.832,-4.545,-0.348,-0.0402,0.9984,387,12.081,327.91,122.84,62.03
1193,39.865,-4.168,-0.101,-0.0309,0.9978,376,12.122,331.03,122.92,62.18
1194,39.898,-4.466,-0.455,-0.0635,0.9986,371,11.942,358.71,122.48,62.3
1195,39.932,-3.499,-0.654,0.009,0.9986,373,11.311,368.09,122.53,62.45
1196,39.965,-3.895,-0.143,-0.0708,0.9982,369,10.754,343.67,122.92,62.36
1197,39.999,-3.872,0.017,-0.1122,0.9981,331,11.675,472.97,120.57,62.96
1198,40.032,-3.605,-0.177,-0.0727,0.9984,388,9.748,441.97,121.14,62.81
1199,40.065,-3.326,0.114,-0.0756,0.998,385,9.097,420.72,121.41,62.71
1200,40.099,-2.818,0.157,-0.0353,0.998,374,8.374,371.09,121.65,62.61
1201,40.132,-3.236,0.521,-0.0956,0.9978,381,7.845,353.39,121.77,62.47
1202,40.166,-3.021,0.469,-0.0716,0.9979,372,8.049,390.84,121.48,62.52
1203,40.199,-3.157,0.473,-0.0852,0.9981,380,7.638,400.04,121.45,62.44
1204,40.232,-2.954,0.418,-0.0579,0.9981,372,7.712,372.04,121.41,62.31
1205,40.266,-2.879,0.485,-0.0521,0.998,355,7.342,355.9,121.4,62.21
1206,40.299,-3.067,0.256,-0.0497,0.9986,356,7.457,353.41,121.11,62.12
1207,40.333,-3.691,0.088,-0.1224,0.9995,356,7.814,394.6,120.34,62.09
1208,40.366,-3.319,0.212,-0.0789,0.9988,366,7.983,408.59,119.75,62.17
1209,40.4,-3.303,0.169,-0.0763,0.9989,374,7.696,389.07,119.76,62.01
1210,40.433,-3.57,0.144,-0.0788,0.999,362,8.17,375.46,119.31,61.88
1211,40.466,-4.136,0.272,-0.1238,0.999,370,8.378,393.74,118.75,61.85
1212,40.5,-4.338,0.251,-0.1294,0.9993,378,8.465,401.42,118.26,61.72
1213,40.533,-4.358,0.409,-0.1153,0.9989,376,8.31,372.38,118.21,61.56
1214,40.567,-4.488,0.185,-0.0936,0.9993,370,8.849,376.97,117.77,61.35
1215,40.6,-4.761,0.285,-0.1059,0.9993,364,8.792,385.96,117.54,61.17
1216,40.633,-5.455,0.222,-0.151,0.9996,370,9.303,388.03,117.36,60.89
1217,40.667,-5.649,0.243,-0.149,0.9997,365,9.184,356.64,117.71,60.4
1218,40.7,-5.922,0.331,-0.1647,0.9996,372,9.346,339.08,117.97,59.99
1219,40.734,-6.385,0.509,-0.2046,0.9995,370,9.799,348.42,117.84,59.57
1220,40.767,-6.318,0.519,-0.1739,0.9993,360,10.306,394.61,117.22,59.31
1221,40.801,-6.607,0.422,-0.1884,0.9996,368,10.391,397.24,116.95,58.81
1222,40.834,-6.699,0.269,-0.2048,0.9999,384,9.908,360.83,117.4,58.31
1223,40.867,-6.678,0.474,-0.2288,0.9995,344,9.592,349.86,117.48,57.91
1224,40.901,-6.635,0.119,-0.2217,1.0003,336,9.375,387.13,117.09,57.63
1225,40.934,-6.536,0.369,-0.253,0.9998,347,9.029,397.88,116.69,57.37
1226,40.968,-6.09,-0.284,-0.2195,1.0009,360,8.524,376.99,116.6,57.1
1227,41.001,-5.985,0.171,-0.241,0.9999,356,8.544,370.32,116.44,56.9
1228,41.034,-5.863,0.033,-0.2384,1.0,354,8.284,376.21,116.23,56.75
1229,41.068,-6.115,-0.407,-0.2756,1.0013,345,8.028,362.1,115.84,56.53
1230,41.101,-5.041,-0.446,-0.1529,1.0008,335,7.762,340.73,115.52,56.25
1231,41.135,-5.371,0.224,-0.2419,0.9997,370,7.295,316.8,114.88,55.99
1232,41.168,-5.125,0.355,-0.2335,0.9994,356,7.5,325.75,113.85,55.93
1233,41.202,-4.941,0.424,-0.2086,0.9992,354,7.531,361.16,112.2,55.92
1234,41.235,-4.945,0.437,-0.2037,0.9992,387,6.764,363.12,111.58,55.7
1235,41.268,-5.492,0.396,-0.2505,0.9996,356,6.36,334.21,111.22,55.48
1236,41.302,-6.129,-0.385,-0.2985,1.0015,319,6.427,328.13,110.76,55.25
1237,41.335,-4.831,0.537,-0.1871,0.999,339,6.498,343.1,109.92,55.0
1238,41.369,-4.828,0.078,-0.1743,1.0001,336,6.419,366.43,109.04,54.76
1239,41.402,-4.5,-0.429,-0.1015,1.0007,296,6.287,332.06,108.58,54.48
1240,41.435,-5.041,0.433,-0.1956,0.9992,306,6.268,319.77,108.02,54.23
1241,41.469,-5.228,-0.087,-0.1915,1.0002,302,6.529,324.79,107.29,54.0
1242,41.502,-4.937,0.192,-0.1782,0.9995,306,6.177,328.62,106.8,53.7
1243,41.536,-5.079,0.189,-0.1786,0.9997,327,5.977,308.59,106.52,53.47
1244,41.569,-5.511,-0.471,-0.2009,1.0012,299,5.762,281.5,106.3,53.12
1245,41.603,-5.206,0.235,-0.1797,0.9999,277,5.621,299.59,106.2,52.89
1246,41.636,-4.948,0.473,-0.1479,0.9992,293,5.575,304.43,105.87,52.57
1247,41.669,-5.042,0.453,-0.1534,0.9995,294,5.298,289.17,105.83,52.32
1248,41.703,-4.821,0.479,-0.1246,0.9995,286,5.224,264.73,105.78,52.02
1249,41.736,-5.315,0.087,-0.1743,1.0008,281,5.483,249.43,105.88,51.73
1250,41.77,-5.236,0.134,-0.1498,1.0006,243,5.784,247.57,106.11,51.47
1251,41.803,-5.201,0.344,-0.1515,1.0002,220,5.606,259.28,106.43,51.22
1252,41.836,-5.106,0.375,-0.1382,1.0001,219,5.483,235.73,106.54,50.99
1253,41.87,-5.241,0.566,-0.1542,1.0,276,5.574,230.98,107.11,50.77
1254,41.903,-5.105,0.604,-0.1406,0.9999,273,5.777,239.28,107.38,50.49
1255,41.937,-5.081,0.591,-0.139,1.0,270,5.759,244.41,107.67,50.24
1256,41.97,-4.815,0.387,-0.0889,1.0002,247,5.621,226.06,107.75,49.92
1257,42.004,-5.088,0.462,-0.1479,1.0003,214,7.053,316.53,108.67,49.62
1258,42.037,-4.848,0.441,-0.1195,1.0002,284,5.397,298.73,108.65,49.35
1259,42.07,-4.362,0.781,-0.0692,0.9993,261,5.43,286.04,108.5,49.14
1260,42.104,-4.73,0.531,-0.1113,1.0001,257,5.438,282.54,108.28,48.94
1261,42.137,-4.688,0.275,-0.1023,1.0004,262,5.102,249.21,108.02,48.65
1262,42.171,-4.795,0.361,-0.1211,1.0003,237,4.869,239.06,108.13,48.58
1263,42.204,-4.87,0.488,-0.1258,1.0002,248,5.043,253.51,108.21,48.58
1264,42.237,-4.589,0.414,-0.0853,1.0001,249,4.846,252.09,108.42,48.49
1265,42.271,-4.88,0.143,-0.1119,1.0006,225,4.647,228.97,108.43,48.36
1266,42.304,-4.642,0.314,-0.0996,1.0001,222,4.19,216.9,108.72,48.28
1267,42.338,-4.7,0.272,-0.1041,1.0001,221,4.491,227.1,108.63,48.16
1268,42.371,-4.666,0.161,-0.0996,1.0003,214,4.039,221.63,108.75,48.11
1269,42.405,-4.482,0.248,-0.1002,1.0,197,3.774,210.28,108.57,48.0
1270,42.438,-4.55,0.18,-0.1278,1.0003,194,3.687,204.79,108.84,47.89
1271,42.471,-4.563,0.631,-0.1472,0.9995,171,4.026,215.39,109.0,47.81
1272,42.505,-4.494,0.584,-0.1357,0.9995,165,4.393,241.52,109.45,47.89
1273,42.538,-4.325,0.535,-0.1397,0.9995,187,4.202,230.86,109.18,47.97
1274,42.572,-4.196,0.443,-0.1356,0.9996,172,4.022,219.69,108.81,48.07
1275,42.605,-3.934,1.009,-0.1282,0.9984,162,3.979,221.23,108.47,48.16
1276,42.638,-3.946,1.146,-0.1389,0.9982,164,3.933,231.45,108.16,48.25
1277,42.672,-3.837,1.0,-0.1354,0.9983,154,3.633,234.51,107.82,48.28
1278,42.705,-3.596,0.96,-0.1249,0.9983,150,3.319,226.0,107.52,48.39
1279,42.739,-3.673,0.678,-0.1298,0.9987,143,3.296,219.26,107.12,48.42
1280,42.772,-4.171,0.508,-0.233,0.9995,143,3.201,217.26,106.69,48.45
1281,42.806,-3.013,0.771,-0.098,0.9981,125,3.17,221.96,106.33,48.47
1282,42.839,-2.606,0.883,-0.0806,0.9977,115,3.16,216.52,105.99,48.56
1283,42.872,-2.673,0.806,-0.0902,0.998,120,3.083,218.2,105.91,48.61
1284,42.906,-2.652,0.784,-0.0935,0.998,124,3.326,224.91,106.04,48.75
1285,42.939,-3.186,0.903,-0.1684,0.9982,132,3.421,236.37,106.41,48.9
1286,42.973,-2.631,0.932,-0.0954,0.9977,105,3.09,231.31,106.55,49.0
1287,43.006,-2.712,0.802,-0.0875,0.9977,107,2.949,219.83,106.48,49.07
1288,43.039,-2.998,0.606,-0.1207,0.9983,118,3.002,223.39,106.38,49.16
1289,43.073,-2.911,0.668,-0.1138,0.9981,110,3.133,232.18,106.19,49.14
1290,43.106,-2.809,0.71,-0.1122,0.9981,114,2.887,240.16,105.96,49.21
1291,43.14,-2.575,0.813,-0.0944,0.998,94,2.46,233.89,105.72,49.23
1292,43.173,-2.777,0.55,-0.082,0.9986,92,2.568,233.97,105.51,49.24
1293,43.206,-3.079,0.471,-0.1027,0.999,111,2.688,233.0,105.5,49.35
1294,43.24,-3.079,0.416,-0.0886,0.9992,92,2.792,236.28,105.77,49.48
1295,43.273,-3.175,0.632,-0.0953,0.999,90,2.852,248.5,106.06,49.62
1296,43.307,-3.448,0.716,-0.1385,0.9992,90,3.043,244.02,106.39,49.77
1297,43.34,-3.512,0.912,-0.1188,0.9989,78,3.453,266.32,106.85,49.92
1298,43.374,-3.466,0.777,-0.1033,0.9991,78,3.24,242.87,107.2,49.95
1299,43.407,-3.795,0.74,-0.1239,0.9993,72,3.131,244.07,107.49,50.05
1300,43.44,-3.986,0.687,-0.1167,0.9993,59,2.576,238.1,107.63,50.07
1301,43.474,-3.931,0.556,-0.1065,0.9993,69,2.544,231.4,107.91,49.94
1302,43.507,-3.928,1.667,-0.1704,0.9977,53,2.775,230.12,108.61,49.89
1303,43.541,-4.115,0.965,-0.1492,0.9987,53,2.552,225.9,109.11,49.85
1304,43.574,-4.089,1.123,-0.1441,0.9985,64,2.313,216.32,109.34,49.84
1305,43.607,-4.05,1.209,-0.1575,0.9981,64,2.383,206.39,109.58,49.8
1306,43.641,-4.163,1.154,-0.1505,0.9982,63,2.745,206.38,110.2,49.84
1307,43.674,-4.169,0.965,-0.1502,0.9984,53,2.662,216.64,110.15,49.82
1308,43.708,-4.199,1.487,-0.1878,0.9977,60,2.631,206.93,109.79,49.89
1309,43.741,-4.301,1.046,-0.1574,0.9983,74,2.719,220.37,109.34,49.98
1310,43.775,-4.612,0.728,-0.1654,0.9989,93,2.954,208.02,108.84,50.03
1311,43.808,-4.544,0.67,-0.1663,0.9987,74,3.046,208.08,108.37,50.08
1312,43.841,-4.354,0.713,-0.1278,0.9986,78,2.729,199.8,107.88,50.15
1313,43.875,-4.658,0.712,-0.1394,0.9988,82,2.986,192.35,107.66,50.21
1314,43.908,-5.013,1.161,-0.2103,0.9983,94,3.309,192.52,107.4,50.24
1315,43.942,-5.131,0.77,-0.1888,0.9989,85,3.459,196.06,107.55,50.23
1316,43.975,-5.047,1.086,-0.183,0.998,82,3.746,203.03,107.81,50.11
1317,44.008,-4.996,1.339,-0.1884,0.9977,81,4.615,200.79,108.66,50.04
1318,44.042,-4.487,-0.743,-0.0311,1.0002,139,3.579,192.87,108.25,50.07
1319,44.075,-5.21,-0.152,-0.1224,0.9995,113,3.744,196.33,108.24,50.02
1320,44.109,-5.45,0.084,-0.1507,0.9994,118,3.804,201.16,108.32,49.94
1321,44.142,-4.878,0.25,-0.0769,0.9986,107,3.937,209.13,108.18,49.93
1322,44.176,-5.092,1.076,-0.1605,0.9975,94,4.244,204.08,108.44,49.84
1323,44.209,-5.043,0.764,-0.126,0.9974,64,4.822,206.29,108.67,49.81
1324,44.242,-4.87,0.677,-0.1149,0.9976,60,4.948,213.12,109.0,49.83
1325,44.276,-4.75,0.526,-0.0757,0.9976,59,4.778,210.36,108.89,49.73
1326,44.309,-4.64,0.449,-0.0663,0.9976,68,4.888,202.09,108.85,49.63
1327,44.343,-4.665,0.783,-0.1049,0.9974,71,4.981,200.21,109.3,49.47
1328,44.376,-4.732,0.623,-0.0973,0.9979,81,5.091,202.07,109.81,49.24
1329,44.409,-4.556,0.729,-0.0952,0.9977,85,4.89,207.49,110.03,49.15
1330,44.443,-4.542,0.56,-0.0779,0.9978,97,4.997,201.92,110.1,48.89
1331,44.476,-4.492,0.518,-0.0803,0.9979,101,4.976,192.33,110.02,48.82
1332,44.51,-4.324,0.846,-0.0836,0.9974,95,5.017,190.22,110.15,48.75
1333,44.543,-4.414,0.772,-0.076,0.9976,105,5.076,190.37,110.42,48.71
1334,44.577,-4.402,0.815,-0.0665,0.9976,113,4.86,187.11,110.42,48.59
1335,44.61,-4.305,0.857,-0.0571,0.9976,118,4.563,177.5,110.22,48.46
1336,44.643,-4.089,0.706,-0.032,0.9975,123,4.83,182.78,110.36,48.37
1337,44.677,-4.254,0.751,-0.0368,0.9976,123,5.063,187.39,110.85,48.49
1338,44.71,-4.168,0.865,-0.0455,0.9975,117,4.842,184.31,110.83,48.54
1339,44.744,-4.264,0.407,-0.0206,0.998,122,4.948,176.26,110.67,48.44
1340,44.777,-3.905,0.799,-0.0376,0.9971,117,5.089,179.73,110.9,48.45
1341,44.81,-4.281,0.813,-0.0697,0.9975,114,5.094,190.84,111.02,48.56
1342,44.844,-4.025,0.761,-0.0454,0.9974,131,5.037,190.07,110.87,48.42
1343,44.877,-3.99,0.905,-0.0637,0.9974,130,4.751,179.79,110.34,48.43
1344,44.911,-3.622,0.946,-0.0614,0.9971,132,4.648,174.55,109.99,48.37
1345,44.944,-3.459,1.106,-0.0712,0.997,128,5.124,174.44,110.7,48.69
1346,44.978,-3.263,0.798,-0.0522,0.9973,141,4.586,178.37,110.68,48.79
1347,45.011,-3.474,0.961,-0.0847,0.9974,141,4.342,170.77,110.29,48.73
1348,45.044,-3.326,0.971,-0.0838,0.9974,144,4.236,162.13,110.05,48.65
1349,45.078,-3.097,0.787,-0.0658,0.9973,140,4.296,161.29,109.78,48.59
1350,45.111,-3.133,1.058,-0.0997,0.997,134,4.747,167.35,110.33,48.75
1351,45.145,-2.998,0.85,-0.0735,0.9973,139,4.235,163.27,110.16,48.67
1352,45.178,-3.107,0.945,-0.0839,0.9971,129,4.319,157.97,110.07,48.52
1353,45.211,-3.046,0.955,-0.0854,0.9969,140,4.489,157.63,110.01,48.44
1354,45.245,-3.015,0.721,-0.0824,0.9973,136,4.432,160.07,110.04,48.71
1355,45.278,-3.022,0.922,-0.0911,0.9971,130,4.197,152.84,109.55,48.64
1356,45.312,-3.134,1.013,-0.094,0.9967,118,4.461,142.37,109.03,48.61
1357,45.345,-2.834,1.286,-0.0804,0.996,125,4.571,138.27,108.48,48.58
1358,45.379,-3.061,1.327,-0.1053,0.996,129,4.736,141.14,107.95,48.56
1359,45.412,-3.147,1.256,-0.0911,0.9962,129,4.746,137.95,107.73,48.38
1360,45.445,-3.198,1.19,-0.0921,0.9963,119,4.605,133.61,107.32,48.31
1361,45.479,-3.258,1.589,-0.1184,0.9958,112,4.755,125.94,106.8,48.28
1362,45.512,-3.419,1.28,-0.0958,0.9964,124,4.807,129.05,106.27,48.24
1363,45.546,-3.667,1.429,-0.1116,0.9962,127,4.963,131.57,105.73,48.15
1364,45.579,-3.835,1.508,-0.1199,0.996,124,5.128,123.7,105.09,48.05
1365,45.612,-4.04,1.954,-0.1479,0.9953,120,5.179,118.56,104.35,48.01
1366,45.646,-4.307,1.281,-0.1178,0.9964,125,5.332,122.03,103.59,47.9
1367,45.679,-4.579,1.274,-0.133,0.9966,119,5.318,122.87,103.11,47.86
1368,45.713,-4.713,1.477,-0.1395,0.9966,119,5.412,113.16,102.37,47.78
1369,45.746,-4.871,1.379,-0.1451,0.9969,117,5.524,107.76,101.98,47.6
1370,45.78,-4.776,1.643,-0.1412,0.9966,119,5.622,108.52,101.3,47.48
1371,45.813,-5.038,1.421,-0.1438,0.9972,118,5.59,117.52,100.68,47.34
1372,45.846,-5.239,1.408,-0.1364,0.9974,115,5.918,127.55,100.06,47.17
1373,45.88,-5.58,1.381,-0.1418,0.9977,110,6.139,125.79,99.23,46.98
1374,45.913,-5.883,1.391,-0.1469,0.9978,103,6.203,118.89,98.57,46.8
1375,45.947,-6.095,1.168,-0.1376,0.9982,109,6.596,123.32,98.32,46.69
1376,45.98,-6.252,1.279,-0.1411,0.9981,107,6.986,125.43,98.23,46.46
1377,46.013,-6.495,1.442,-0.1503,0.9978,114,7.885,126.52,98.98,46.41
1378,46.047,-6.92,1.523,-0.1662,0.9978,126,7.392,115.96,98.99,45.94
1379,46.08,-7.347,1.258,-0.1775,0.9985,128,7.75,104.48,99.55,45.57
1380,46.114,-7.018,2.118,-0.1925,0.9972,108,8.057,111.52,100.17,45.4
1381,46.147,-7.484,1.668,-0.1638,0.998,123,8.422,103.27,100.38,45.35
1382,46.18,-7.948,1.628,-0.1815,0.9985,131,8.623,95.11,100.65,45.46
1383,46.214,-8.268,1.358,-0.1901,0.9989,127,8.635,92.47,101.16,45.62
1384,46.247,-8.525,1.097,-0.199,0.9995,123,8.762,91.86,101.9,45.84
1385,46.281,-7.988,1.396,-0.161,0.9988,125,8.793,83.94,102.93,46.11
1386,46.314,-8.435,1.166,-0.1945,0.9992,114,8.731,78.78,103.68,46.43
1387,46.348,-8.836,1.253,-0.234,0.9994,112,8.495,72.34,104.59,46.78
1388,46.381,-8.767,0.982,-0.2216,0.9998,110,8.174,69.97,105.85,47.09
1389,46.414,-8.776,0.735,-0.215,1.0001,102,8.404,69.14,107.66,47.58
1390,46.448,-9.149,0.596,-0.2469,1.0007,115,8.119,64.79,108.88,47.81
1391,46.481,-9.177,0.815,-0.263,1.0003,113,8.003,61.05,110.0,48.0
1392,46.515,-8.965,0.851,-0.2578,1.0002,107,7.971,61.17,111.47,48.22
1393,46.548,-9.085,0.553,-0.2542,1.0008,108,7.882,59.32,112.8,48.47
1394,46.581,-9.159,0.378,-0.2579,1.0009,107,7.799,58.17,113.89,48.67
1395,46.615,-9.506,0.06,-0.2796,1.0015,112,7.804,55.79,115.01,48.8
1396,46.648,-9.624,-0.095,-0.2852,1.0017,102,7.888,56.24,116.48,48.87
1397,46.682,-9.588,-0.084,-0.2754,1.0015,100,8.028,61.72,118.14,48.94
1398,46.715,-9.89,-0.383,-0.295,1.0021,98,8.091,61.66,119.8,49.05
1399,46.749,-10.058,-0.427,-0.3018,1.0022,100,8.026,61.54,121.18,49.02
1400,46.782,-10.252,-0.477,-0.3075,1.0022,99,7.954,61.73,122.4,48.88
1401,46.815,-10.099,-0.971,-0.2763,1.0028,94,8.028,67.37,123.92,48.65
1402,46.849,-10.54,-1.018,-0.3206,1.0032,98,8.015,72.46,125.23,48.57
1403,46.882,-10.191,-1.026,-0.2747,1.0028,101,7.791,69.89,126.01,48.48
1404,46.916,-9.989,-1.32,-0.2429,1.0032,95,7.398,67.83,126.5,48.33
1405,46.949,-10.085,-0.262,-0.2904,1.0013,90,7.049,70.57,127.39,48.29
1406,46.982,-9.654,-0.338,-0.2481,1.0013,94,6.691,73.34,128.33,48.04
1407,47.016,-9.803,-1.485,-0.2265,1.0036,100,6.622,74.68,129.24,47.69
1408,47.049,-9.477,-1.44,-0.1914,1.0033,96,6.551,75.34,130.0,47.4
1409,47.083,-9.757,-1.435,-0.2194,1.0036,97,6.411,68.53,131.09,47.19
1410,47.116,-9.738,-1.54,-0.1928,1.0038,96,6.333,69.86,131.8,47.21
1411,47.15,-9.83,-1.59,-0.1923,1.004,93,6.02,62.18,132.23,47.14
1412,47.183,-9.598,-0.757,-0.1781,1.0023,88,5.961,54.32,132.5,47.14
1413,47.216,-9.875,-0.425,-0.2007,1.0021,76,5.953,51.7,132.96,47.16
1414,47.25,-10.38,-1.285,-0.2349,1.0041,67,5.683,48.92,133.65,47.15
1415,47.283,-10.1,0.062,-0.2193,1.0016,67,5.275,45.32,134.44,47.2
1416,47.317,-9.861,-0.279,-0.1798,1.0021,62,4.897,42.06,135.3,47.13
1417,47.35,-9.724,0.124,-0.1815,1.0014,48,4.622,36.81,136.11,47.02
1418,47.383,-10.401,0.29,-0.2495,1.0012,50,4.391,34.86,137.0,46.7
1419,47.417,-9.409,-0.82,-0.1399,1.0029,52,4.181,36.57,137.79,46.56
1420,47.45,-9.359,-0.746,-0.1504,1.0026,47,4.126,34.89,138.84,46.19
1421,47.484,-9.333,-0.111,-0.1705,1.0012,55,4.169,31.54,139.84,45.79
1422,47.517,-9.55,-0.658,-0.1896,1.0023,49,4.077,31.97,140.72,45.44
1423,47.551,-9.406,-0.928,-0.169,1.0028,42,3.991,30.44,141.52,45.17
1424,47.584,-9.077,-0.522,-0.1618,1.002,34,3.935,28.23,142.43,44.83
1425,47.617,-9.003,-0.811,-0.1471,1.0025,34,3.772,27.45,143.32,44.3
1426,47.651,-8.887,-1.027,-0.1483,1.0027,36,3.771,24.41,144.29,43.69
1427,47.684,-8.99,-1.11,-0.1763,1.003,35,3.712,23.9,145.11,43.21
1428,47.718,-8.533,-1.069,-0.1644,1.0028,34,3.559,21.74,145.9,42.61
1429,47.751,-7.404,-0.277,-0.0839,1.0012,40,3.222,20.58,146.71,41.94
1430,47.784,-7.554,-0.59,-0.1098,1.0019,35,3.11,18.75,147.54,41.39
1431,47.818,-7.611,-0.592,-0.1308,1.0021,37,3.25,18.01,148.17,40.94
1432,47.851,-7.295,-1.105,-0.1047,1.0028,32,3.168,17.91,148.83,40.32
1433,47.885,-7.427,-0.983,-0.136,1.0027,30,3.216,17.21,149.68,39.58
1434,47.918,-7.721,-1.082,-0.1696,1.0027,28,3.084,15.02,150.41,38.85
1435,47.952,-6.779,-0.227,-0.099,1.001,31,2.756,14.9,150.99,38.06
1436,47.985,-6.441,-3.999,-0.0463,1.0079,28,2.602,14.45,151.38,37.39
1437,48.018,-6.076,1.549,-0.0693,0.9976,31,2.967,14.88,151.38,36.87
1438,48.052,-6.232,0.419,-0.0923,0.999,27,2.225,13.99,151.44,36.51
1439,48.085,-6.764,0.56,-0.1638,0.9989,24,2.231,14.03,151.35,36.25
1440,48.119,-6.208,0.02,-0.1255,0.9998,21,2.922,14.75,150.13,35.91
1441,48.152,-5.112,0.06,-0.0396,0.999,21,2.498,16.84,149.33,35.56
1442,48.185,-4.606,-0.031,-0.023,0.9989,13,2.078,15.98,148.85,35.46
1443,48.219,-4.191,-0.708,-0.0733,1.0,11,2.155,16.32,148.16,35.44
1444,48.252,-3.978,-0.802,-0.171,1.0,11,2.25,15.59,147.09,35.69
1445,48.286,-3.382,1.268,-0.0402,0.9962,12,2.032,14.68,146.16,35.68
1446,48.319,-3.341,-0.848,-0.0337,1.0,11,1.716,15.28,145.49,35.82
1447,48.353,-2.271,1.322,-0.0311,0.9963,14,1.585,15.13,144.91,35.89
1448,48.386,-1.696,-0.674,0.0,1.0,0,1.44,15.43,144.35,35.94
1449,48.419,-1.183,-0.581,0.0,1.0,0,1.145,13.94,143.83,35.9
1450,48.453,-0.619,-0.576,0.0,1.0,0,0.669,13.82,143.57,35.92
1451,48.486,0.258,-0.117,0.0322,0.9987,12,0.303,13.85,143.5,35.94
1452,48.52,0.756,0.401,-0.0059,0.9981,13,0.306,13.19,143.43,35.96
1453,48.553,1.248,-0.368,0.0,1.0,0,0.735,13.61,143.31,35.99
1454,48.586,1.971,-0.305,0.0153,1.0,11,1.009,19.44,143.09,36.06
1455,48.62,3.37,-0.181,0.0429,1.0,10,1.233,19.72,142.95,36.12
1456,48.653,4.922,-0.575,0.1164,0.9995,13,1.377,18.15,142.76,36.12
1457,48.687,5.943,-1.104,0.1394,1.0005,17,1.522,17.79,142.58,36.15
1458,48.72,6.54,0.183,0.1323,0.9988,21,1.819,18.22,142.29,36.2
1459,48.753,7.333,0.584,0.1327,0.9977,20,2.042,17.56,141.91,36.54
1460,48.787,7.896,0.045,0.1657,0.9991,26,2.397,15.69,141.5,36.94
1461,48.82,8.359,-0.228,0.1714,0.9995,26,2.45,11.92,141.06,37.33
1462,48.854,8.635,-0.518,0.176,0.9998,29,2.579,11.53,140.47,37.84
1463,48.887,8.68,-0.167,0.1548,0.9995,28,2.791,12.41,139.81,38.45
1464,48.921,8.505,1.578,0.1097,0.9963,29,2.984,13.38,138.98,39.11
1465,48.954,8.444,2.064,0.0799,0.9955,31,2.942,14.04,138.09,39.81
1466,48.987,9.206,2.285,0.1438,0.9949,28,3.137,14.82,137.25,40.4
1467,49.021,9.044,1.762,0.1302,0.9963,30,3.043,14.82,136.44,40.95
1468,49.054,9.173,0.001,0.1528,0.9996,35,3.015,15.03,135.58,41.51
1469,49.088,8.811,0.271,0.1275,0.9994,37,3.07,18.69,134.63,42.07
1470,49.121,8.58,1.442,0.0928,0.9975,44,2.965,19.8,133.72,42.53
1471,49.154,8.428,2.34,0.0782,0.996,43,3.222,20.93,132.99,43.06
1472,49.188,8.178,0.818,0.0957,0.9989,42,3.027,21.44,132.19,43.35
1473,49.221,8.755,1.575,0.1451,0.9973,46,3.104,22.79,131.5,43.65
1474,49.255,8.388,1.818,0.1268,0.997,46,3.428,26.76,131.28,44.06
1475,49.288,8.184,1.661,0.1247,0.9973,41,3.507,27.47,131.3,44.49
1476,49.322,8.227,1.405,0.1452,0.9977,45,3.474,28.36,131.28,44.82
1477,49.355,7.832,1.219,0.1093,0.9981,45,3.422,33.59,131.19,45.1
1478,49.388,7.84,0.833,0.138,0.9989,48,3.717,32.61,131.48,45.39
1479,49.422,7.469,0.979,0.0958,0.9988,49,3.788,33.98,131.77,45.77
1480,49.455,7.59,0.791,0.1019,0.999,57,3.815,39.61,131.63,46.18
1481,49.489,7.847,1.052,0.1196,0.9985,56,4.062,38.16,131.37,46.46
1482,49.522,8.074,0.696,0.139,0.9991,60,4.215,41.8,131.09,46.64
1483,49.555,8.15,0.577,0.1343,0.9991,59,4.407,39.69,130.68,46.72
1484,49.589,8.479,0.556,0.149,0.9991,67,4.868,48.68,130.59,46.9
1485,49.622,8.568,0.533,0.1453,0.9992,75,5.234,52.65,130.57,47.16
1486,49.656,8.637,0.359,0.1394,0.9994,78,5.555,55.63,130.84,47.38
1487,49.689,8.692,0.45,0.1334,0.9993,80,5.717,64.5,131.12,47.57
1488,49.723,8.911,0.413,0.1422,0.9994,86,5.803,69.99,131.23,47.7
1489,49.756,9.012,0.402,0.1383,0.9993,93,5.922,72.34,131.21,47.83
1490,49.789,9.477,0.664,0.1425,0.9985,99,6.236,71.94,131.21,48.02
1491,49.823,9.952,0.471,0.1474,0.9988,109,6.474,80.95,130.97,48.09
1492,49.856,10.157,0.759,0.135,0.9982,102,6.87,88.53,130.57,48.25
1493,49.89,10.702,0.589,0.1511,0.9985,106,7.372,91.97,130.13,48.44
1494,49.923,11.135,0.721,0.1637,0.998,106,7.846,91.01,129.5,48.81
1495,49.956,11.444,0.15,0.1725,0.9991,87,8.142,79.12,128.65,49.03
1496,49.99,11.734,0.02,0.1793,0.9992,85,8.349,69.88,127.59,49.24
1497,50.023,12.006,0.104,0.1697,0.9991,87,8.718,74.82,126.77,49.5
1498,50.057,12.308,-0.289,0.1952,0.9998,84,8.672,79.72,125.95,49.74
1499,50.09,12.55,-0.565,0.2119,1.0002,85,9.134,85.62,125.15,49.93
1500,50.124,12.542,-0.932,0.217,1.0008,81,9.557,87.46,124.44,50.07
1501,50.157,12.547,-0.985,0.2039,1.001,84,9.712,87.83,123.52,50.1
1502,50.19,12.503,-1.722,0.2266,1.0021,84,9.812,71.08,122.55,49.95
1503,50.224,12.278,-2.656,0.2365,1.0037,78,9.844,66.19,121.61,49.79
1504,50.257,12.36,-2.437,0.227,1.0032,77,9.96,62.32,120.56,49.5
1505,50.291,12.35,-3.505,0.2593,1.0051,78,10.164,65.28,119.84,49.15
1506,50.324,12.221,-4.075,0.2655,1.0061,75,10.171,65.97,118.76,48.81
1507,50.357,12.111,-4.444,0.2718,1.0068,79,10.252,68.88,117.63,48.45
1508,50.391,11.852,-3.831,0.2261,1.0062,82,10.316,71.61,116.54,48.14
1509,50.424,11.819,-4.126,0.2332,1.0068,82,10.565,77.38,115.97,47.94
1510,50.458,12.915,-3.551,0.2889,1.0052,89,11.096,77.33,116.95,48.1
1511,50.491,11.998,-3.778,0.2386,1.0064,88,10.801,81.29,117.69,48.8
1512,50.525,11.295,-4.562,0.2208,1.0085,80,10.741,90.02,120.04,49.61
1513,50.558,10.277,-8.534,0.3365,1.0148,70,9.791,96.18,122.87,50.21
1514,50.591,12.188,-3.271,0.2462,1.006,82,9.688,99.07,125.77,50.49
1515,50.625,13.141,-2.595,0.2953,1.0042,72,9.55,96.85,128.39,50.66
1516,50.658,12.8,-3.383,0.2907,1.0063,68,9.597,89.89,130.94,50.73
1517,50.692,12.531,-3.72,0.2806,1.0077,72,9.574,98.88,133.47,50.69
1518,50.725,12.523,-3.605,0.2737,1.0077,73,9.486,106.29,135.79,50.73
1519,50.758,12.281,-4.346,0.27,1.0092,80,9.606,108.29,137.66,50.7
1520,50.792,12.568,-4.102,0.2784,1.0084,79,9.714,101.75,138.35,50.63
1521,50.825,11.645,-4.73,0.2309,1.0104,75,9.382,78.01,139.16,50.58
1522,50.859,12.46,-4.656,0.282,1.0092,72,9.573,93.57,139.32,50.33
1523,50.892,11.866,-4.66,0.2285,1.0101,75,9.645,106.14,139.74,50.02
1524,50.926,11.38,-4.262,0.1815,1.0101,71,8.812,107.87,140.14,49.91
1525,50.959,11.79,-4.206,0.1855,1.0086,37,8.151,110.82,141.18,49.49
1526,50.992,13.665,-4.119,0.3316,1.0062,48,7.648,94.37,141.56,49.6
1527,51.026,12.746,-4.901,0.328,1.0081,44,6.812,84.66,141.82,50.03
1528,51.059,13.309,-3.832,0.2842,1.0058,42,6.599,71.44,142.56,50.55
1529,51.093,13.585,-4.551,0.3594,1.0067,39,6.645,67.12,141.85,51.38
1530,51.126,13.416,-2.838,0.2707,1.0043,35,6.608,57.53,141.92,52.23
1531,51.159,12.647,-4.156,0.3021,1.0066,38,6.748,57.8,141.65,52.82
1532,51.193,12.336,-3.763,0.2729,1.0062,41,6.526,62.3,142.12,53.38
1533,51.226,12.748,-2.557,0.239,1.0036,35,6.212,64.1,142.96,53.7
1534,51.26,12.94,-2.661,0.2832,1.0038,38,5.882,60.19,143.43,54.09
1535,51.293,12.458,-3.904,0.3395,1.0061,84,5.883,67.24,143.97,54.3
1536,51.327,12.348,-5.049,0.3394,1.0078,79,6.08,72.59,144.67,54.26
1537,51.36,12.034,-5.465,0.3285,1.0091,72,6.311,70.95,145.24,54.2
1538,51.393,12.208,-4.696,0.3196,1.008,88,6.278,66.91,145.77,53.92
1539,51.427,11.456,-5.411,0.2867,1.0094,64,6.391,74.13,146.11,53.49
1540,51.46,11.14,-4.002,0.1908,1.0085,67,6.571,98.93,146.42,53.13
1541,51.494,11.556,-4.249,0.2152,1.0081,81,6.626,99.02,147.18,52.65
1542,51.527,11.877,-4.221,0.247,1.0084,58,7.531,104.28,147.42,52.58
1543,51.56,12.457,-3.336,0.2532,1.0055,73,7.071,108.27,149.3,51.64
1544,51.594,12.072,-2.849,0.1803,1.0051,52,7.259,124.87,149.87,50.86
1545,51.627,12.008,-3.368,0.2068,1.0068,60,7.407,129.86,150.62,49.66
1546,51.661,12.504,-3.221,0.2689,1.0069,44,7.794,129.62,151.37,48.46
1547,51.694,11.552,-1.482,0.099,1.0032,52,7.865,133.13,151.94,47.07
1548,51.727,13.251,-1.344,0.2385,1.0025,43,8.193,154.12,151.67,46.08
1549,51.761,12.485,-1.117,0.1179,1.0021,62,8.239,170.44,150.9,46.34
1550,51.794,13.308,-1.317,0.1844,1.0019,58,9.059,179.37,149.82,47.33
1551,51.828,12.778,-1.187,0.1253,1.0018,66,9.629,172.73,148.19,47.81
1552,51.861,14.039,-0.639,0.2486,1.0006,102,10.451,182.44,147.77,47.76
1553,51.895,13.753,-0.333,0.1939,1.0,118,10.686,216.26,146.61,47.72
1554,51.928,13.588,-0.425,0.2044,1.0002,147,10.851,235.1,145.74,47.73
1555,51.961,13.382,-1.005,0.1708,1.0009,164,11.09,218.18,145.69,47.69
1556,51.995,13.752,-1.227,0.204,1.0013,131,12.411,300.79,143.89,48.07
1557,52.028,13.896,-0.855,0.2298,1.0002,146,11.489,288.25,143.28,48.33
1558,52.062,13.844,-1.022,0.2465,1.0005,161,11.911,261.59,142.93,48.48
1559,52.095,13.539,-2.112,0.2411,1.0026,193,12.38,257.58,143.02,48.56
1560,52.128,13.665,-2.695,0.2749,1.0032,160,12.665,248.66,142.98,48.66
1561,52.162,13.773,-1.332,0.2807,1.0008,209,13.278,251.4,143.18,48.82
1562,52.195,14.086,-1.873,0.3108,1.0015,227,13.748,260.85,143.44,49.1
1563,52.229,14.222,-2.117,0.3348,1.0018,263,13.988,261.8,143.71,49.35
1564,52.262,14.039,-1.719,0.3159,1.001,253,14.388,268.06,144.13,49.59
1565,52.296,12.957,-2.87,0.2736,1.0035,241,14.952,292.85,144.08,50.08
1566,52.329,14.026,-1.945,0.3438,1.0015,234,15.494,329.17,143.8,50.92
1567,52.362,12.962,-1.872,0.2648,1.0013,255,16.065,363.17,143.2,52.12
1568,52.396,12.489,-2.095,0.2501,1.0023,299,16.397,361.8,141.9,53.52
1569,52.429,12.125,-1.603,0.2394,1.0015,294,16.699,384.15,140.03,55.0
1570,52.463,12.004,-1.925,0.2476,1.0022,325,17.066,420.55,138.5,56.45
1571,52.496,11.975,-2.117,0.2672,1.0029,332,17.392,423.04,137.29,57.63
1572,52.529,11.355,-1.818,0.2208,1.0025,307,17.483,423.36,135.85,58.63
1573,52.563,10.699,-2.3,0.2251,1.0042,318,17.905,429.25,134.77,59.57
1574,52.596,10.298,-2.817,0.2043,1.0058,329,18.449,460.53,133.71,60.25
1575,52.63,10.328,-2.769,0.2094,1.0061,333,19.08,482.27,132.85,61.0
1576,52.663,10.191,-2.675,0.2036,1.0059,322,19.387,479.61,131.99,61.66
1577,52.697,10.356,-2.188,0.177,1.0041,302,19.458,469.42,131.31,62.19
1578,52.73,11.26,-1.773,0.2438,1.0028,268,19.763,461.71,130.76,62.81
1579,52.763,10.99,-1.974,0.2307,1.0032,329,20.056,478.73,130.09,63.46
1580,52.797,11.383,-1.869,0.2591,1.003,304,20.95,499.29,129.44,64.12
1581,52.83,10.647,-2.845,0.2174,1.0048,295,21.762,484.68,129.0,64.66
1582,52.864,11.178,-1.872,0.1946,1.0025,313,22.738,483.25,127.98,65.12
1583,52.897,11.482,-2.082,0.2378,1.003,338,23.029,523.08,127.07,65.62
1584,52.93,11.828,-1.831,0.2657,1.0024,335,23.523,509.24,126.48,66.19
1585,52.964,11.112,-2.592,0.2371,1.0037,319,23.895,500.85,125.71,66.76
1586,52.997,10.664,-3.288,0.2537,1.0056,300,24.203,483.75,124.9,67.37
1587,53.031,10.328,-2.367,0.1978,1.0037,325,24.359,494.72,124.02,68.0
1588,53.064,9.796,-2.082,0.1823,1.0031,307,24.076,495.31,123.39,68.65
1589,53.098,8.919,-3.404,0.2165,1.0061,296,23.545,487.69,123.46,68.96
1590,53.131,8.665,-3.363,0.22,1.0063,326,22.77,476.71,124.02,68.81
1591,53.164,8.107,-3.324,0.2003,1.0063,339,21.865,479.91,125.43,68.49
1592,53.198,6.754,-3.96,0.1705,1.0082,283,20.997,499.23,126.44,68.48
1593,53.231,6.815,-3.307,0.1499,1.0069,344,20.11,492.02,127.34,68.68
1594,53.265,6.724,-3.648,0.1722,1.0077,355,19.345,466.63,128.03,68.99
1595,53.298,5.847,-3.808,0.1374,1.0087,357,18.867,474.69,128.1,69.37
1596,53.331,6.094,-3.686,0.1634,1.0079,287,19.003,531.12,127.8,69.87
1597,53.365,5.464,-4.039,0.1363,1.0095,339,19.052,507.31,127.97,70.33
1598,53.398,5.458,-3.876,0.1328,1.0096,336,18.665,491.45,128.17,70.75
1599,53.432,4.981,-3.876,0.118,1.0103,305,18.454,469.78,128.36,71.19
1600,53.465,4.609,-4.192,0.1154,1.0114,335,18.415,493.07,128.38,71.63
1601,53.499,4.139,-4.195,0.0988,1.0114,322,18.355,517.01,128.14,72.18
1602,53.532,3.67,-4.614,0.111,1.0122,314,17.974,486.58,128.55,72.65
1603,53.565,4.257,-4.008,0.102,1.0099,319,18.014,456.43,128.91,73.1
1604,53.599,4.17,-4.263,0.1133,1.0104,337,17.656,458.02,129.22,73.64
1605,53.632,4.371,-4.266,0.1298,1.0098,343,17.849,491.05,129.21,74.24
1606,53.666,4.504,-3.952,0.1183,1.0091,348,17.69,455.77,129.8,74.57
1607,53.699,4.648,-3.724,0.1201,1.0082,323,17.469,418.04,130.81,74.85
1608,53.732,4.51,-4.059,0.1344,1.009,350,17.12,418.95,131.46,75.04
1609,53.766,4.741,-3.781,0.13,1.0079,334,17.51,462.08,131.5,75.4
1610,53.799,4.852,-3.577,0.115,1.0074,320,17.739,439.61,131.86,75.78
1611,53.833,5.091,-3.1,0.1207,1.0064,319,17.355,409.2,132.39,75.95
1612,53.866,4.693,-3.395,0.1125,1.0072,320,16.993,377.34,132.72,76.17
1613,53.9,5.1,-3.671,0.1671,1.0075,346,16.617,383.65,132.82,76.34
1614,53.933,4.378,-3.516,0.1224,1.0071,330,16.267,416.0,132.59,76.62
1615,53.966,4.346,-3.6,0.1287,1.0069,332,15.939,412.52,132.75,76.8
1616,54.0,4.262,-3.862,0.1498,1.0075,307,16.929,534.64,131.17,76.82
1617,54.033,4.375,-2.75,0.1004,1.005,283,14.496,464.04,131.67,77.01
1618,54.067,4.245,-3.808,0.1645,1.0073,336,14.335,439.52,131.84,77.18
1619,54.1,4.045,-3.842,0.1631,1.0073,331,14.128,417.05,131.86,77.35
1620,54.133,4.195,-3.418,0.1432,1.0062,297,13.695,375.59,132.07,77.45
1621,54.167,4.621,-4.543,0.229,1.008,298,13.52,366.56,131.93,77.58
1622,54.2,3.972,-4.457,0.2001,1.0081,337,13.379,383.54,131.46,77.81
1623,54.234,3.751,-4.736,0.188,1.0085,308,13.136,342.01,131.06,78.0
1624,54.267,4.421,-4.692,0.24,1.0084,350,12.71,305.7,130.5,78.18
1625,54.301,3.553,-4.574,0.1865,1.0086,317,12.031,291.49,130.15,78.28
1626,54.334,3.108,-4.936,0.1993,1.0096,322,11.292,313.67,129.94,78.18
1627,54.367,2.597,-4.832,0.191,1.0097,341,10.647,322.04,129.86,78.12
1628,54.401,2.165,-4.699,0.1757,1.0098,346,10.027,292.1,130.15,78.0
1629,54.434,1.184,-5.206,0.1711,1.011,328,9.134,275.17,130.56,77.9
1630,54.468,1.81,-4.12,0.187,1.0086,300,8.432,298.82,130.71,77.78
1631,54.501,1.476,-4.822,0.2217,1.01,382,8.13,322.88,130.73,77.74
1632,54.534,1.07,-4.571,0.1893,1.0094,360,7.655,301.41,130.74,77.54
1633,54.568,1.493,-4.066,0.1929,1.008,394,7.231,283.03,130.86,77.55
1634,54.601,1.619,-3.36,0.1655,1.0065,383,7.476,294.94,130.56,77.56
1635,54.635,1.571,-3.395,0.1503,1.0067,396,8.105,381.58,129.85,77.6
1636,54.668,1.489,-3.201,0.1281,1.0065,397,7.79,348.17,130.19,77.42
1637,54.701,1.382,-3.143,0.1247,1.0063,397,7.633,322.93,130.59,77.14
1638,54.735,1.59,-2.897,0.1246,1.0056,394,7.439,308.08,130.9,76.96
1639,54.768,1.513,-2.29,0.0913,1.0046,398,7.673,349.32,130.54,76.71
1640,54.802,1.539,-2.185,0.0803,1.0043,378,8.247,418.58,129.84,76.64
1641,54.835,1.376,-2.062,0.057,1.0042,398,8.246,387.44,129.88,76.08
1642,54.869,1.53,-2.261,0.0814,1.0043,399,7.843,363.65,130.29,75.82
1643,54.902,1.44,-2.061,0.0648,1.004,399,8.069,392.84,130.07,75.72
1644,54.935,1.21,-1.962,0.0448,1.004,400,8.334,457.98,129.82,75.46
1645,54.969,1.002,-2.07,0.0407,1.0043,400,8.125,455.8,130.1,75.23
1646,55.002,0.952,-1.961,0.0352,1.0039,398,7.642,427.9,130.63,74.96
1647,55.036,1.068,-1.785,0.0324,1.0034,400,7.701,438.73,130.91,74.78
1648,55.069,0.908,-1.605,0.021,1.0033,400,7.729,493.92,130.87,74.51
1649,55.102,0.7,-1.7,0.0162,1.0035,397,7.053,461.12,131.45,74.21
1650,55.136,0.439,-1.773,0.0153,1.0037,397,6.804,438.32,132.02,73.9
1651,55.169,0.28,-1.889,0.0186,1.004,400,6.7,429.98,132.54,73.59
1652,55.203,0.057,-1.894,0.0149,1.0041,399,6.839,497.14,132.51,73.29
1653,55.236,-0.004,-1.982,0.007,1.0043,392,7.111,524.8,132.76,72.96
1654,55.27,-0.227,-2.136,-0.0021,1.0049,397,7.185,498.58,133.47,72.66
1655,55.303,-0.61,-1.998,-0.0301,1.005,378,7.25,487.54,134.2,72.3
1656,55.336,-0.708,-2.105,-0.0353,1.0053,386,7.777,541.13,134.37,72.0
1657,55.37,-0.933,-2.195,-0.0412,1.0057,376,8.374,673.16,134.15,71.63
1658,55.403,-1.029,-2.028,-0.052,1.0056,378,8.091,646.98,134.65,71.27
1659,55.437,-1.277,-2.154,-0.0581,1.006,376,8.18,617.75,135.27,70.92
1660,55.47,-1.144,-1.98,-0.0484,1.0057,377,8.509,681.93,135.25,70.61
1661,55.503,-1.295,-1.99,-0.0561,1.006,378,8.797,733.55,135.25,70.26
1662,55.537,-1.525,-1.927,-0.0693,1.0061,376,8.619,679.28,135.79,69.9
1663,55.57,-1.57,-1.882,-0.0759,1.0062,382,8.708,662.9,136.07,69.52
1664,55.604,-1.625,-1.975,-0.0785,1.0065,383,9.097,689.17,135.93,69.2
1665,55.637,-1.538,-2.091,-0.0726,1.0067,358,10.3,1017.94,134.6,68.94
1666,55.671,-1.913,-2.009,-0.0992,1.0069,374,10.219,925.47,134.69,68.77
1667,55.704,-2.087,-2.118,-0.1069,1.0074,377,9.96,828.01,134.91,68.58
1668,55.737,-2.723,-1.934,-0.1537,1.0078,331,10.025,760.72,135.01,68.49
1669,55.771,-2.791,-2.266,-0.143,1.0088,376,10.238,779.55,134.37,68.52
1670,55.804,-2.618,-3.128,-0.1059,1.0101,348,10.899,944.72,132.87,68.51
1671,55.838,-3.972,-1.878,-0.2214,1.0098,318,11.048,871.34,132.34,68.57
1672,55.871,-3.471,-2.178,-0.1794,1.0102,375,11.421,796.69,131.9,68.68
1673,55.904,-3.988,-1.305,-0.246,1.0097,338,11.646,754.11,131.3,68.7
1674,55.938,-3.837,-0.925,-0.2526,1.0093,321,12.495,867.53,129.8,68.85
1675,55.971,-2.641,-1.95,-0.1365,1.0094,371,12.342,808.01,129.17,68.89
1676,56.005,-2.562,-2.338,-0.1176,1.0099,375,14.357,1154.18,125.45,68.58
1677,56.038,-3.168,-1.376,-0.1717,1.0088,355,10.853,973.48,125.14,68.55
1678,56.072,-2.846,-2.039,-0.1326,1.0091,381,10.704,878.93,124.9,68.59
1679,56.105,-2.152,-2.131,-0.0827,1.0081,386,10.192,800.27,124.71,68.59
1680,56.138,-1.545,-2.221,-0.0354,1.0071,389,9.616,727.77,124.5,68.56
1681,56.172,-1.295,-2.209,-0.0265,1.0064,391,9.316,677.82,124.28,68.55
1682,56.205,-0.908,-2.034,-0.0173,1.0057,389,9.115,646.65,123.93,68.56
1683,56.239,-0.499,-1.917,0.003,1.0049,400,9.123,736.2,123.15,68.58
1684,56.272,-0.236,-1.996,0.0225,1.0044,399,8.336,708.22,122.8,68.53
1685,56.305,0.244,-1.91,0.0398,1.0035,400,7.813,663.94,122.38,68.57
1686,56.339,0.703,-1.686,0.0448,1.0027,400,7.376,623.85,121.92,68.54
1687,56.372,0.988,-1.651,0.0593,1.0023,400,7.784,691.54,120.99,68.49
1688,56.406,1.118,-1.702,0.0666,1.0022,399,7.647,677.41,120.34,68.5
1689,56.439,1.362,-1.832,0.0847,1.0021,400,7.664,650.94,119.85,68.55
1690,56.473,1.607,-1.732,0.0941,1.0017,400,8.042,713.88,118.69,68.52
1691,56.506,1.774,-1.703,0.0888,1.0016,400,9.084,755.32,117.43,68.58
1692,56.539,1.993,-1.886,0.0997,1.0017,398,9.384,710.16,116.77,68.53
1693,56.573,2.221,-1.94,0.1101,1.0016,400,9.579,677.13,116.07,68.59
1694,56.606,2.358,-1.945,0.122,1.0018,400,9.493,656.99,115.49,68.61
1695,56.64,2.361,-2.182,0.1307,1.0022,400,10.299,817.84,114.25,68.69
1696,56.673,2.244,-2.173,0.1307,1.0021,400,9.872,878.79,113.38,68.71
1697,56.706,3.804,-2.311,0.1905,1.0029,399,13.143,827.13,112.66,68.71
1698,56.74,4.95,-2.159,0.2256,1.003,395,14.726,772.07,111.86,68.71
1699,56.773,5.548,-2.227,0.2451,1.0034,397,15.506,731.42,110.86,68.82
1700,56.807,5.824,-2.351,0.251,1.0037,394,15.965,850.37,109.49,68.92
1701,56.84,6.212,-2.398,0.2456,1.0036,397,16.154,792.86,108.4,68.96
1702,56.874,6.481,-2.216,0.2406,1.0033,396,16.262,735.27,107.24,68.95
1703,56.907,6.51,-2.368,0.2538,1.0035,396,16.024,715.45,106.1,68.92
1704,56.94,6.615,-2.538,0.2654,1.0036,391,15.931,787.63,104.92,68.93
1705,56.974,7.127,-2.483,0.2946,1.0035,353,15.936,751.34,103.82,68.89
1706,57.007,6.704,-2.227,0.2621,1.0034,392,15.731,695.77,102.78,68.84
1707,57.041,6.642,-2.564,0.2743,1.004,387,15.451,653.21,101.8,68.75
1708,57.074,6.701,-2.69,0.2892,1.0041,396,15.302,729.53,100.86,68.72
1709,57.107,6.929,-2.704,0.3062,1.004,394,15.501,729.59,100.18,68.83
1710,57.141,7.089,-2.762,0.3216,1.0042,399,15.248,693.68,99.39,68.77
1711,57.174,6.979,-2.883,0.3169,1.0045,393,15.119,632.6,98.5,68.65
1712,57.208,7.243,-3.212,0.3522,1.005,396,15.046,616.51,97.68,68.64
1713,57.241,7.437,-3.211,0.357,1.0049,396,15.283,767.64,97.11,68.89
1714,57.275,7.482,-3.439,0.3661,1.0054,393,15.225,732.67,96.35,68.78
1715,57.308,7.664,-3.676,0.3878,1.0055,396,14.96,661.67,95.65,68.83
1716,57.341,7.917,-3.773,0.3972,1.0053,394,14.835,660.84,94.96,68.79
1717,57.375,7.904,-3.747,0.3862,1.0054,397,14.751,740.55,94.33,68.86
1718,57.408,8.288,-4.06,0.4173,1.0057,377,14.621,669.97,93.45,68.69
1719,57.442,8.057,-3.854,0.3836,1.0055,399,14.541,628.95,92.64,68.53
1720,57.475,8.333,-3.809,0.4008,1.0052,391,14.41,580.51,91.87,68.19
1721,57.508,8.241,-3.934,0.3981,1.0055,395,14.389,692.51,91.41,68.14
1722,57.542,8.074,-3.879,0.3828,1.0055,393,14.41,679.39,90.82,67.79
1723,57.575,8.013,-3.721,0.3666,1.0054,387,14.224,618.71,90.19,67.41
1724,57.609,8.073,-3.621,0.3562,1.0052,390,14.087,557.13,89.46,67.03
1725,57.642,8.105,-3.435,0.3433,1.0051,392,14.114,550.46,88.91,66.91
1726,57.675,7.816,-3.219,0.3149,1.005,391,14.021,582.4,88.4,66.57
1727,57.709,7.45,-3.143,0.2811,1.0053,370,14.109,533.68,87.65,66.09
1728,57.742,7.489,-3.164,0.2785,1.0052,388,13.843,484.28,86.83,65.55
1729,57.776,7.405,-2.32,0.2423,1.0042,390,13.66,475.5,86.17,65.14
1730,57.809,6.812,-2.588,0.2192,1.0048,387,13.572,538.33,85.77,64.8
1731,57.843,6.555,-2.446,0.2032,1.0046,389,13.397,490.04,85.33,64.6
1732,57.876,6.271,-1.965,0.1797,1.0042,388,12.94,438.22,84.76,64.12
1733,57.909,6.358,-1.639,0.1779,1.0034,387,12.539,430.92,84.3,63.54
1734,57.943,5.683,-1.574,0.139,1.0035,373,12.511,463.06,84.31,63.12
1735,57.976,5.681,-1.298,0.1375,1.003,385,12.012,467.42,84.1,62.68
1736,58.01,5.289,-1.092,0.1174,1.003,393,12.696,629.97,84.97,61.9
1737,58.043,4.863,-0.861,0.0873,1.0025,392,10.545,485.74,84.55,61.51
1738,58.076,4.44,-0.895,0.0685,1.0027,370,10.606,495.9,84.48,61.17
1739,58.11,3.735,-0.787,0.0272,1.0027,353,10.263,472.55,84.36,60.81
1740,58.143,3.758,-0.677,0.0382,1.0023,397,9.949,430.15,84.21,60.32
1741,58.177,3.494,-0.73,0.0322,1.0024,398,9.69,387.38,84.13,59.79
1742,58.21,3.305,-0.599,0.0189,1.0024,396,9.701,395.91,84.24,59.22
1743,58.244,3.251,-0.459,0.0129,1.002,396,9.943,417.76,84.75,58.77
1744,58.277,2.74,-0.357,-0.0175,1.0022,399,9.472,395.02,84.86,58.29
1745,58.31,2.406,-0.362,-0.0223,1.0023,396,9.116,355.65,84.86,57.79
1746,58.344,1.802,-0.491,-0.0544,1.0029,364,9.123,362.67,85.28,57.34
1747,58.377,2.41,-0.295,-0.0306,1.002,396,9.863,373.03,86.53,56.79
1748,58.411,2.359,-0.313,-0.0297,1.0019,398,9.301,370.77,87.0,56.18
1749,58.444,2.496,-0.357,-0.0114,1.0018,399,8.906,339.76,87.09,55.63
1750,58.477,2.398,-0.389,-0.0107,1.002,399,8.924,322.4,87.36,55.04
1751,58.511,1.984,-0.447,-0.0277,1.0025,347,9.47,352.58,88.41,54.57
1752,58.544,2.535,-0.484,0.0097,1.0019,398,8.845,343.47,88.68,54.11
1753,58.578,2.243,-0.549,-0.0018,1.0023,356,8.881,325.92,88.85,53.68
1754,58.611,2.576,-0.507,0.0191,1.0019,400,8.72,304.44,88.86,53.22
1755,58.645,2.716,-0.519,0.0325,1.0019,397,9.015,326.89,89.34,52.74
1756,58.678,2.901,-0.528,0.0428,1.0017,395,8.981,344.22,89.65,52.29
1757,58.711,3.041,-0.539,0.0502,1.0018,400,9.075,313.12,89.72,51.84
1758,58.745,3.033,-0.735,0.0623,1.0021,400,8.904,292.86,89.67,51.39
1759,58.778,3.075,-0.764,0.0798,1.0023,397,8.98,278.74,89.85,50.94
1760,58.812,3.021,-0.846,0.0818,1.0023,400,8.901,291.01,90.35,50.62
1761,58.845,3.279,-0.893,0.0926,1.0024,399,9.215,279.95,90.67,50.16
1762,58.878,3.519,-0.855,0.0929,1.0021,399,9.028,247.88,90.65,49.77
1763,58.912,3.84,-0.938,0.1186,1.0021,385,9.012,239.48,90.8,49.56
1764,58.945,4.152,-0.792,0.1203,1.0016,391,9.534,258.39,91.62,49.43
1765,58.979,4.559,-0.655,0.1284,1.0013,392,10.291,294.22,92.76,49.37
1766,59.012,5.034,-0.73,0.1342,1.0013,386,10.269,271.72,93.16,49.33
1767,59.046,6.446,-1.372,0.2119,1.0015,339,10.785,258.38,93.69,49.47
1768,59.079,6.363,-1.063,0.1823,1.0012,392,11.171,273.86,94.63,49.61
1769,59.112,6.96,-1.116,0.2101,1.0008,388,11.352,296.66,95.53,49.68
1770,59.146,6.789,-1.342,0.1951,1.0014,348,11.237,282.66,96.47,49.7
1771,59.179,7.687,-1.064,0.2393,1.0,356,11.409,270.25,97.86,49.81
1772,59.213,7.759,-1.363,0.2343,1.0011,362,11.544,270.11,99.28,49.9
1773,59.246,8.057,-0.45,0.2352,0.9992,331,11.846,305.63,101.06,49.89
1774,59.279,8.273,-0.509,0.2634,0.9994,338,11.605,303.95,102.1,49.97
1775,59.313,8.696,-0.311,0.2708,0.999,338,11.74,293.21,103.01,50.16
1776,59.346,8.742,-0.396,0.2726,0.9994,353,11.907,295.94,103.76,50.33
1777,59.38,9.232,-1.098,0.32,1.001,374,12.359,327.76,104.59,50.67
1778,59.413,9.023,-0.657,0.3059,1.0005,372,12.721,361.86,105.2,50.91
1779,59.447,9.107,-0.096,0.2986,0.9995,342,13.017,344.36,105.95,51.21
1780,59.48,9.583,-0.618,0.3191,1.0009,379,13.535,332.67,106.81,51.6
1781,59.513,10.174,-0.54,0.3362,1.0013,385,14.546,362.13,107.61,52.0
1782,59.547,10.712,-0.494,0.3535,1.0018,376,15.628,371.27,108.4,52.42
1783,59.58,11.733,-1.461,0.4436,1.0041,315,16.558,354.27,109.3,52.9
1784,59.614,11.303,-0.646,0.3777,1.0028,363,17.29,340.29,109.95,53.37
1785,59.647,11.493,-0.484,0.3628,1.0027,343,18.354,349.0,110.7,54.04
1786,59.68,11.596,-0.696,0.3648,1.0034,339,19.393,425.69,111.19,54.67
1787,59.714,11.8,-0.791,0.3773,1.0036,326,20.404,423.67,111.25,55.28
1788,59.747,13.005,-0.362,0.4765,1.0024,324,20.446,426.95,111.19,55.7
1789,59.781,11.915,-1.152,0.3822,1.0032,283,20.935,434.43,111.09,56.4
1790,59.814,13.294,0.132,0.4359,1.0009,351,21.506,459.2,110.87,57.18
1791,59.848,13.494,0.569,0.4327,1.0002,350,22.054,453.23,110.77,57.78
1792,59.881,13.165,0.399,0.4,1.0004,386,22.511,432.57,110.68,58.45
1793,59.914,12.957,0.141,0.388,1.0007,378,22.583,436.13,110.43,58.9
1794,59.948,13.328,0.746,0.4114,0.9993,320,23.096,449.76,109.54,59.49
1795,59.981,12.777,-0.071,0.3795,1.0003,388,22.945,468.77,108.56,59.99
1796,60.015,12.544,-0.245,0.3699,1.0004,379,23.094,514.34,106.67,60.97
1797,60.048,12.7,-0.121,0.3689,0.9995,396,21.615,468.68,106.28,61.33
1798,60.081,12.732,-0.299,0.3849,0.9997,391,21.846,485.0,105.46,61.81
1799,60.115,12.563,-0.572,0.3957,1.0003,384,22.22,550.77,104.5,62.36
1800,60.148,12.164,-0.554,0.383,1.0005,384,22.576,697.2,103.56,62.95
1801,60.182,11.814,-0.848,0.3664,1.0011,392,22.291,613.43,102.95,63.06
1802,60.215,11.706,-0.694,0.3623,1.0008,362,22.144,574.72,101.77,63.14
1803,60.248,11.313,-0.983,0.3453,1.0014,385,21.879,619.83,100.73,63.36
1804,60.282,10.867,-1.196,0.326,1.0018,397,21.382,598.74,100.17,63.5
1805,60.315,10.792,-1.257,0.3176,1.0015,398,21.11,553.32,99.7,63.65
1806,60.349,10.705,-1.159,0.3153,1.0014,395,20.826,524.92,99.07,63.61
1807,60.382,10.419,-1.173,0.3055,1.0015,391,21.044,547.3,98.28,63.64
1808,60.416,10.228,-0.649,0.2996,1.0009,321,20.974,539.45,97.49,63.55
1809,60.449,9.654,-1.163,0.279,1.0019,388,20.598,501.96,96.71,63.38
1810,60.482,9.447,-1.1,0.269,1.0018,393,20.397,485.27,95.99,63.29
1811,60.516,9.275,-0.996,0.2603,1.0017,374,20.085,481.16,95.25,63.18
1812,60.549,9.188,-1.247,0.2698,1.0021,390,20.072,486.37,94.55,63.06
1813,60.583,8.896,-0.925,0.2374,1.0016,366,19.635,453.09,93.83,62.86
1814,60.616,8.962,-1.099,0.2456,1.0018,392,19.421,421.12,93.19,62.74
1815,60.649,8.795,-1.218,0.2413,1.0021,396,19.046,412.28,92.64,62.66
1816,60.683,8.707,-1.036,0.2246,1.0018,368,19.036,417.14,92.17,62.53
1817,60.716,8.764,-1.279,0.2267,1.0022,396,19.131,430.4,91.45,62.43
1818,60.75,8.615,-1.373,0.2192,1.0025,383,19.008,406.19,90.74,62.32
1819,60.783,8.574,-1.156,0.2036,1.0024,391,19.069,410.54,90.03,62.14
1820,60.817,8.6,-1.06,0.1982,1.0022,379,19.249,453.85,89.33,61.96
1821,60.85,8.452,-1.134,0.1838,1.0027,393,19.455,442.11,88.58,61.78
1822,60.883,8.319,-1.135,0.1692,1.0029,391,19.313,410.82,87.65,61.44
1823,60.917,8.541,-1.013,0.1747,1.0025,377,19.062,384.26,86.72,61.12
1824,60.95,7.925,-1.311,0.1409,1.0038,346,18.901,388.37,86.11,60.87
1825,60.984,8.415,-1.044,0.1614,1.0029,385,18.728,394.12,85.68,60.58
1826,61.017,8.59,-0.891,0.1667,1.0023,357,18.44,371.37,85.27,60.27
1827,61.05,7.941,-1.29,0.1463,1.0036,378,18.121,346.48,84.71,59.82
1828,61.084,8.289,-0.731,0.1413,1.0024,349,17.946,339.63,84.1,59.23
1829,61.117,7.718,-1.23,0.1285,1.0037,382,17.736,353.83,83.73,58.66
1830,61.151,7.723,-1.261,0.1372,1.0037,387,17.518,367.27,83.5,58.1
1831,61.184,7.541,-1.291,0.1254,1.0037,375,17.277,333.12,83.24,57.62
1832,61.218,7.604,-1.148,0.1235,1.0034,384,17.042,315.7,83.12,57.23
1833,61.251,7.517,-1.181,0.1226,1.0034,375,16.888,305.87,83.08,56.82
1834,61.284,7.741,-0.72,0.1132,1.0023,363,16.548,287.99,83.22,56.48
1835,61.318,7.346,-1.158,0.1168,1.0031,372,16.202,263.7,83.31,56.1
1836,61.351,7.239,-0.773,0.1018,1.0025,380,15.951,250.61,83.43,55.73
1837,61.385,7.032,-0.937,0.1018,1.0027,385,15.605,256.69,83.53,55.49
1838,61.418,7.102,-1.148,0.1314,1.0025,386,15.413,263.52,83.87,55.19
1839,61.451,6.876,-0.755,0.1216,1.0018,379,14.697,242.14,83.86,54.88
1840,61.485,6.385,-1.264,0.141,1.0023,371,13.827,225.99,83.91,54.6
1841,61.518,6.178,-0.725,0.13,1.0015,378,13.188,222.92,84.05,54.34
1842,61.552,5.835,-0.546,0.1318,1.001,367,12.512,241.73,84.48,54.29
1843,61.585,5.095,-0.681,0.1185,1.0015,382,11.745,235.82,84.73,53.95
1844,61.619,4.524,-0.882,0.1272,1.0018,355,10.799,222.82,84.85,53.7
1845,61.652,4.125,-0.256,0.1059,1.001,384,9.885,222.57,85.16,53.53
1846,61.685,3.31,-0.244,0.1035,1.0013,381,8.798,221.03,85.55,53.46
1847,61.719,2.751,0.026,0.0993,1.001,388,7.579,223.51,86.16,53.43
1848,61.752,1.71,0.465,0.0638,1.0008,393,5.99,206.55,86.8,53.41
1849,61.786,1.371,0.859,0.0676,1.0005,393,4.984,208.46,87.54,53.6
1850,61.819,0.588,1.06,0.0532,1.0007,394,5.149,227.11,88.96,53.74
1851,61.852,-0.3,1.442,0.0335,1.0011,389,6.402,227.14,89.86,53.88
1852,61.886,-0.818,1.835,0.02,1.0009,391,7.846,206.43,90.75,54.06
1853,61.919,-1.278,1.67,0.0298,1.0015,389,8.875,199.07,91.75,54.2
1854,61.953,-1.742,2.018,0.016,1.0016,375,10.043,212.47,93.25,54.35
1855,61.986,-1.969,2.325,0.006,1.0018,374,10.769,233.77,94.59,54.58
1856,62.02,-2.054,2.589,0.0073,1.002,360,11.935,279.92,96.47,54.77
1857,62.053,-2.165,2.231,0.0275,1.0024,373,10.909,242.0,96.8,54.89
1858,62.086,-2.115,2.613,0.0181,1.0027,365,11.174,239.04,97.4,55.05
1859,62.12,-2.135,2.701,0.0147,1.003,354,11.382,235.68,98.61,55.1
1860,62.153,-2.011,2.979,0.007,1.0031,363,11.086,239.28,99.32,55.18
1861,62.187,-1.927,3.493,-0.0072,1.0026,378,10.922,218.94,99.78,55.2
1862,62.22,-2.168,3.757,-0.0188,1.0027,356,11.346,207.94,100.43,55.16
1863,62.253,-1.823,3.919,-0.0026,1.0018,317,12.091,207.72,101.33,54.97
1864,62.287,-3.005,2.91,0.002,1.0045,356,12.105,207.04,101.9,54.96
1865,62.32,-2.227,4.667,-0.0358,1.0016,296,12.034,199.96,102.5,54.96
1866,62.354,-2.812,3.529,0.008,1.0038,358,11.883,192.71,102.98,54.99
1867,62.387,-3.068,3.851,-0.0103,1.0037,370,11.843,187.8,103.32,55.05
1868,62.421,-3.257,3.611,-0.0053,1.0041,364,11.735,198.01,103.46,55.07
1869,62.454,-2.725,3.743,0.0144,1.0033,353,11.246,189.29,103.64,55.06
1870,62.487,-3.447,4.073,-0.0329,1.0037,343,11.225,185.23,103.61,55.02
1871,62.521,-2.723,4.591,0.0072,1.0025,361,11.483,189.84,103.52,54.98
1872,62.554,-3.472,4.041,-0.0088,1.0037,340,11.489,199.64,103.27,54.91
1873,62.588,-3.359,4.407,-0.0189,1.003,373,11.119,202.02,103.14,54.91
1874,62.621,-2.964,4.401,0.0117,1.0028,361,10.968,195.9,102.86,54.84
1875,62.654,-3.015,4.441,0.0054,1.0028,355,11.229,208.24,102.31,54.73
1876,62.688,-3.878,4.013,-0.0092,1.004,358,11.618,229.66,101.73,54.56
1877,62.721,-3.558,3.755,0.028,1.0036,368,11.717,220.45,101.29,54.44
1878,62.755,-3.549,3.83,0.0206,1.0033,367,11.517,212.04,100.87,54.31
1879,62.788,-3.585,3.601,0.0369,1.0036,372,11.654,206.23,100.56,54.15
1880,62.822,-4.145,3.28,0.024,1.0041,359,11.937,222.32,100.23,53.93
1881,62.855,-3.814,3.333,0.0641,1.0036,355,12.529,263.07,99.68,53.65
1882,62.888,-5.328,3.14,-0.0165,1.0049,356,12.545,248.75,99.33,53.47
1883,62.922,-4.897,3.108,0.0165,1.0043,358,12.532,229.96,99.21,53.31
1884,62.955,-3.804,3.435,0.0672,1.0031,368,12.669,228.43,99.39,53.13
1885,62.989,-5.006,2.884,0.022,1.0047,372,12.862,258.73,99.38,53.05
1886,63.022,-4.238,3.192,0.0627,1.0037,375,13.24,257.96,99.52,53.0
1887,63.055,-4.236,3.42,0.0585,1.0033,366,13.459,250.28,99.83,53.01
1888,63.089,-4.32,3.53,0.0457,1.0033,377,13.081,250.7,100.08,53.08
1889,63.122,-4.862,3.274,0.0283,1.004,376,13.442,250.99,100.39,53.18
1890,63.156,-5.163,2.893,0.033,1.0045,372,13.709,250.6,101.01,53.38
1891,63.189,-4.515,3.43,0.0514,1.0028,373,13.238,244.52,101.28,53.55
1892,63.222,-4.54,2.987,0.0553,1.0033,383,12.689,205.01,101.53,53.48
1893,63.256,-5.403,2.176,0.0302,1.0045,371,12.446,189.7,101.72,53.51
1894,63.289,-4.223,3.077,0.0634,1.0024,380,12.292,201.0,102.14,53.41
1895,63.323,-4.323,3.138,0.0579,1.002,376,12.472,191.12,103.14,53.37
1896,63.356,-4.278,3.192,0.0667,1.0018,389,11.821,170.78,103.57,53.52
1897,63.39,-4.419,3.097,0.0719,1.0017,387,11.817,170.51,104.21,53.63
1898,63.423,-4.759,2.815,0.0748,1.0021,394,11.991,192.8,104.91,53.64
1899,63.456,-4.509,2.555,0.1024,1.002,391,11.916,195.36,105.43,53.57
1900,63.49,-4.576,2.703,0.0975,1.0018,397,11.841,182.02,105.76,53.55
1901,63.523,-4.791,2.946,0.0873,1.0016,396,12.024,173.63,106.26,53.46
1902,63.557,-5.338,2.449,0.0843,1.0024,395,12.251,168.15,106.86,53.48
1903,63.59,-5.327,2.659,0.0864,1.0018,398,12.337,169.85,107.61,53.62
1904,63.623,-5.14,2.565,0.1069,1.0016,388,12.297,158.66,108.15,53.81
1905,63.657,-5.233,2.386,0.1193,1.0017,392,12.388,154.56,108.76,54.03
1906,63.69,-5.6,2.283,0.1059,1.0018,392,12.384,165.79,109.39,54.31
1907,63.724,-5.361,2.477,0.1198,1.0013,395,12.316,160.42,109.81,54.66
1908,63.757,-5.659,2.372,0.1158,1.0016,395,12.437,151.26,110.36,55.03
1909,63.791,-5.713,2.52,0.1208,1.0013,396,12.349,141.57,110.76,55.35
1910,63.824,-5.919,2.477,0.1207,1.0014,395,12.5,144.06,111.43,55.52
1911,63.857,-6.326,2.407,0.1114,1.0015,390,12.72,159.97,112.1,55.56
1912,63.891,-6.378,2.141,0.1261,1.0016,394,12.841,150.45,112.48,55.62
1913,63.924,-6.383,2.244,0.1404,1.0011,392,12.929,137.59,112.98,55.6
1914,63.958,-6.662,2.067,0.1417,1.0012,389,12.844,132.13,113.41,55.68
1915,63.991,-6.786,2.178,0.1462,1.0009,376,13.09,148.83,114.09,55.7
1916,64.024,-7.0,2.062,0.1494,1.0009,388,13.336,199.43,114.95,55.69
1917,64.058,-7.299,1.897,0.1464,1.0009,395,12.687,168.45,115.53,55.76
1918,64.091,-7.588,1.897,0.1444,1.001,386,12.425,142.71,116.01,55.7
1919,64.125,-8.061,1.172,0.1511,1.0019,388,12.191,139.5,116.52,55.59
1920,64.158,-8.548,1.52,0.1218,1.0014,388,11.914,139.81,116.95,55.64
1921,64.192,-8.962,0.867,0.1249,1.0022,374,11.558,123.17,117.37,55.92
1922,64.225,-8.998,1.501,0.1239,1.0011,395,11.251,110.66,117.97,56.19
1923,64.258,-9.235,2.277,0.1009,1.0,344,11.118,110.97,118.49,56.42
1924,64.292,-10.209,1.235,0.0905,1.0015,385,11.108,119.9,118.95,56.67
1925,64.325,-10.815,0.282,0.0839,1.0027,375,11.09,119.09,119.47,56.95
1926,64.359,-11.214,1.239,0.0466,1.0013,379,10.804,110.11,120.15,57.14
1927,64.392,-11.621,0.958,0.0426,1.0018,385,10.759,110.31,120.8,57.24
1928,64.425,-12.612,0.308,0.0024,1.0028,382,10.748,120.15,121.19,56.9
1929,64.459,-12.644,-0.002,0.0136,1.0029,380,10.536,122.16,121.48,56.34
1930,64.492,-13.156,0.473,-0.0257,1.0023,367,10.12,112.39,121.6,55.67
1931,64.526,-12.8,0.066,0.0077,1.0024,329,9.751,103.87,121.69,55.2
1932,64.559,-15.043,-0.694,-0.11,1.0042,330,9.486,104.93,121.71,54.95
1933,64.593,-14.018,-0.736,-0.0451,1.0037,369,9.269,102.05,121.69,54.8
1934,64.626,-13.968,-0.586,-0.0468,1.0034,342,9.161,90.88,121.62,54.6
1935,64.659,-13.792,-2.515,0.0038,1.0059,347,8.944,82.34,121.63,54.41
1936,64.693,-12.141,-2.578,0.1225,1.0054,352,8.738,82.25,121.59,54.12
1937,64.726,-14.503,-2.026,-0.0532,1.0052,334,8.698,88.75,121.21,53.98
1938,64.76,-14.25,-2.293,-0.0344,1.0054,340,8.626,80.09,120.93,53.92
1939,64.793,-14.269,-2.64,-0.0298,1.0056,317,8.438,70.7,120.3,53.9
1940,64.826,-8.578,-2.779,0.3878,1.0045,327,8.317,72.84,119.42,53.73
1941,64.86,-11.41,-2.851,0.176,1.0053,304,8.385,79.31,118.73,53.61
1942,64.893,-14.982,-3.767,-0.0764,1.007,255,8.438,78.09,118.3,53.36
1943,64.927,-8.47,-3.935,0.3797,1.0061,314,8.332,74.43,117.73,53.15
1944,64.96,-12.381,-3.686,0.0808,1.0065,241,8.232,72.87,117.54,52.99
1945,64.994,-10.582,-3.476,0.208,1.006,230,8.223,86.92,117.02,52.86
1946,65.027,-6.748,-3.036,0.4313,1.0041,224,8.332,95.95,116.27,52.81
1947,65.06,-7.452,-3.485,0.3819,1.0054,277,8.219,78.25,116.12,52.77
1948,65.094,-7.541,-3.519,0.3745,1.0058,225,8.081,66.01,115.91,52.66
1949,65.127,-7.471,-3.368,0.3696,1.0056,226,8.168,68.55,115.34,52.6
1950,65.161,-5.915,-2.505,0.4361,1.0034,224,8.207,83.11,114.56,52.51
1951,65.194,-5.122,-3.242,0.5098,1.0049,261,8.273,71.34,114.41,52.35
1952,65.227,-5.436,-3.303,0.4787,1.0051,302,8.054,62.19,114.2,52.27
1953,65.261,-5.191,-3.019,0.4871,1.0046,280,8.004,59.76,113.73,52.12
1954,65.294,-5.461,-3.85,0.4988,1.0061,277,7.931,63.24,113.2,52.04
1955,65.328,-4.734,-2.83,0.538,1.0043,321,8.018,63.92,112.7,51.96
1956,65.361,-4.645,-2.912,0.5644,1.0047,315,8.164,58.9,112.41,51.87
1957,65.395,-4.555,-3.24,0.5822,1.0056,292,8.234,56.06,111.98,51.66
1958,65.428,-4.443,-3.616,0.6323,1.0068,265,8.61,59.66,111.49,51.64
1959,65.461,-4.225,-3.4,0.6298,1.0064,276,8.873,67.04,111.02,51.76
1960,65.495,-3.236,-0.725,0.6078,1.0016,237,8.964,64.51,110.71,52.03
1961,65.528,-3.635,-2.671,0.6813,1.0068,230,8.935,59.9,110.56,52.47
1962,65.562,-3.301,-2.163,0.6678,1.0059,236,8.859,60.36,110.63,53.21
1963,65.595,-2.683,-0.021,0.647,1.0026,233,8.737,68.38,110.52,53.94
1964,65.628,-2.65,0.0,0.6044,1.0028,248,8.274,63.42,110.53,54.59
1965,65.662,-2.031,0.572,0.6342,1.0021,252,7.922,57.44,110.56,55.17
1966,65.695,-2.561,-1.257,0.6692,1.0056,227,7.858,57.85,110.53,55.82
1967,65.729,-2.324,-0.247,0.6774,1.0037,245,7.997,62.09,110.43,56.45
1968,65.762,-1.84,0.403,0.7003,1.0023,236,8.04,65.74,110.31,57.15
1969,65.796,-1.692,-0.329,0.7182,1.0037,249,7.757,64.2,110.42,57.82
1970,65.829,-1.577,-0.875,0.7475,1.0042,262,7.572,64.46,110.34,58.5
1971,65.862,-2.612,0.48,0.6483,1.0032,198,7.466,68.41,110.03,59.04
1972,65.896,-1.735,-1.198,0.7508,1.0048,217,7.599,68.11,109.89,59.68
1973,65.929,-0.784,-0.827,0.8069,1.0024,218,7.44,64.8,110.07,60.42
1974,65.963,-1.016,-4.048,0.8588,1.0071,200,7.335,62.01,110.28,61.11
1975,65.996,-0.878,-0.878,0.7899,1.0012,198,7.46,65.48,110.45,61.89
1976,66.029,-1.193,-1.693,0.8001,1.0028,231,8.227,84.88,110.56,62.52
1977,66.063,-1.85,-2.362,0.7904,1.0035,199,7.756,74.61,111.21,63.44
1978,66.096,-1.554,-4.659,0.8679,1.0061,181,7.962,65.67,111.98,64.25
1979,66.13,-0.81,-2.503,0.8748,1.002,190,7.932,64.12,112.99,64.88
1980,66.163,-0.031,-3.699,0.9764,1.0024,209,7.976,70.69,114.08,65.53
1981,66.196,-2.006,-7.1,0.8973,1.0104,213,8.127,69.84,115.04,66.31
1982,66.23,-2.212,-6.182,0.8757,1.0089,211,8.215,64.9,116.02,67.09
1983,66.263,0.085,-3.145,1.0011,1.0008,208,8.283,60.41,117.34,67.75
1984,66.297,1.372,-5.577,1.149,1.0029,223,8.121,61.63,118.34,68.48
1985,66.33,-1.54,-8.627,0.9875,1.0119,190,8.325,70.21,119.15,69.3
1986,66.364,0.911,-6.513,1.1655,1.0039,232,8.584,63.76,120.05,70.06
1987,66.397,0.616,-6.74,1.1091,1.0042,241,8.665,60.26,121.0,70.81
1988,66.43,0.1,-5.873,1.0945,1.0032,240,8.871,60.15,121.89,71.51
1989,66.464,-1.74,-7.797,1.0078,1.0084,245,9.312,62.61,122.77,72.17
1990,66.497,-1.547,-7.264,1.0206,1.0061,213,9.776,63.27,123.72,72.76
1991,66.531,-0.487,-6.336,1.0456,1.0016,237,10.048,63.29,124.81,73.32
1992,66.564,0.386,-8.556,1.129,1.0021,195,10.684,65.99,125.9,73.81
1993,66.597,-3.444,-9.168,0.8724,1.0082,218,11.398,73.99,126.91,74.2
1994,66.631,-2.106,-7.904,0.9494,1.0035,243,11.786,81.2,127.99,74.57
1995,66.664,-3.534,-8.946,0.8499,1.0073,244,12.009,74.84,129.05,74.79
1996,66.698,0.301,-7.425,1.0402,0.9979,218,12.168,74.0,130.09,74.97
1997,66.731,-2.835,-8.686,0.8817,1.0061,232,12.105,76.22,130.92,75.38
1998,66.765,-2.382,-7.573,0.908,1.0031,226,12.346,80.42,131.64,75.61
1999,66.798,-3.082,-7.57,0.8517,1.0047,239,12.247,73.65,132.43,75.6
2000,66.831,-2.209,-7.104,0.8856,1.002,229,12.075,70.69,133.29,75.6
2001,66.865,-2.47,-7.155,0.8633,1.0018,231,12.254,81.25,134.1,75.64
2002,66.898,-1.332,-6.239,0.889,0.9973,197,12.705,91.42,133.66,75.75
2003,66.932,-2.707,-6.57,0.8164,0.9999,214,12.629,98.26,134.09,75.41
2004,66.965,-1.406,-4.4,0.7764,0.9925,207,12.759,108.98,134.19,74.93
2005,66.998,-1.333,-5.61,0.8162,0.9938,226,12.874,132.31,133.79,75.09
2006,67.032,-0.92,-5.142,0.8182,0.9932,236,13.67,155.82,132.65,74.34
2007,67.065,-13.037,-1.301,-0.0282,0.9962,242,13.636,180.99,132.41,73.86
2008,67.099,-13.45,-3.199,-0.0126,0.9988,271,14.056,193.4,131.82,73.45
2009,67.132,-12.707,-1.615,-0.0373,0.9965,267,14.403,215.36,130.63,73.11
2010,67.166,-7.391,-0.311,0.2061,0.9923,288,14.877,249.71,129.06,73.1
2011,67.199,-8.669,-1.316,0.1362,0.9944,317,14.954,270.72,128.35,72.97
2012,67.232,-10.659,-3.03,0.0534,0.9978,334,15.177,274.27,128.19,72.45
2013,67.266,-7.953,-1.241,0.1364,0.9941,343,15.647,289.78,127.62,72.47
2014,67.299,-9.166,-2.426,0.0855,0.9964,337,16.107,318.13,126.71,72.95
2015,67.333,-7.018,-1.012,0.1522,0.9936,330,16.398,356.6,126.34,73.08
2016,67.366,-7.963,-1.893,0.113,0.9953,343,17.217,366.45,125.54,72.43
2017,67.399,-7.75,-2.165,0.1157,0.9957,339,17.338,372.53,125.3,72.5
2018,67.433,-6.275,-1.614,0.1664,0.9942,339,18.05,399.76,124.1,72.61
2019,67.466,-6.735,-1.561,0.1217,0.9946,372,18.434,454.62,123.99,72.62
2020,67.5,-6.88,-2.334,0.1214,0.9959,347,19.169,508.73,123.26,73.05
2021,67.533,-6.936,-2.274,0.0977,0.996,342,19.739,502.51,123.53,72.74
2022,67.567,-5.189,-0.7,0.1402,0.9929,368,20.03,524.89,123.62,72.75
2023,67.6,-5.096,-0.096,0.1184,0.9921,369,20.645,576.04,123.44,72.91
2024,67.633,-5.319,-0.701,0.1062,0.993,372,21.255,634.71,123.22,73.02
2025,67.667,-5.937,-1.256,0.0686,0.9942,376,21.799,639.46,123.27,73.24
2026,67.7,-5.094,-0.556,0.0819,0.9929,381,22.225,637.54,123.91,73.39
2027,67.734,-5.642,-1.479,0.0663,0.9942,386,22.866,673.87,123.91,73.4
2028,67.767,-5.692,-1.711,0.0617,0.9944,366,23.636,752.42,123.97,73.7
2029,67.8,-5.748,-1.936,0.0535,0.9947,374,24.027,715.35,124.86,73.51
2030,67.834,-5.804,-2.118,0.0513,0.9949,373,24.224,707.9,125.61,73.45
2031,67.867,-5.449,-2.093,0.0644,0.9946,381,24.655,757.77,125.97,73.4
2032,67.901,-5.698,-2.164,0.0412,0.9948,390,25.89,802.5,125.33,73.41
2033,67.934,-5.569,-1.748,0.0251,0.994,392,26.51,857.98,124.35,73.64
2034,67.968,-5.785,-1.966,0.0092,0.9942,379,26.789,817.42,123.83,73.53
2035,68.001,-5.333,-2.539,0.0429,0.9947,383,27.455,873.75,123.91,73.57
2036,68.034,-5.135,-2.144,0.0345,0.994,389,29.478,1167.69,123.07,74.33
2037,68.068,-5.431,-2.234,0.0063,0.994,370,30.637,1093.09,122.97,74.02
2038,68.101,-4.878,-3.072,0.0528,0.9949,389,30.51,1028.96,123.0,73.71
2039,68.135,-4.839,-3.133,0.0499,0.9949,398,30.337,1007.66,122.66,73.44
2040,68.168,-4.489,-3.241,0.0597,0.9947,398,30.471,1121.01,122.01,73.33
2041,68.201,-4.409,-3.498,0.0499,0.9952,398,30.618,1169.21,121.8,73.13
2042,68.235,-4.315,-3.421,0.0373,0.9951,393,30.531,1099.72,121.66,72.83
2043,68.268,-4.097,-3.793,0.0553,0.9956,397,30.38,1063.77,121.76,72.62
2044,68.302,-4.003,-4.017,0.0572,0.9959,394,30.32,1077.09,121.54,72.37
2045,68.335,-3.645,-3.886,0.0536,0.9956,397,30.404,1177.81,121.03,72.27
2046,68.369,-3.451,-4.106,0.06,0.996,396,30.641,1204.85,120.72,72.11
2047,68.402,-3.277,-4.21,0.0603,0.9961,399,30.805,1107.54,120.78,71.94
2048,68.435,-3.082,-4.314,0.0587,0.9964,388,30.503,1081.94,120.78,71.73
2049,68.469,-2.862,-4.642,0.0636,0.9969,376,30.675,1155.96,120.53,71.73
2050,68.502,-2.688,-4.72,0.0614,0.9968,387,31.014,1230.18,120.44,71.57
2051,68.536,-2.411,-5.053,0.0683,0.997,383,31.242,1165.03,121.06,71.24
2052,68.569,-2.192,-5.488,0.0661,0.9974,382,31.479,1108.23,122.21,70.83
2053,68.602,-1.799,-5.718,0.0824,0.9972,379,32.14,1110.91,123.7,70.38
2054,68.636,-1.729,-6.115,0.0862,0.9974,383,33.162,1152.5,125.55,69.66
2055,68.669,-1.635,-6.55,0.0992,0.9977,375,33.568,1089.38,128.07,68.74
2056,68.703,-1.915,-7.202,0.094,0.9988,347,33.596,1013.6,130.9,67.5
2057,68.736,-1.772,-6.986,0.102,0.9981,375,33.454,972.43,133.6,66.34
2058,68.769,-1.786,-7.003,0.1018,0.9979,372,33.466,986.02,136.17,64.99
2059,68.803,-2.066,-7.24,0.079,0.9987,374,33.564,1026.97,138.55,63.91
2060,68.836,-1.742,-7.231,0.1094,0.9985,387,33.786,982.14,141.12,62.62
2061,68.87,-1.715,-6.953,0.0927,0.998,390,33.487,966.29,143.24,61.52
2062,68.903,-1.66,-7.501,0.114,0.9992,383,33.225,995.6,144.44,60.66
2063,68.937,-1.644,-7.616,0.1087,0.9998,375,33.071,1013.6,144.89,60.22
2064,68.97,-1.382,-7.504,0.1222,0.9997,391,32.521,971.99,145.05,59.93
2065,69.003,-1.218,-7.182,0.1164,0.9994,393,31.849,946.0,145.16,59.8
2066,69.037,-1.249,-7.358,0.1207,1.0001,390,31.715,951.32,145.13,59.69
2067,69.07,-1.26,-7.22,0.1018,1.0005,391,31.614,956.82,145.15,59.79
2068,69.104,-1.149,-7.131,0.0989,1.0008,391,31.031,918.17,145.24,59.6
2069,69.137,-0.826,-6.534,0.095,1.0003,397,30.331,876.82,145.43,59.36
2070,69.17,-0.895,-6.069,0.0676,1.0005,398,29.451,869.72,145.5,59.28
2071,69.204,-0.604,-5.536,0.0623,1.0007,396,28.809,901.29,145.03,59.29
2072,69.237,-0.365,-4.905,0.0521,1.0006,398,28.574,955.25,144.31,59.42
2073,69.271,-0.235,-4.189,0.0337,1.0008,398,27.783,920.89,144.24,59.25
2074,69.304,-0.246,-4.051,0.0391,1.0012,399,27.252,953.87,143.77,59.33
2075,69.338,0.058,-3.34,0.0306,1.001,400,25.86,959.34,143.41,59.29
2076,69.371,0.187,-3.142,0.0306,1.0011,400,24.763,965.62,143.34,59.38
2077,69.404,0.191,-3.049,0.0272,1.0014,400,23.853,928.64,143.43,59.35
2078,69.438,0.272,-2.909,0.0328,1.0016,398,22.606,926.2,143.41,59.37
2079,69.471,0.313,-2.668,0.041,1.0015,400,21.37,927.75,143.15,59.38
2080,69.505,0.315,-2.641,0.0436,1.0017,400,20.703,987.17,142.45,59.5
2081,69.538,0.153,-2.535,0.0347,1.0018,400,19.719,952.67,142.48,59.48
2082,69.571,0.02,-2.474,0.0386,1.0019,400,18.65,931.95,142.55,59.43
2083,69.605,0.364,-2.699,0.0537,1.0022,400,19.126,919.55,142.53,59.41
2084,69.638,0.447,-2.617,0.0522,1.0021,400,19.201,962.26,141.86,59.46
2085,69.672,0.406,-2.93,0.0628,1.0027,400,20.563,1157.38,140.58,59.62
2086,69.705,0.552,-3.115,0.0802,1.0029,400,20.659,1064.78,140.58,59.54
2087,69.739,0.451,-3.191,0.0782,1.0031,400,20.69,1039.83,140.4,59.56
2088,69.772,0.387,-3.177,0.0787,1.0032,399,20.557,1044.92,140.02,59.55
2089,69.805,0.344,-3.276,0.0925,1.0036,400,20.628,1161.74,138.94,59.63
2090,69.839,0.205,-3.441,0.1023,1.0039,399,20.598,1101.14,138.63,59.62
2091,69.872,0.237,-3.386,0.1059,1.0038,399,20.706,1099.73,138.04,59.53
2092,69.906,0.407,-3.095,0.1136,1.0035,385,19.188,1092.77,137.44,59.45
2093,69.939,0.111,-2.973,0.1013,1.0038,400,18.034,1136.8,136.63,59.43
2094,69.972,0.089,-2.834,0.1071,1.0036,399,16.885,1074.58,136.63,59.39
2095,70.006,-0.139,-2.888,0.11,1.0039,398,16.479,1024.9,136.64,59.37
2096,70.039,-0.159,-2.677,0.1058,1.0038,383,18.288,1427.75,134.37,59.21
2097,70.073,-0.414,-2.874,0.0998,1.0043,399,15.594,1305.89,134.22,59.28
2098,70.106,-0.441,-2.891,0.1076,1.0045,398,15.544,1293.22,134.05,59.46
2099,70.14,-0.315,-2.862,0.114,1.0043,397,15.322,1196.25,134.11,59.4
2100,70.173,-0.341,-2.65,0.0956,1.0041,399,15.29,1326.82,133.77,59.71
2101,70.206,-0.309,-2.488,0.089,1.0041,397,14.278,1263.17,133.61,59.76
2102,70.24,-0.412,-2.488,0.0864,1.0044,399,13.823,1312.05,133.4,59.9
2103,70.273,-0.45,-2.563,0.0901,1.0046,398,13.687,1222.23,133.4,59.81
2104,70.307,-0.499,-2.589,0.0858,1.0047,399,14.113,1172.49,133.27,59.77
2105,70.34,-0.423,-2.459,0.0804,1.0044,400,13.428,1135.64,133.19,59.74
2106,70.373,-0.37,-2.398,0.0822,1.0044,398,13.015,1149.37,132.99,59.8
2107,70.407,-0.523,-2.284,0.0602,1.0043,400,12.868,1112.7,132.9,59.8
2108,70.44,-0.467,-2.417,0.0631,1.0046,394,13.177,1079.92,132.89,59.82
2109,70.474,-0.497,-2.577,0.0705,1.0049,397,13.831,1059.39,132.8,59.8
2110,70.507,-0.644,-2.614,0.0545,1.0051,398,14.327,1089.48,132.5,59.83
2111,70.541,-0.632,-2.736,0.0591,1.0054,395,14.572,1095.52,132.34,59.82
2112,70.574,-0.621,-2.754,0.0575,1.0054,397,14.922,1038.51,132.41,59.69
2113,70.607,-0.728,-2.929,0.0527,1.0059,391,15.402,993.78,132.47,59.55
2114,70.641,-0.796,-2.956,0.048,1.006,378,16.033,975.79,132.42,59.47
2115,70.674,-0.972,-3.443,0.0556,1.0072,399,16.972,1046.22,131.97,59.64
2116,70.708,-0.93,-3.316,0.0361,1.007,397,17.206,999.11,131.87,59.68
2117,70.741,-0.664,-3.268,0.0367,1.0071,381,16.318,967.14,131.7,59.68
2118,70.774,-0.485,-2.648,0.0335,1.0059,359,15.941,953.4,131.58,59.69
2119,70.808,-0.942,-3.49,0.0501,1.0085,378,16.661,1079.04,131.18,59.92
2120,70.841,-0.932,-3.268,0.0354,1.0084,389,16.475,1023.66,131.2,59.75
2121,70.875,-0.439,-2.213,0.0215,1.0057,347,15.794,967.71,131.28,59.63
2122,70.908,-0.637,-2.405,0.0127,1.0068,369,15.664,939.0,131.05,59.64
2123,70.942,-0.668,-3.045,0.0385,1.0088,375,16.126,1027.03,130.51,59.86
2124,70.975,-0.549,-2.834,0.0385,1.0086,380,16.342,998.66,130.18,59.95
2125,71.008,-0.49,-2.782,0.0407,1.0087,386,16.683,936.89,129.94,60.01
2126,71.042,-0.272,-2.501,0.0457,1.0077,375,16.442,910.33,129.65,60.12
2127,71.075,-0.072,-3.229,0.0825,1.0092,374,16.446,946.68,129.27,60.25
2128,71.109,0.105,-3.069,0.0668,1.0085,390,16.91,1039.41,128.59,60.5
2129,71.142,0.617,-2.614,0.0636,1.0065,358,17.143,978.23,128.26,60.61
2130,71.175,0.777,-2.584,0.0694,1.006,350,17.489,970.54,127.87,60.77
2131,71.209,0.496,-3.374,0.098,1.008,396,17.462,931.77,127.6,60.85
2132,71.242,0.572,-3.209,0.0961,1.0073,387,17.632,953.82,127.19,61.06
2133,71.276,0.815,-2.868,0.0988,1.0062,365,17.434,898.16,127.1,61.19
2134,71.309,0.565,-3.417,0.1158,1.0077,398,17.388,859.16,126.8,61.33
2135,71.343,0.752,-3.069,0.1159,1.0069,387,17.09,916.57,126.31,61.63
2136,71.376,0.792,-2.647,0.0961,1.006,372,16.904,994.12,125.82,61.87
2137,71.409,0.887,-2.878,0.1201,1.0065,383,17.136,941.98,125.54,61.96
2138,71.443,0.816,-3.114,0.133,1.007,397,16.805,899.06,125.3,62.04
2139,71.476,0.786,-3.212,0.1393,1.0072,393,17.146,886.86,124.99,62.18
2140,71.51,0.819,-2.858,0.1157,1.0062,376,17.833,1102.77,124.45,62.78
2141,71.543,0.879,-3.444,0.1522,1.0076,394,18.043,1038.87,124.2,62.94
2142,71.576,0.84,-3.596,0.1543,1.0081,384,17.966,979.42,123.88,63.02
2143,71.61,0.882,-2.957,0.1294,1.0066,366,17.984,960.35,123.62,63.22
2144,71.643,0.824,-3.441,0.1573,1.0079,389,18.184,993.64,123.31,63.53
2145,71.677,0.864,-3.352,0.1581,1.008,390,18.355,1109.43,123.11,64.12
2146,71.71,0.771,-3.65,0.171,1.009,370,18.407,1021.82,122.8,64.22
2147,71.743,0.685,-2.983,0.1423,1.0079,368,18.665,959.7,122.52,64.33
2148,71.777,0.508,-3.567,0.1663,1.0096,382,19.005,942.33,122.27,64.6
2149,71.81,0.958,-2.397,0.1348,1.0071,359,19.966,1037.84,122.31,65.19
2150,71.844,0.743,-2.993,0.1805,1.0091,392,20.192,1005.0,121.95,65.38
2151,71.877,0.893,-2.219,0.1382,1.007,354,20.174,943.18,121.66,65.48
2152,71.911,1.138,-2.445,0.1549,1.0079,368,20.496,925.92,121.4,65.65
2153,71.944,1.637,-1.864,0.1198,1.0064,366,20.799,1015.11,121.14,66.21
2154,71.977,1.875,-2.216,0.1274,1.0074,395,20.843,974.62,121.02,66.42
2155,72.011,1.602,-2.534,0.1094,1.0078,354,20.01,911.58,120.85,66.51
2156,72.044,1.884,-2.542,0.131,1.0075,390,21.216,1331.52,120.29,67.2
2157,72.078,1.696,-2.507,0.1088,1.007,389,18.489,1236.66,120.0,67.55
2158,72.111,2.008,-2.563,0.1226,1.0069,394,19.018,1188.24,119.75,67.89
2159,72.144,2.114,-2.423,0.1121,1.0066,391,18.974,1092.58,119.64,67.99
2160,72.178,2.258,-2.335,0.1032,1.0063,394,19.044,1055.77,119.48,68.2
2161,72.211,2.278,-2.225,0.0818,1.0063,398,18.929,1109.81,119.14,68.67
2162,72.245,2.451,-2.073,0.0778,1.0059,392,19.197,1125.76,119.01,69.06
2163,72.278,2.493,-1.967,0.0685,1.0056,399,19.024,1075.32,119.0,69.19
2164,72.312,2.449,-2.221,0.0731,1.006,398,18.69,1038.76,118.98,69.38
2165,72.345,2.355,-2.198,0.0666,1.0057,386,18.837,1073.82,118.71,69.71
2166,72.378,2.173,-2.496,0.0561,1.0065,390,18.95,1127.69,118.35,70.1
2167,72.412,2.155,-2.538,0.0457,1.0066,392,19.193,1068.96,118.37,70.27
2168,72.445,1.958,-2.663,0.0275,1.0069,394,19.15,1020.61,118.29,70.37
2169,72.479,2.147,-2.669,0.0366,1.0069,392,19.599,997.67,118.06,70.44
2170,72.512,2.022,-2.56,0.0189,1.007,386,19.893,1051.02,117.46,70.73
2171,72.545,2.204,-2.56,0.0226,1.0072,390,20.31,1009.32,117.18,70.83
2172,72.579,2.286,-2.345,0.0131,1.0071,379,20.717,964.65,117.16,70.96
2173,72.612,2.494,-2.422,0.0219,1.0077,384,21.887,954.79,117.0,71.1
2174,72.646,2.707,-2.127,0.0239,1.0073,372,22.751,1036.71,116.26,71.23
2175,72.679,2.82,-2.315,0.0295,1.0082,384,23.91,1086.92,115.81,71.4
2176,72.713,3.073,-1.808,0.0105,1.0073,363,24.686,1016.43,116.1,71.52
2177,72.746,3.135,-2.041,0.0152,1.0082,381,25.373,970.21,116.5,71.66
2178,72.779,3.214,-2.18,0.0218,1.0086,387,25.748,993.47,116.59,71.85
2179,72.813,3.523,-2.001,0.0234,1.0077,388,25.504,1065.77,116.43,72.12
2180,72.846,3.835,-2.021,0.0286,1.0073,391,24.921,1018.41,116.89,72.32
2181,72.88,3.998,-1.952,0.0329,1.0069,395,24.397,968.72,117.4,72.52
2182,72.913,4.054,-2.207,0.0464,1.007,394,23.769,938.68,117.87,72.72
2183,72.946,4.145,-2.271,0.0557,1.0066,395,23.127,981.4,117.87,72.88
2184,72.98,4.214,-2.343,0.0636,1.0065,396,22.869,986.7,118.01,73.0
2185,73.013,3.997,-2.479,0.0485,1.0067,374,22.296,940.96,118.45,73.17
2186,73.047,4.236,-2.55,0.056,1.0065,397,22.194,923.9,118.74,73.35
2187,73.08,4.387,-2.549,0.0568,1.0064,392,22.408,949.59,118.75,73.51
2188,73.114,4.378,-2.786,0.0568,1.0069,379,22.503,961.14,118.78,73.71
2189,73.147,4.484,-2.599,0.0622,1.0063,395,22.209,919.28,119.39,73.88
2190,73.18,4.497,-2.736,0.0706,1.0064,394,22.145,898.62,119.91,74.05
2191,73.214,4.479,-2.645,0.0652,1.0062,390,22.025,893.95,120.21,74.22
2192,73.247,4.534,-2.689,0.0666,1.0064,386,22.238,950.85,119.79,74.29
2193,73.281,4.446,-2.803,0.0646,1.0067,396,22.299,930.61,119.98,74.4
2194,73.314,4.382,-2.777,0.0471,1.0068,395,22.594,897.99,120.39,74.54
2195,73.347,4.491,-2.928,0.0673,1.0072,395,22.819,926.73,120.2,74.66
2196,73.381,4.364,-3.077,0.0665,1.0078,396,23.197,971.57,119.62,74.66
2197,73.414,4.315,-3.135,0.074,1.0079,397,23.091,961.53,119.85,74.75
2198,73.448,4.211,-3.14,0.0724,1.008,396,23.095,916.45,120.62,74.82
2199,73.481,4.115,-3.227,0.0777,1.0085,396,23.466,903.09,121.51,74.46
2200,73.515,3.978,-3.193,0.0707,1.0088,388,23.629,909.39,122.0,74.41
2201,73.548,4.005,-2.947,0.0705,1.0084,383,23.66,901.24,122.42,74.39
2202,73.581,3.774,-3.087,0.0702,1.0091,390,23.897,848.53,123.02,74.4
2203,73.615,3.684,-2.87,0.0637,1.009,377,24.557,806.11,123.59,74.4
2204,73.648,3.551,-2.98,0.0782,1.0096,384,25.068,806.27,123.76,74.31
2205,73.682,3.132,-2.997,0.0637,1.0097,389,24.563,855.25,123.18,74.08
2206,73.715,3.208,-2.984,0.071,1.0093,392,23.63,829.64,123.53,74.11
2207,73.748,3.28,-2.811,0.0681,1.0088,393,23.136,791.21,124.13,74.17
2208,73.782,3.055,-2.89,0.0541,1.009,394,22.538,801.26,123.79,74.17
2209,73.815,3.137,-2.715,0.0531,1.0082,389,21.808,816.15,123.53,74.12
2210,73.849,3.085,-2.617,0.0426,1.008,394,21.268,810.69,123.4,74.12
2211,73.882,3.076,-2.407,0.0372,1.0076,387,21.063,762.3,123.89,74.16
2212,73.916,2.964,-2.263,0.0317,1.0074,380,21.227,760.98,123.71,74.17
2213,73.949,2.775,-2.666,0.0474,1.0083,386,20.83,806.05,123.02,74.13
2214,73.982,2.583,-2.544,0.0301,1.0081,396,20.342,809.54,122.83,74.18
2215,74.016,2.676,-2.375,0.0287,1.0074,390,19.76,767.87,123.19,74.2
2216,74.049,2.474,-2.59,0.0156,1.0081,377,20.858,929.25,120.33,73.56
2217,74.083,2.381,-2.161,-0.007,1.0068,393,17.029,832.58,120.75,73.75
2218,74.116,2.38,-2.406,0.0055,1.0073,396,17.373,837.07,121.02,73.97
2219,74.149,2.132,-2.233,-0.0187,1.0071,391,16.981,791.28,121.48,74.04
2220,74.183,1.974,-2.615,-0.0236,1.0079,393,17.125,759.97,122.0,74.13
2221,74.216,2.191,-2.297,-0.0261,1.0073,386,17.405,736.5,122.33,74.16
2222,74.25,2.108,-2.307,-0.0301,1.0076,384,17.762,752.25,122.42,74.22
2223,74.283,2.047,-2.387,-0.0342,1.0079,390,17.899,734.25,122.81,74.21
2224,74.317,2.183,-2.244,-0.0268,1.0076,377,18.292,710.16,123.28,74.15
2225,74.35,2.16,-2.06,-0.0417,1.0076,367,18.846,741.18,123.22,74.12
2226,74.383,1.546,-2.543,-0.0714,1.0098,360,19.791,754.33,123.47,74.15
2227,74.417,2.169,-1.875,-0.0551,1.008,366,20.052,746.92,123.86,74.15
2228,74.45,2.076,-1.964,-0.0532,1.0084,373,20.224,713.65,124.51,74.09
2229,74.484,2.22,-1.909,-0.0373,1.008,352,20.075,690.15,125.19,74.01
2230,74.517,1.539,-1.938,-0.0822,1.0093,369,20.776,691.29,125.33,73.89
2231,74.55,1.544,-2.476,-0.0403,1.0102,375,21.373,730.37,125.44,73.72
2232,74.584,0.945,-2.647,-0.0702,1.0113,363,21.563,697.88,126.13,73.59
2233,74.617,0.72,-2.56,-0.0895,1.0116,356,21.563,671.88,126.63,73.47
2234,74.651,1.681,-2.249,-0.0393,1.0096,348,21.086,684.02,126.58,73.16
2235,74.684,1.459,-3.151,-0.0273,1.0112,359,20.169,770.32,126.24,73.02
2236,74.717,2.058,-2.619,-0.0183,1.0094,385,19.151,722.88,126.92,72.89
2237,74.751,1.671,-2.357,-0.0608,1.0092,378,18.502,676.19,127.45,72.75
2238,74.784,1.979,-2.531,-0.0291,1.0089,380,18.165,677.37,127.39,72.59
2239,74.818,1.694,-2.5,-0.0499,1.009,385,17.769,714.56,127.13,72.44
2240,74.851,1.788,-2.83,-0.0297,1.0093,393,17.399,727.44,127.13,72.39
2241,74.885,2.113,-2.454,-0.0275,1.008,369,17.058,679.8,127.66,72.31
2242,74.918,2.077,-2.535,-0.0389,1.0083,378,16.97,644.97,128.06,72.21
2243,74.951,1.351,-3.042,-0.0679,1.0101,360,16.963,655.06,127.64,72.05
2244,74.985,1.871,-3.186,-0.026,1.0096,386,16.719,693.44,127.19,72.01
2245,75.018,2.085,-2.957,-0.0141,1.0088,384,16.247,660.82,127.57,71.99
2246,75.052,1.289,-4.147,-0.0265,1.0112,332,15.979,647.74,127.78,71.92
2247,75.085,2.455,-2.601,-0.0025,1.0074,348,15.914,628.23,127.76,71.83
2248,75.118,1.743,-3.54,-0.0216,1.0098,376,15.858,656.48,127.09,71.8
2249,75.152,2.167,-3.5,0.0037,1.0093,382,15.571,645.89,127.28,71.74
2250,75.185,2.341,-3.123,0.0021,1.0086,375,15.635,622.71,127.66,71.6
2251,75.219,2.524,-3.737,0.0417,1.0097,372,15.759,622.54,127.51,71.37
2252,75.252,2.21,-4.559,0.0587,1.0113,350,15.77,627.38,127.47,71.18
2253,75.286,2.283,-3.492,0.0317,1.0094,376,15.78,626.48,127.45,70.9
2254,75.319,2.348,-3.431,0.0406,1.0093,363,15.733,602.91,128.0,70.76
2255,75.352,2.184,-3.779,0.0483,1.0103,375,16.173,583.8,128.5,70.57
2256,75.386,1.782,-4.348,0.0539,1.0119,362,16.683,594.26,128.58,70.36
2257,75.419,1.906,-4.155,0.0711,1.0116,354,17.221,608.54,128.54,70.19
2258,75.453,4.206,-4.693,0.2663,1.0111,316,17.468,575.34,129.23,69.97
2259,75.486,3.256,-4.673,0.2062,1.0118,343,17.761,567.12,129.74,69.75
2260,75.519,2.31,-5.035,0.1633,1.0133,333,18.081,597.06,129.83,69.54
2261,75.553,2.186,-4.267,0.1291,1.0122,336,18.083,593.63,130.29,69.26
2262,75.586,3.736,-4.09,0.2326,1.0102,313,17.971,574.88,130.87,68.98
2263,75.62,1.643,-4.563,0.0948,1.0128,322,17.559,554.08,131.41,68.76
2264,75.653,1.376,-4.551,0.0795,1.0127,314,16.877,568.94,131.46,68.49
2265,75.687,2.813,-3.911,0.1477,1.0101,353,16.089,610.04,131.33,68.3
2266,75.72,3.013,-3.477,0.1332,1.0087,353,15.123,593.49,131.65,68.11
2267,75.753,2.99,-3.463,0.1285,1.0086,368,14.403,558.44,132.0,67.9
2268,75.787,2.215,-3.493,0.0844,1.0092,355,14.187,537.58,132.09,67.76
2269,75.82,1.488,-5.031,0.1062,1.012,288,14.097,561.95,131.75,67.64
2270,75.854,2.017,-3.521,0.0944,1.0092,363,13.755,576.7,131.41,67.5
2271,75.887,1.639,-3.519,0.0792,1.0095,352,13.407,539.83,131.6,67.35
2272,75.92,1.313,-3.983,0.0761,1.0105,345,13.347,514.72,131.61,67.19
2273,75.954,1.612,-3.587,0.075,1.0098,360,13.386,523.05,131.08,66.95
2274,75.987,1.903,-3.629,0.0893,1.0095,366,13.18,520.92,130.89,66.71
2275,76.021,1.865,-3.241,0.0711,1.0086,340,12.975,490.81,131.0,66.54
2276,76.054,2.22,-3.157,0.0853,1.0084,359,14.111,553.72,129.51,66.26
2277,76.088,1.465,-3.646,0.0539,1.0096,316,11.728,491.57,129.7,66.16
2278,76.121,1.257,-3.768,0.0352,1.0103,340,12.031,493.44,129.77,66.14
2279,76.154,1.542,-3.729,0.0414,1.01,361,12.166,467.38,129.83,66.08
2280,76.188,1.243,-3.713,0.0119,1.0104,349,12.327,422.43,130.05,65.96
2281,76.221,1.399,-4.041,0.022,1.011,347,12.507,421.38,130.15,65.86
2282,76.255,0.931,-3.743,-0.0209,1.0109,330,12.51,431.1,130.07,65.84
2283,76.288,1.613,-4.247,0.044,1.0113,328,12.543,440.43,129.94,65.87
2284,76.321,1.441,-4.481,0.0422,1.0117,335,12.5,409.54,130.06,65.76
2285,76.355,0.894,-4.263,-0.0059,1.0121,315,12.611,386.48,129.97,65.58
2286,76.388,1.6,-4.783,0.0582,1.0126,307,12.593,394.55,129.69,65.4
2287,76.422,1.566,-4.671,0.0787,1.012,285,12.336,405.09,129.62,65.3
2288,76.455,0.734,-4.486,0.0055,1.0128,294,12.229,407.44,129.54,65.19
2289,76.489,1.805,-4.316,0.0462,1.0123,261,12.336,386.02,129.48,65.11
2290,76.522,2.292,-5.612,0.1431,1.0139,251,12.397,390.75,129.27,64.99
2291,76.555,1.168,-5.855,0.0667,1.0156,244,12.227,414.66,129.19,64.96
2292,76.589,1.193,-5.638,0.0525,1.015,247,12.135,410.72,129.25,64.89
2293,76.622,2.871,0.099,-0.002,0.9999,242,11.942,393.21,129.43,64.75
2294,76.656,3.139,0.163,0.0091,0.9996,244,11.773,401.73,129.52,64.68
2295,76.689,3.357,0.183,-0.0066,0.9996,255,11.85,447.64,129.32,64.73
2296,76.722,3.668,0.201,0.0088,0.9994,278,11.748,447.67,129.3,64.69
2297,76.756,3.787,0.006,0.017,0.9999,297,11.606,429.81,129.38,64.63
2298,76.789,3.932,0.073,0.0254,0.9995,302,11.456,416.51,129.44,64.6
2299,76.823,4.023,0.062,0.0319,0.9995,302,11.347,436.75,129.38,64.62
2300,76.856,4.172,0.017,0.0361,0.9995,318,11.345,471.46,129.18,64.68
2301,76.89,4.292,0.018,0.0417,0.9995,326,11.223,441.74,129.15,64.66
2302,76.923,4.355,0.045,0.0325,0.9992,328,11.118,405.29,129.17,64.56
2303,76.956,4.665,-0.157,0.049,0.9996,341,11.01,412.65,129.2,64.45
2304,76.99,4.931,0.056,0.0477,0.9992,346,10.904,422.7,129.19,64.33
2305,77.023,5.193,-0.096,0.0622,0.9994,356,10.907,423.85,129.16,64.29
2306,77.057,5.437,-0.011,0.065,0.9992,348,10.802,414.73,129.01,64.24
2307,77.09,5.45,0.029,0.0603,0.9991,352,10.812,420.91,128.9,64.27
2308,77.123,5.81,-0.062,0.0828,0.9991,356,11.119,476.73,128.55,64.34
2309,77.157,5.898,0.066,0.0702,0.9988,344,11.198,491.5,128.34,64.44
2310,77.19,6.108,0.018,0.0822,0.999,343,11.172,469.41,128.11,64.43
2311,77.224,6.328,-0.258,0.0914,0.9993,348,11.088,451.36,127.82,64.37
2312,77.257,6.576,-0.119,0.0881,0.999,355,11.279,472.01,127.43,64.45
2313,77.291,6.852,-0.206,0.1023,0.9991,361,11.489,528.43,127.01,64.6
2314,77.324,7.222,-0.318,0.1117,0.9991,365,11.557,502.98,126.58,64.6
2315,77.357,7.303,-0.273,0.1034,0.9991,360,11.513,471.39,126.26,64.56
2316,77.391,7.478,-0.374,0.1112,0.9991,362,11.638,494.25,125.98,64.6
2317,77.424,7.808,-0.324,0.119,0.9989,357,11.923,515.3,125.92,64.71
2318,77.458,7.919,-0.243,0.1153,0.9988,363,12.084,497.83,125.85,64.82
2319,77.491,8.125,-0.427,0.128,0.9991,355,11.965,465.65,125.63,64.79
2320,77.524,8.046,-0.575,0.1287,0.9995,360,11.933,492.92,125.43,64.7
2321,77.558,8.2,-0.518,0.1295,0.9993,364,12.168,507.01,125.32,64.6
2322,77.591,8.36,-0.603,0.1408,0.9995,367,12.401,509.8,125.38,64.35
2323,77.625,8.408,-0.594,0.1367,0.9995,371,12.419,471.08,125.38,64.15
2324,77.658,8.725,-0.754,0.1564,0.9997,368,12.438,461.97,125.2,63.96
2325,77.691,8.802,-0.681,0.1493,0.9996,369,12.856,510.7,125.25,63.82
2326,77.725,8.995,-0.655,0.1591,0.9996,382,13.094,537.55,125.36,63.64
2327,77.758,8.985,-0.624,0.1545,0.9996,370,13.188,504.46,125.65,63.38
2328,77.792,9.01,-0.729,0.1559,0.9997,377,13.333,480.71,126.05,63.17
2329,77.825,9.137,-0.6,0.1647,0.9994,366,13.473,503.82,126.3,63.18
2330,77.859,9.22,-0.511,0.1632,0.9993,376,13.856,581.7,126.39,63.35
2331,77.892,8.96,-0.564,0.1634,0.9998,379,13.818,533.4,126.4,63.32
2332,77.925,8.825,-0.558,0.1609,0.9998,380,13.668,502.45,126.3,63.33
2333,77.959,8.588,-0.579,0.1539,1.0001,384,13.751,517.92,126.19,63.45
2334,77.992,8.616,-0.478,0.16,1.0001,383,14.087,549.66,126.19,63.45
2335,78.026,8.602,-0.255,0.1555,0.9999,364,14.384,594.98,126.29,63.5
2336,78.059,8.617,-0.256,0.1669,1.0003,378,15.359,616.21,126.38,63.03
2337,78.092,8.324,-0.372,0.1491,1.0003,379,13.63,512.32,126.43,62.98
2338,78.126,8.307,-0.302,0.1545,1.0001,375,13.612,525.5,126.48,62.96
2339,78.159,8.127,-0.355,0.1468,1.0001,381,13.851,576.36,126.49,63.0
2340,78.193,7.818,-0.467,0.1384,1.0002,384,13.872,555.88,126.4,63.03
2341,78.226,8.107,-0.694,0.1694,1.0002,351,13.857,512.1,126.34,63.01
2342,78.26,8.208,-0.588,0.16,1.0,378,13.996,498.16,126.25,62.98
2343,78.293,8.741,-0.54,0.1675,0.9999,387,14.511,528.99,126.0,62.98
2344,78.326,9.421,-0.617,0.1755,0.9999,392,14.939,521.05,125.61,62.97
2345,78.36,10.231,-0.962,0.1939,1.0005,378,15.48,489.82,125.05,62.99
2346,78.393,11.291,-1.291,0.2322,1.0009,370,15.986,493.33,124.24,62.98
2347,78.427,11.922,-1.326,0.2273,1.001,381,16.57,538.9,123.3,63.11
2348,78.46,12.286,-1.927,0.2288,1.0022,337,17.07,536.09,121.97,63.12
2349,78.493,13.149,-2.32,0.2543,1.0027,369,17.197,496.58,120.29,63.21
2350,78.527,13.903,-2.505,0.2849,1.0029,371,17.484,477.08,118.46,63.09
2351,78.56,14.323,-1.943,0.2777,1.0018,339,17.536,499.93,117.09,62.95
2352,78.594,14.211,-2.884,0.2826,1.0034,352,16.891,494.98,115.55,62.78
2353,78.627,14.503,-2.733,0.2801,1.003,338,16.464,456.85,113.97,62.54
2354,78.661,14.346,-2.962,0.2653,1.0036,348,15.687,432.22,113.09,62.4
2355,78.694,14.192,-3.317,0.2628,1.0047,325,15.374,436.28,112.3,62.36
2356,78.727,14.487,-2.749,0.2587,1.0034,333,15.102,464.65,111.85,62.36
2357,78.761,14.159,-3.274,0.2462,1.0043,313,15.105,460.22,111.47,62.24
2358,78.794,14.544,-3.008,0.2551,1.0038,320,14.925,427.51,111.08,62.07
2359,78.828,13.798,-4.615,0.2573,1.0067,323,14.642,431.08,111.0,61.77
2360,78.861,14.481,-3.769,0.2656,1.0053,333,15.323,551.13,110.89,61.4
2361,78.894,14.068,-3.913,0.2381,1.0057,312,15.4,497.39,111.28,61.22
2362,78.928,13.938,-4.744,0.2532,1.0067,292,15.325,419.39,111.75,61.09
2363,78.961,15.828,-2.622,0.3014,1.0028,296,15.583,381.66,111.86,60.6
2364,78.995,13.848,-3.911,0.2132,1.0058,289,15.842,395.76,111.66,60.38
2365,79.028,15.719,-2.915,0.2866,1.0031,281,16.308,446.59,111.71,60.09
2366,79.062,14.79,-3.879,0.2407,1.0058,301,16.44,387.23,111.73,59.75
2367,79.095,14.777,-4.521,0.2525,1.0068,297,16.244,339.15,111.45,59.57
2368,79.128,14.187,-4.404,0.2043,1.0073,276,16.631,330.15,110.83,58.96
2369,79.162,14.838,-4.442,0.2364,1.007,279,16.888,385.15,110.27,58.62
2370,79.195,15.162,-4.627,0.2511,1.0074,273,17.068,470.68,109.97,58.73
2371,79.229,18.963,-1.996,0.3994,1.0001,266,17.141,415.3,109.33,58.61
2372,79.262,21.628,-3.533,0.6061,1.0013,244,17.258,404.86,108.62,58.57
2373,79.295,19.42,-3.796,0.4655,1.0032,257,17.257,413.4,108.39,58.64
2374,79.329,19.362,0.067,0.3463,0.9963,254,17.602,400.83,108.39,58.57
2375,79.362,19.057,0.587,0.3021,0.9953,242,18.121,355.19,108.36,58.38
2376,79.396,18.155,-2.757,0.3311,1.0031,268,18.273,341.7,108.62,58.25
2377,79.429,19.171,-0.025,0.3331,0.9966,256,18.751,357.64,108.57,57.89
2378,79.463,19.325,0.139,0.3268,0.9961,260,18.935,398.56,109.16,57.69
2379,79.496,19.686,1.792,0.2842,0.9921,260,19.545,371.63,109.7,57.47
2380,79.529,19.673,0.389,0.3246,0.9951,301,20.303,333.9,111.3,57.73
2381,79.563,19.667,0.896,0.3176,0.994,298,21.273,338.32,114.02,58.25
2382,79.596,18.445,-1.489,0.32,0.9994,265,21.802,356.54,117.41,59.07
2383,79.63,19.074,0.202,0.2999,0.9955,317,22.302,340.69,120.65,59.78
2384,79.663,18.389,-0.836,0.3023,0.9982,321,23.522,327.72,122.92,60.0
2385,79.696,17.88,-1.531,0.3076,0.9997,310,25.083,316.84,123.57,60.11
2386,79.73,16.843,-2.564,0.2847,1.0021,298,27.133,357.23,122.33,59.96
2387,79.763,17.206,-1.343,0.278,0.999,307,27.638,341.57,120.51,59.94
2388,79.797,16.716,-1.702,0.2783,0.9999,315,27.409,317.86,118.45,59.93
2389,79.83,16.249,-2.13,0.2774,1.0009,338,26.958,303.23,116.17,60.08
2390,79.864,15.496,-2.802,0.27,1.0028,350,26.726,353.61,113.76,60.77
2391,79.897,15.592,-1.746,0.2553,1.0003,280,26.564,385.81,111.2,61.75
2392,79.93,14.945,-2.346,0.2469,1.0019,308,25.869,341.16,108.14,62.31
2393,79.964,14.361,-3.006,0.2487,1.0037,359,25.309,317.13,105.42,62.44
2394,79.997,13.729,-2.888,0.2247,1.0038,347,24.608,323.55,103.28,62.49
2395,80.031,13.851,-2.332,0.2233,1.0024,312,24.062,378.7,101.56,62.68
2396,80.064,12.628,-3.323,0.198,1.0054,332,24.068,462.22,100.35,62.81
2397,80.097,12.456,-3.248,0.1954,1.0051,358,22.944,369.01,98.69,62.72
2398,80.131,12.235,-3.305,0.2023,1.0051,349,22.31,329.11,97.27,62.7
2399,80.164,12.229,-3.352,0.2142,1.005,346,22.014,333.74,96.23,62.69
2400,80.198,11.634,-3.537,0.1966,1.0058,351,21.892,449.13,95.63,62.86
2401,80.231,11.434,-3.597,0.1909,1.0058,338,21.628,371.84,94.25,62.73
2402,80.264,11.126,-3.419,0.175,1.0057,330,21.526,343.02,93.47,63.01
2403,80.298,10.963,-3.45,0.1849,1.0055,316,21.881,382.27,93.5,63.86
2404,80.331,10.903,-3.31,0.1782,1.0052,313,22.297,383.13,93.74,64.99
2405,80.365,10.661,-3.3,0.1724,1.0052,308,22.111,340.94,93.71,65.96
2406,80.398,13.624,-0.698,0.2258,0.9979,298,21.956,306.73,93.6,66.58
2407,80.432,12.709,-1.838,0.2441,1.0005,324,21.621,304.1,93.59,66.92
2408,80.465,11.131,-2.352,0.1886,1.0027,301,21.651,359.66,93.78,67.42
2409,80.498,12.675,-1.38,0.2292,0.9987,297,21.595,341.7,93.58,67.67
2410,80.532,12.461,-1.526,0.2461,0.999,333,21.471,322.26,93.16,67.82
2411,80.565,12.094,-1.403,0.2339,0.9987,317,21.512,306.23,92.43,67.65
2412,80.599,11.702,-1.184,0.2146,0.9983,315,20.99,325.18,92.03,67.74
2413,80.632,12.064,-1.369,0.2603,0.9984,318,20.62,318.73,91.31,67.72
2414,80.665,11.01,-0.587,0.183,0.9977,319,20.182,301.03,90.41,67.77
2415,80.699,11.148,-1.634,0.252,0.9994,306,20.035,300.26,90.42,67.58
2416,80.732,9.887,-0.006,0.1411,0.9969,304,19.496,317.85,90.01,67.41
2417,80.766,9.733,-0.072,0.1392,0.997,341,18.971,316.94,89.34,66.99
2418,80.799,9.454,0.062,0.1329,0.9969,353,18.446,288.26,88.12,66.16
2419,80.833,9.436,-0.033,0.1498,0.9972,374,17.934,269.4,86.38,64.85
2420,80.866,8.914,-0.149,0.1293,0.9976,388,17.383,269.43,84.8,63.29
2421,80.899,8.828,-0.225,0.1325,0.9978,384,17.358,298.43,83.27,61.72
2422,80.933,8.61,-0.142,0.1248,0.998,390,17.315,287.16,81.8,60.06
2423,80.966,8.363,0.077,0.1099,0.9978,372,16.68,270.6,80.31,58.54
2424,81.0,8.229,-0.408,0.1229,0.9986,388,15.804,256.03,79.63,57.63
2425,81.033,8.129,-0.129,0.1142,0.9982,378,15.167,269.57,79.2,57.25
2426,81.066,8.105,-0.128,0.1063,0.9983,381,15.257,274.68,79.52,57.34
2427,81.1,7.901,-0.422,0.1058,0.9991,395,15.034,259.7,80.0,57.38
2428,81.133,7.593,-0.312,0.0943,0.9989,379,14.561,260.0,79.83,57.53
2429,81.167,7.825,-0.116,0.1145,0.9986,353,14.598,287.38,80.2,57.74
2430,81.2,7.52,-0.583,0.1046,0.9995,364,14.688,324.2,80.63,58.0
2431,81.234,7.494,-0.066,0.0928,0.9989,386,14.51,307.56,81.26,58.35
2432,81.267,7.396,-0.685,0.1062,0.9999,361,14.199,290.36,81.48,58.74
2433,81.3,7.528,0.153,0.0959,0.9987,386,13.957,285.95,82.16,59.16
2434,81.334,7.398,0.047,0.0938,0.9989,393,13.953,320.86,83.3,59.61
2435,81.367,7.428,0.071,0.0921,0.999,397,14.05,342.98,84.33,60.08
2436,81.401,7.343,0.229,0.0924,0.9988,393,14.055,320.26,85.17,60.5
2437,81.434,7.153,0.089,0.0849,0.9991,392,14.011,306.22,86.32,60.94
2438,81.467,7.167,0.266,0.0877,0.9989,381,13.849,326.34,87.8,61.31
2439,81.501,6.936,0.154,0.0879,0.9991,390,14.001,341.74,88.99,61.62
2440,81.534,6.851,0.179,0.0812,0.9991,400,14.067,336.18,90.21,61.87
2441,81.568,6.693,0.237,0.0817,0.999,396,13.964,338.02,91.57,62.15
2442,81.601,6.496,0.148,0.0771,0.9992,394,13.886,340.69,92.88,62.38
2443,81.635,6.19,-0.109,0.0772,0.9997,382,13.75,371.17,94.3,62.56
2444,81.668,6.119,0.044,0.0738,0.9995,397,13.631,363.47,95.32,62.76
2445,81.701,6.032,0.153,0.0752,0.9994,399,13.447,345.23,96.44,62.9
2446,81.735,5.871,-0.06,0.0765,0.9998,388,13.253,348.25,97.43,63.21
2447,81.768,5.784,0.019,0.0725,0.9996,397,13.219,368.45,98.47,63.46
2448,81.802,5.752,0.081,0.0774,0.9995,399,13.208,381.92,99.28,63.71
2449,81.835,5.702,0.105,0.0743,0.9996,396,13.219,360.74,100.0,63.95
2450,81.868,5.557,0.049,0.0737,0.9996,397,12.95,370.74,100.65,64.21
2451,81.902,5.524,0.017,0.0732,0.9997,395,13.071,426.97,101.32,64.55
2452,81.935,5.411,-0.055,0.074,0.9998,396,13.029,425.59,101.89,64.8
2453,81.969,5.339,0.024,0.0657,0.9996,379,13.047,392.53,102.44,65.04
2454,82.002,5.374,-0.027,0.0762,0.9997,393,12.892,400.13,102.96,65.28
2455,82.036,5.24,-0.043,0.0688,0.9997,391,12.972,442.87,103.46,65.54
2456,82.069,5.276,-0.054,0.0771,0.9999,396,13.717,599.2,104.21,65.72
2457,82.102,5.247,0.018,0.0726,0.9997,399,13.187,521.08,104.72,65.91
2458,82.136,5.21,-0.02,0.0726,0.9997,396,13.151,478.63,105.26,66.09
2459,82.169,5.162,-0.09,0.0738,0.9999,398,13.112,478.85,105.88,66.31
2460,82.203,5.218,-0.019,0.0729,0.9996,373,13.355,518.44,106.48,66.53
2461,82.236,5.254,-0.001,0.0698,0.9997,394,13.74,513.54,107.19,66.74
2462,82.269,5.213,-0.114,0.0747,0.9999,397,13.828,488.24,107.94,66.98
2463,82.303,5.107,-0.16,0.078,0.9999,397,13.856,466.37,108.37,67.22
2464,82.336,4.869,-0.112,0.0714,0.9998,399,13.615,497.31,108.91,67.49
2465,82.37,4.741,-0.132,0.0715,0.9998,398,13.873,553.66,109.18,67.8
2466,82.403,4.49,-0.24,0.0631,1.0001,360,14.048,522.37,109.86,67.94
2467,82.437,4.49,-0.143,0.0627,0.9998,398,13.903,507.34,110.52,68.05
2468,82.47,4.509,-0.097,0.0656,0.9998,399,14.081,524.49,111.16,68.2
2469,82.503,4.342,-0.152,0.0609,0.9999,395,14.2,574.73,111.62,68.42
2470,82.537,4.221,-0.056,0.0579,0.9997,399,14.031,566.66,112.31,68.55
2471,82.57,4.045,-0.124,0.0534,0.9999,400,13.749,530.82,113.04,68.61
2472,82.604,3.944,-0.196,0.0507,1.0,399,13.67,529.15,113.67,68.74
2473,82.637,3.755,-0.229,0.0469,1.0001,398,13.484,577.65,114.2,68.93
2474,82.67,3.635,-0.352,0.0408,1.0003,400,13.437,589.59,114.74,69.06
2475,82.704,3.667,-0.421,0.047,1.0002,394,13.327,560.98,115.4,69.11
2476,82.737,3.704,-0.283,0.0413,1.0001,395,13.539,544.04,116.01,69.15
2477,82.771,3.629,-0.27,0.0406,1.0002,396,13.409,538.6,116.38,69.2
2478,82.804,3.625,-0.328,0.0462,1.0002,394,13.368,539.95,116.42,69.38
2479,82.838,3.643,-0.343,0.0475,1.0001,394,13.241,520.18,116.57,69.39
2480,82.871,3.679,-0.327,0.0509,1.0001,395,13.247,540.87,116.47,69.39
2481,82.904,3.656,-0.272,0.0441,1.0002,397,13.536,573.99,116.1,69.44
2482,82.938,3.623,-0.343,0.0485,1.0003,397,13.455,593.81,116.02,69.44
2483,82.971,3.652,-0.419,0.0525,1.0002,397,13.298,569.05,116.29,69.36
2484,83.005,3.629,-0.328,0.0409,1.0002,395,13.371,543.77,116.57,69.22
2485,83.038,3.645,-0.405,0.0456,1.0003,395,13.479,590.88,116.68,69.19
2486,83.071,3.597,-0.447,0.0411,1.0005,394,13.635,617.88,116.69,69.11
2487,83.105,3.62,-0.451,0.0437,1.0005,394,13.724,599.29,116.73,69.14
2488,83.138,3.751,-0.483,0.0463,1.0004,397,13.864,563.0,117.01,69.03
2489,83.172,3.745,-0.482,0.0453,1.0006,398,14.044,567.38,116.67,69.1
2490,83.205,3.778,-0.4,0.0443,1.0004,394,14.261,633.86,115.99,69.18
2491,83.238,3.865,-0.455,0.0439,1.0005,392,14.389,631.05,115.97,69.14
2492,83.272,3.936,-0.489,0.0467,1.0005,398,14.366,595.44,116.13,69.1
2493,83.305,4.014,-0.479,0.0482,1.0005,394,14.563,582.83,116.09,69.08
2494,83.339,4.007,-0.486,0.0403,1.0006,395,14.681,608.37,115.79,69.1
2495,83.372,4.106,-0.587,0.0466,1.0007,397,14.786,623.84,115.7,69.05
2496,83.406,4.217,-0.466,0.0427,1.0005,398,15.025,589.18,115.89,68.97
2497,83.439,4.272,-0.597,0.0431,1.0007,395,15.068,563.36,116.14,68.96
2498,83.472,4.398,-0.583,0.0418,1.0007,396,15.497,578.78,115.81,69.0
2499,83.506,4.496,-0.633,0.0421,1.0008,393,15.768,641.72,115.53,68.98
2500,83.539,4.704,-0.623,0.0468,1.0005,394,15.974,618.93,115.67,68.9
2501,83.573,4.811,-0.613,0.043,1.0005,393,16.156,585.99,116.17,68.84
2502,83.606,4.945,-0.745,0.0467,1.0009,370,16.344,565.94,116.76,68.77
2503,83.639,5.262,-0.708,0.0568,1.0005,380,16.396,576.06,117.04,68.72
2504,83.673,5.364,-0.783,0.0506,1.0005,390,16.501,610.34,117.47,68.6
2505,83.706,5.39,-0.869,0.0475,1.0009,384,16.643,583.34,118.41,68.42
2506,83.74,5.598,-0.872,0.0499,1.0006,384,16.81,585.32,119.26,68.25
2507,83.773,5.984,-0.687,0.0541,0.9995,314,16.919,601.15,119.79,68.17
2508,83.807,5.682,-1.028,0.0408,1.0009,364,16.894,578.94,120.35,68.05
2509,83.84,5.726,-1.131,0.0427,1.001,361,16.577,560.44,120.71,68.07
2510,83.873,5.982,-0.995,0.0429,1.0003,364,16.557,543.61,120.86,68.14
2511,83.907,5.803,-1.05,0.0386,1.0011,372,16.634,551.36,120.93,68.15
2512,83.94,5.67,-1.221,0.0471,1.0013,348,16.533,551.49,121.19,68.09
2513,83.974,5.717,-0.973,0.0483,1.0005,378,16.426,540.95,121.73,68.09
2514,84.007,5.376,-0.982,0.0405,1.0008,375,15.994,514.86,122.4,68.01
2515,84.04,5.27,-0.923,0.0435,1.0,360,15.528,521.82,122.98,68.02
2516,84.074,5.253,-1.032,0.0499,1.0,324,15.921,655.59,122.4,68.03
2517,84.107,4.96,-1.026,0.0404,1.0006,379,14.903,598.46,123.22,67.93
2518,84.141,4.985,-1.13,0.0508,1.0006,388,14.714,557.99,124.08,67.87
2519,84.174,4.83,-1.298,0.0538,1.0009,384,14.262,544.57,124.92,67.76
2520,84.208,4.779,-1.165,0.0442,1.0007,380,14.343,591.72,125.7,67.6
2521,84.241,4.667,-1.169,0.0412,1.0008,383,14.511,583.54,126.58,67.35
2522,84.274,4.751,-1.164,0.049,1.0005,388,14.256,546.32,127.51,67.04
2523,84.308,4.538,-1.2,0.0453,1.0008,384,13.973,531.89,128.47,66.73
2524,84.341,4.586,-1.157,0.0445,1.0004,394,13.845,556.58,129.26,66.45
2525,84.375,4.493,-1.101,0.0453,1.0003,391,13.87,583.14,129.99,66.24
2526,84.408,4.352,-1.046,0.0429,1.0003,385,13.635,566.39,130.84,66.0
2527,84.441,4.315,-1.083,0.0461,1.0003,385,13.42,544.71,131.67,65.72
2528,84.475,4.248,-1.059,0.0538,1.0002,371,13.086,538.66,132.35,65.5
2529,84.508,4.252,-1.236,0.0424,1.0006,394,13.549,615.88,132.74,65.3
2530,84.542,4.097,-1.241,0.0567,1.0005,395,13.466,672.78,133.12,65.2
2531,84.575,4.081,-1.255,0.054,1.0005,398,13.559,603.53,133.8,64.98
2532,84.609,3.967,-1.357,0.0606,1.0007,399,13.24,599.58,134.42,64.85
2533,84.642,3.734,-1.341,0.051,1.0007,399,12.816,589.76,134.92,64.69
2534,84.675,3.657,-1.468,0.0574,1.0009,394,12.769,603.62,135.21,64.5
2535,84.709,3.553,-1.52,0.0586,1.0009,389,12.553,601.88,135.58,64.38
2536,84.742,3.328,-1.434,0.0494,1.0009,395,11.996,571.86,135.99,64.27
2537,84.776,3.166,-1.429,0.0489,1.0008,394,11.475,571.25,136.0,64.24
2538,84.809,2.751,-1.52,0.0408,1.0011,396,10.879,599.35,135.59,64.12
2539,84.842,2.4,-1.371,0.0363,1.001,399,10.087,602.22,135.46,64.08
2540,84.876,2.094,-1.317,0.0382,1.001,400,9.132,581.04,135.43,64.05
2541,84.909,1.426,-1.173,0.023,1.0013,398,7.785,597.55,134.96,63.97
2542,84.943,1.156,-1.068,0.0249,1.0013,397,6.414,598.23,134.6,63.86
2543,84.976,0.741,-1.046,0.0232,1.0014,400,5.263,590.61,134.24,63.79
2544,85.01,0.42,-1.027,0.0176,1.0016,400,4.277,574.41,134.24,63.76
2545,85.043,-0.009,-0.932,-0.0028,1.0018,400,4.142,582.26,133.76,63.8
2546,85.076,-0.199,-1.109,0.0086,1.0022,392,5.111,606.33,132.73,63.59
2547,85.11,-0.402,-1.133,0.0082,1.0023,400,5.142,610.56,132.11,63.41
2548,85.143,-0.602,-1.06,0.004,1.0024,400,5.139,594.57,131.64,63.38
2549,85.177,-0.798,-1.226,0.0083,1.0029,400,5.634,577.4,131.22,63.29
2550,85.21,-1.061,-1.279,-0.0026,1.0032,395,7.315,638.42,129.59,62.94
2551,85.243,-1.213,-1.33,0.0035,1.0033,400,7.706,670.99,128.45,62.74
2552,85.277,-1.614,-1.332,-0.0115,1.0034,391,8.528,631.4,128.3,62.82
2553,85.31,-2.045,-1.324,-0.0247,1.0037,399,9.363,581.35,128.12,62.87
2554,85.344,-2.442,-1.392,-0.033,1.004,400,10.34,567.92,127.7,63.02
2555,85.377,-2.92,-1.374,-0.0491,1.0042,398,11.584,621.85,126.55,63.0
2556,85.411,-3.202,-1.524,-0.0512,1.0045,400,12.213,594.6,126.12,63.13
2557,85.444,-3.622,-1.664,-0.0566,1.0049,389,12.851,565.95,125.85,63.24
2558,85.477,-3.708,-1.759,-0.0595,1.0048,392,13.058,544.21,125.47,63.44
2559,85.511,-3.716,-1.705,-0.0605,1.0049,393,13.061,547.33,124.83,63.58
2560,85.544,-3.804,-1.885,-0.0603,1.0052,371,13.446,598.77,123.85,63.58
2561,85.578,-3.944,-1.847,-0.0659,1.0054,380,13.382,561.36,123.52,63.74
2562,85.611,-3.899,-1.88,-0.0622,1.0053,384,13.44,549.2,123.13,63.92
2563,85.644,-4.161,-2.022,-0.068,1.0057,386,13.604,535.85,122.69,64.1
2564,85.678,-4.038,-2.026,-0.0616,1.0053,387,13.821,554.89,121.91,64.19
2565,85.711,-4.035,-2.013,-0.0598,1.0053,381,13.754,531.69,121.49,64.39
2566,85.745,-4.192,-1.941,-0.0688,1.0054,375,13.704,505.03,121.11,64.55
2567,85.778,-4.119,-1.805,-0.0704,1.0051,391,13.438,490.72,120.68,64.73
2568,85.812,-4.063,-1.785,-0.0663,1.0051,392,13.428,503.02,120.08,64.81
2569,85.845,-4.119,-1.731,-0.0675,1.005,395,13.59,499.41,119.49,64.89
2570,85.878,-3.969,-1.76,-0.0545,1.0049,387,13.37,483.99,119.08,65.07
2571,85.912,-3.948,-1.634,-0.0559,1.0048,392,13.198,456.41,118.64,65.22
2572,85.945,-3.743,-1.666,-0.0474,1.0048,390,12.736,468.88,118.02,65.29
2573,85.979,-3.47,-1.603,-0.0387,1.0048,391,12.453,500.7,117.21,65.22
2574,86.012,-3.242,-1.465,-0.028,1.0047,387,12.029,470.46,116.92,65.29
2575,86.045,-3.006,-1.535,-0.0051,1.0051,382,12.197,447.07,114.96,64.39
2576,86.079,-2.971,-1.549,-0.0079,1.0047,390,9.984,418.78,114.6,64.59
2577,86.112,-2.922,-1.638,0.0039,1.0051,380,10.354,460.82,114.21,64.85
2578,86.146,-3.065,-1.735,0.0083,1.0053,386,10.604,415.53,113.88,64.99
2579,86.179,-3.323,-1.946,0.0183,1.0059,379,11.047,386.7,113.54,65.14
2580,86.212,-3.343,-2.282,0.0347,1.0062,380,11.415,399.65,113.02,65.32
2581,86.246,-3.456,-2.224,0.0347,1.0063,377,11.707,444.88,112.4,65.52
2582,86.279,-3.567,-2.296,0.0335,1.0065,381,11.795,436.02,111.93,65.67
2583,86.313,-3.723,-2.487,0.0415,1.0069,367,11.841,403.94,111.54,65.8
2584,86.346,-3.76,-2.573,0.05,1.0071,352,11.83,387.37,111.08,66.0
2585,86.38,-3.897,-2.564,0.0519,1.0074,372,11.921,433.92,110.6,66.19
2586,86.413,-4.004,-2.598,0.0593,1.0078,376,12.199,413.6,110.21,66.38
2587,86.446,-4.314,-2.753,0.0628,1.0083,376,12.349,370.97,109.87,66.53
2588,86.48,-4.748,-3.055,0.0636,1.0092,344,12.305,335.33,109.45,66.66
2589,86.513,-5.061,-3.01,0.0561,1.0097,326,12.066,320.52,109.2,66.85
2590,86.547,-4.37,-2.918,0.1,1.0095,313,12.17,330.66,109.09,67.08
2591,86.58,-4.962,-2.796,0.0659,1.0098,348,11.944,294.36,108.84,67.3
2592,86.613,-5.618,-2.702,0.0509,1.0107,300,11.704,269.84,108.59,67.46
2593,86.647,-5.328,-2.733,0.071,1.0107,333,11.823,260.65,108.51,67.62
2594,86.68,-5.549,-2.686,0.066,1.0109,298,11.644,262.49,108.44,67.85
2595,86.714,-4.739,-2.301,0.0873,1.0098,309,11.4,265.98,108.23,68.11
2596,86.747,-4.944,-2.541,0.0537,1.0098,335,11.237,237.1,108.0,68.21
2597,86.781,-5.031,-2.968,0.0714,1.0102,333,11.109,219.22,107.72,68.34
2598,86.814,-5.017,-3.196,0.0526,1.0099,337,10.854,216.59,107.55,68.49
2599,86.847,-4.664,-2.797,0.034,1.0089,335,10.325,210.71,107.42,68.59
2600,86.881,-4.871,-3.153,0.03,1.0098,246,10.098,195.41,107.14,68.62
2601,86.914,-4.951,-3.925,0.0331,1.0107,297,10.101,178.82,106.94,68.73
2602,86.948,-5.304,-4.159,0.0288,1.0114,306,10.243,170.9,106.65,68.81
2603,86.981,-4.506,-3.586,0.0525,1.0101,315,10.001,180.32,106.41,68.88
2604,87.014,-4.283,-3.504,0.0472,1.0099,305,9.456,168.91,106.21,68.95
2605,87.048,-4.921,-4.034,0.0229,1.0111,310,9.272,157.38,106.0,69.03
2606,87.081,-6.733,-3.161,-0.1169,1.0111,271,9.225,160.64,105.82,69.18
2607,87.115,-5.231,-3.656,-0.0351,1.0111,312,9.133,169.97,105.71,69.29
2608,87.148,-5.639,-4.099,-0.0434,1.0118,307,9.201,165.52,105.56,69.33
2609,87.182,-5.609,-4.456,-0.0378,1.0124,297,9.006,151.95,105.32,69.32
2610,87.215,-5.166,-4.827,0.0055,1.013,311,9.069,152.53,105.09,69.34
2611,87.248,-4.954,-5.667,0.0504,1.0142,299,9.19,170.04,104.93,69.44
2612,87.282,-6.108,-5.252,-0.0309,1.0147,277,9.279,180.07,104.67,69.46
2613,87.315,-5.487,-4.834,-0.0164,1.0143,259,8.893,165.61,104.39,69.44
2614,87.349,-4.368,-5.685,0.0618,1.0147,250,8.573,153.14,104.08,69.38
2615,87.382,-5.426,-4.43,-0.0026,1.0148,226,8.601,148.82,103.64,69.31
2616,87.415,-5.013,-5.298,0.0358,1.0159,251,8.681,156.07,103.22,69.25
2617,87.449,-7.005,-5.5,-0.0958,1.0169,229,8.258,144.66,102.87,69.15
2618,87.482,-4.952,-4.234,0.0037,1.0154,221,8.028,131.78,102.38,69.06
2619,87.516,-5.191,-4.295,0.0065,1.0153,229,8.308,147.4,101.68,68.9
2620,87.549,-4.382,-4.476,0.074,1.0161,199,8.35,162.39,100.9,68.67
2621,87.583,-3.994,-4.592,0.0766,1.0158,239,7.927,155.71,100.39,68.59
2622,87.616,-4.179,-3.902,0.0264,1.0151,235,7.23,135.09,99.94,68.43
2623,87.649,-2.498,-5.024,0.14,1.0153,246,6.9,126.78,99.49,68.28
2624,87.683,-4.961,-4.008,-0.0363,1.0149,257,6.992,136.98,99.01,68.13
2625,87.716,-3.488,-3.867,0.0318,1.0128,220,7.212,150.35,98.35,67.89
2626,87.75,-4.003,-4.516,0.0342,1.0143,305,7.039,134.05,98.03,67.76
2627,87.783,-3.873,-4.48,0.0235,1.0135,307,6.875,121.87,97.68,67.61
2628,87.816,-4.065,-4.467,0.0289,1.014,259,6.821,118.57,97.3,67.48
2629,87.85,-3.828,-4.849,0.0496,1.0139,309,7.055,127.44,96.94,67.31
2630,87.883,-3.643,-5.233,0.0753,1.014,305,7.298,127.51,96.9,67.1
2631,87.917,-4.748,-5.207,0.0086,1.0143,294,7.117,122.64,96.66,66.97
2632,87.95,-4.51,-5.26,0.0245,1.0142,312,7.501,123.79,96.86,66.78
2633,87.984,-2.728,-7.114,0.1823,1.0154,285,7.508,134.75,96.85,66.6
2634,88.017,-5.003,-5.775,0.012,1.0147,281,7.522,132.58,96.79,66.52
2635,88.05,-4.642,-6.314,0.0533,1.0155,261,8.691,135.48,96.96,66.04
2636,88.084,-4.582,-5.439,0.0061,1.0138,232,6.66,130.83,96.59,65.95
2637,88.117,-4.412,-6.241,0.0566,1.0152,246,7.194,141.32,96.14,65.88
2638,88.151,-4.725,-5.51,0.0217,1.0148,269,7.451,145.26,95.64,65.69
2639,88.184,-5.348,-5.311,-0.0127,1.0152,275,7.437,130.28,95.04,65.49
2640,88.217,-5.415,-4.933,-0.0198,1.0152,249,7.264,118.69,94.44,65.31
2641,88.251,-5.361,-4.537,-0.0151,1.015,276,7.466,118.65,94.15,65.15
2642,88.284,-5.345,-5.825,0.0387,1.0168,237,7.545,133.95,93.76,64.95
2643,88.318,-5.813,-4.314,-0.026,1.0155,237,7.695,146.22,93.34,64.82
2644,88.351,-3.494,-6.808,0.1675,1.0173,236,7.461,147.12,92.95,64.69
2645,88.385,-5.611,-6.557,0.0383,1.0178,230,7.638,157.19,92.7,64.63
2646,88.418,-5.362,-6.762,0.048,1.0172,250,7.188,160.07,92.27,64.64
2647,88.451,-5.188,-3.895,-0.0324,1.0132,270,7.143,158.15,92.2,64.63
2648,88.485,-3.54,-7.391,0.1479,1.0161,214,6.65,144.96,91.86,64.57
2649,88.518,-5.536,-5.009,-0.0394,1.0144,267,6.675,144.55,91.45,64.57
2650,88.552,-5.367,-5.092,-0.0364,1.0146,272,6.679,153.39,90.99,64.52
2651,88.585,-5.344,-5.375,-0.057,1.0147,276,6.622,155.25,90.61,64.59
2652,88.618,-4.754,-4.975,-0.0485,1.0136,276,6.221,143.44,90.14,64.66
2653,88.652,-4.434,-5.08,-0.0486,1.0134,281,6.088,137.29,89.72,64.73
2654,88.685,-3.37,-4.644,0.0047,1.0127,247,6.323,141.87,89.38,64.82
2655,88.719,-3.197,-5.607,0.0095,1.0139,235,6.406,157.97,89.14,64.89
2656,88.752,-2.625,-4.471,-0.0127,1.0125,245,6.46,171.82,88.95,65.0
2657,88.786,1.329,-5.932,0.2595,1.0128,224,6.883,163.01,89.09,65.13
2658,88.819,-1.698,-4.558,0.0108,1.0123,257,6.991,164.89,89.18,65.24
2659,88.852,-1.042,-4.656,0.0557,1.0122,255,6.879,165.83,89.1,65.29
2660,88.886,-2.725,-5.643,-0.0022,1.0147,246,7.082,170.25,89.14,65.38
2661,88.919,-2.731,-4.914,-0.0427,1.0142,204,7.156,159.15,89.19,65.48
2662,88.953,-2.887,-6.344,0.0009,1.0166,219,7.278,164.68,89.09,65.33
2663,88.986,-1.071,-5.96,0.0762,1.0157,235,7.478,185.36,88.89,65.15
2664,89.019,-2.483,-6.3,-0.0229,1.017,219,7.58,194.24,88.5,64.84
2665,89.053,-2.427,-5.972,-0.0361,1.0169,213,7.603,187.0,88.12,64.56
2666,89.086,-0.747,-6.322,0.0732,1.0169,195,7.524,178.82,87.58,64.17
2667,89.12,-1.007,-6.876,0.081,1.018,172,7.818,177.27,87.09,63.62
2668,89.153,0.749,-5.724,0.1081,1.0155,130,8.268,189.24,86.76,62.94
2669,89.186,-3.386,-7.425,-0.0186,1.0208,160,8.424,206.87,86.29,62.12
2670,89.22,-2.283,-8.138,0.0742,1.0213,149,8.562,194.65,85.81,61.23
2671,89.253,2.109,-7.657,0.2845,1.0186,157,8.415,184.47,85.35,60.29
2672,89.287,1.256,-6.516,0.1383,1.0168,133,8.4,168.26,84.86,59.35
2673,89.32,1.75,-7.009,0.2203,1.017,149,8.509,170.81,84.29,58.41
2674,89.354,3.387,-7.386,0.3291,1.0168,139,8.284,153.21,83.68,57.41
2675,89.387,3.494,-7.047,0.313,1.0163,147,8.556,153.44,83.35,56.39
2676,89.42,3.644,-6.903,0.3027,1.0161,131,8.362,158.05,83.27,55.47
2677,89.454,2.685,-9.654,0.3724,1.0214,95,8.752,162.05,82.82,54.42
2678,89.487,4.228,-7.856,0.3359,1.0172,123,7.853,152.14,82.85,53.76
2679,89.521,4.177,-8.262,0.3708,1.0175,134,7.853,136.06,83.16,53.24
2680,89.554,5.097,-8.508,0.4537,1.0172,125,8.209,136.05,84.02,52.84
2681,89.587,4.704,-8.238,0.4079,1.0169,124,7.975,143.83,84.61,52.41
2682,89.621,4.926,-7.676,0.4016,1.016,121,8.088,127.84,85.1,52.04
2683,89.654,4.237,-6.95,0.3043,1.0153,97,7.606,108.41,85.19,51.64
2684,89.688,5.012,-7.948,0.4224,1.0167,104,7.604,99.43,85.29,51.09
2685,89.721,4.354,-7.334,0.3423,1.016,90,7.744,96.68,85.53,50.51
2686,89.755,4.161,-8.372,0.3899,1.0185,86,7.415,90.98,85.54,49.9
2687,89.788,4.884,-1.212,0.1111,1.0038,91,7.065,74.52,85.22,49.34
2688,89.821,6.022,-1.327,0.2582,1.004,88,6.775,61.36,85.06,48.86
2689,89.855,6.255,-1.172,0.2736,1.0042,96,6.346,50.09,84.93,48.42
2690,89.888,4.753,-0.714,0.1138,1.0043,91,5.887,48.3,84.88,48.14
2691,89.922,5.712,-1.196,0.2211,1.0043,109,5.679,42.59,84.65,47.98
2692,89.955,5.267,-1.131,0.2019,1.0044,101,5.284,38.93,84.63,47.85
2693,89.988,5.508,-0.92,0.1885,1.0038,122,5.275,42.27,84.82,47.84
2694,90.022,5.221,-1.114,0.1457,1.0049,113,5.599,41.64,85.1,47.96
2695,90.055,5.685,-0.903,0.1639,1.0039,88,6.649,54.95,85.8,48.41
2696,90.089,5.274,-1.242,0.1461,1.004,126,4.976,47.17,85.97,48.59
2697,90.122,5.809,-1.366,0.1761,1.0033,127,5.123,49.22,86.58,49.07
2698,90.156,4.781,-2.062,0.1432,1.0052,134,5.098,50.03,87.26,49.53
2699,90.189,5.415,-1.111,0.1383,1.0026,161,5.183,53.54,87.85,49.98
2700,90.222,5.707,-1.709,0.1933,1.0032,157,5.41,52.43,88.77,50.49
2701,90.256,5.768,-0.293,0.1516,1.0003,130,5.378,51.0,89.88,50.98
2702,90.289,5.07,-0.777,0.0934,1.0009,143,5.077,53.7,90.77,51.43
2703,90.323,4.397,-1.762,0.1079,1.0035,135,4.996,54.19,91.64,51.85
2704,90.356,4.332,-1.484,0.0974,1.0026,145,4.687,54.71,92.19,52.16
2705,90.389,4.158,-1.793,0.1073,1.0036,155,4.842,53.64,92.65,52.46
2706,90.423,3.618,-1.862,0.0907,1.004,156,4.758,59.08,93.4,52.75
2707,90.456,2.866,-1.901,0.0786,1.0046,172,4.58,66.1,94.25,53.09
2708,90.49,2.578,-2.065,0.0728,1.0047,135,4.294,64.71,94.81,53.35
2709,90.523,2.633,-1.474,0.0353,1.0033,128,4.18,59.66,95.33,53.53
2710,90.557,2.682,-0.731,0.0113,1.0024,121,4.537,58.42,96.01,53.81
2711,90.59,2.659,-1.762,0.0923,1.0047,122,4.208,64.62,96.42,53.96
2712,90.623,2.84,-1.289,0.0639,1.0033,116,4.339,70.95,96.78,54.05
2713,90.657,3.146,-1.152,0.0646,1.0031,132,4.559,65.25,96.96,54.18
2714,90.69,3.761,-0.92,0.1038,1.0027,115,4.759,62.96,97.24,54.3
2715,90.724,3.714,-0.774,0.1041,1.0031,114,5.198,64.16,97.97,54.53
2716,90.757,3.761,-1.182,0.133,1.004,108,5.023,62.73,98.21,54.62
2717,90.79,3.743,-0.816,0.0956,1.0029,127,5.034,61.45,98.31,54.72
2718,90.824,3.608,-1.006,0.0914,1.0037,120,5.257,62.16,98.49,54.77
2719,90.857,3.757,-1.058,0.1061,1.0036,115,5.293,68.2,98.56,54.94
2720,90.891,3.78,-1.38,0.1244,1.0038,114,5.256,69.07,98.6,55.14
2721,90.924,3.847,-1.642,0.1272,1.004,116,5.35,69.63,98.93,55.23
2722,90.958,3.715,-1.815,0.115,1.0045,122,5.567,65.5,99.36,55.42
2723,90.991,3.7,-1.847,0.1025,1.0046,118,5.831,64.67,99.98,55.85
2724,91.024,3.723,-1.849,0.1144,1.0045,113,5.966,67.1,100.88,56.05
2725,91.058,3.779,-1.836,0.1091,1.0045,120,5.914,75.41,101.56,56.27
2726,91.091,4.249,-1.386,0.1029,1.0035,119,6.217,70.13,102.17,56.63
2727,91.125,4.068,-1.438,0.1012,1.0036,116,6.385,74.09,103.39,56.91
2728,91.158,3.707,-1.694,0.1,1.0044,112,5.989,78.03,104.13,56.96
2729,91.191,3.661,-1.849,0.1067,1.0046,113,5.818,81.09,104.33,57.14
2730,91.225,3.834,-1.342,0.1047,1.0037,110,5.687,79.75,104.58,57.18
2731,91.258,3.43,-1.565,0.0853,1.0044,107,5.472,73.69,105.14,57.07
2732,91.292,3.706,-1.654,0.1213,1.0043,100,5.295,76.35,105.65,56.99
2733,91.325,3.224,-2.008,0.1037,1.0054,103,5.314,74.77,106.05,56.85
2734,91.359,3.044,-1.825,0.0926,1.0053,105,5.335,75.15,106.67,56.5
2735,91.392,3.329,-1.531,0.0992,1.0045,97,5.161,73.7,107.1,56.29
2736,91.425,2.846,-1.739,0.0889,1.005,101,5.124,74.26,107.3,56.08
2737,91.459,1.949,-2.853,0.1141,1.0079,90,4.881,75.58,107.57,55.72
2738,91.492,2.081,-2.958,0.1349,1.0078,100,4.894,81.11,107.79,55.33
2739,91.526,1.126,-2.783,0.0618,1.008,103,4.709,77.77,107.89,55.0
2740,91.559,0.981,-3.141,0.1018,1.0088,102,4.528,78.85,107.99,54.56
2741,91.592,0.966,-2.865,0.0891,1.0084,102,4.382,74.77,108.12,54.13
2742,91.626,0.488,-3.196,0.103,1.0091,96,4.118,72.81,107.97,53.87
2743,91.659,0.586,-3.109,0.1116,1.0087,89,3.784,74.07,107.83,53.41
2744,91.693,0.252,-2.102,0.0487,1.0078,94,3.805,76.77,107.74,52.85
2745,91.726,-0.664,-2.34,0.0805,1.0078,76,3.369,82.49,107.17,52.63
2746,91.759,-1.746,-1.492,0.0131,1.007,78,3.239,85.92,106.66,52.18
2747,91.793,-2.242,-1.591,0.0229,1.0071,75,3.079,78.32,106.06,51.67
2748,91.826,-2.452,-1.359,0.0199,1.0067,80,2.965,76.91,105.31,51.36
2749,91.86,-2.138,-1.705,0.047,1.0067,80,2.884,84.14,104.8,50.89
2750,91.893,-2.359,-2.132,0.0623,1.0075,81,2.826,89.72,104.56,50.62
2751,91.927,-2.367,-1.349,-0.0003,1.0062,90,2.734,90.1,104.34,50.48
2752,91.96,-1.657,-1.43,0.0492,1.0054,84,2.454,84.55,104.25,50.13
2753,91.993,-1.575,-1.117,0.0356,1.0049,88,2.534,87.66,104.52,49.98
2754,92.027,-0.997,-0.895,0.035,1.0039,94,2.594,96.0,105.15,50.18
2755,92.06,-0.731,-0.625,0.0248,1.0034,87,3.284,97.44,106.46,50.25
2756,92.094,-0.853,-0.675,0.0074,1.0035,90,1.856,96.52,106.57,50.1
2757,92.127,-0.881,-0.883,0.0257,1.0037,90,1.835,95.05,106.73,50.08
2758,92.16,-0.649,-0.851,0.0271,1.0032,91,2.105,106.44,107.43,49.98
2759,92.194,-0.756,-0.866,0.0148,1.0034,90,2.003,103.62,107.91,49.85
2760,92.227,-0.328,-0.719,0.0186,1.0026,90,1.919,108.45,108.33,49.76
2761,92.261,-0.47,-0.897,0.0107,1.0031,96,1.592,106.36,108.66,49.49
2762,92.294,-0.623,-1.215,0.0205,1.0038,87,2.134,111.4,109.57,49.39
2763,92.328,-0.308,-1.053,0.0161,1.0032,92,1.893,114.99,110.07,49.44
2764,92.361,-0.427,-1.431,0.0268,1.0041,102,2.284,119.81,111.0,49.49
2765,92.394,-0.201,-0.8,0.0067,1.003,95,1.942,109.38,111.48,49.26
2766,92.428,-0.31,-1.252,0.0077,1.0037,98,2.108,121.84,111.95,49.18
2767,92.461,-0.128,-1.514,0.0243,1.0039,108,2.305,128.91,112.64,48.95
2768,92.495,-0.463,-1.676,0.0028,1.0044,114,2.431,125.71,113.23,48.81
2769,92.528,-0.468,-2.086,0.0148,1.0049,111,2.544,121.93,113.74,48.67
2770,92.561,-0.746,-2.385,0.0145,1.005,110,2.902,114.94,114.62,48.27
2771,92.595,-0.899,-2.571,0.0093,1.0056,103,2.948,103.71,115.34,48.17
2772,92.628,-1.041,-3.099,0.017,1.0061,94,2.628,105.31,115.46,48.19
2773,92.662,-0.793,-3.161,0.0273,1.0058,92,2.64,114.61,115.57,47.95
2774,92.695,-1.177,-3.071,-0.0125,1.0059,87,2.714,117.99,115.66,47.81
2775,92.729,-0.941,-3.25,0.0029,1.0061,94,2.991,123.52,115.86,47.83
2776,92.762,-0.978,-3.356,-0.0055,1.0062,95,2.94,122.3,115.94,47.57
2777,92.795,-0.702,-3.744,0.0185,1.0067,97,3.086,109.41,116.08,47.37
2778,92.829,-1.203,-3.218,-0.0449,1.0068,85,3.067,110.73,116.02,47.27
2779,92.862,-1.281,-4.277,0.0156,1.0086,107,3.284,125.24,115.96,47.03
2780,92.896,-1.533,-4.069,-0.0259,1.0084,103,3.455,125.63,115.82,46.86
2781,92.929,-1.262,-3.698,-0.0265,1.0079,91,3.467,101.49,115.45,46.84
2782,92.962,-1.221,-4.483,0.0039,1.0087,80,3.426,76.01,115.15,46.67
2783,92.996,-1.327,-4.266,0.0105,1.0087,88,3.171,94.85,115.24,46.53
2784,93.029,-1.383,-4.148,0.0436,1.0089,99,3.15,112.42,115.26,46.48
2785,93.063,-1.224,-3.888,0.0157,1.0079,99,2.976,77.37,115.5,46.27
2786,93.096,-1.115,-3.134,-0.0019,1.0073,84,2.967,66.23,116.15,46.45
2787,93.13,-1.019,-2.615,0.0001,1.0069,77,2.854,94.9,116.42,46.46
2788,93.163,-2.918,-3.499,-0.0386,1.0106,73,2.983,62.31,117.15,46.58
2789,93.196,-1.755,-2.908,0.0218,1.0081,74,2.484,37.39,117.72,46.09
2790,93.23,-1.139,-2.191,0.0128,1.0067,67,2.154,87.49,117.83,46.23
2791,93.263,-1.192,-1.924,-0.0063,1.0064,73,1.922,58.25,117.94,46.28
2792,93.297,-1.679,-2.194,-0.0228,1.0076,66,2.52,88.63,118.56,46.78
2793,93.33,-1.549,-2.721,0.0101,1.0083,83,2.685,89.35,119.37,46.89
2794,93.363,-1.733,-2.88,0.0022,1.0083,84,2.873,110.97,120.05,47.34
2795,93.397,-1.926,-3.315,-0.0088,1.0093,92,2.965,80.15,120.93,47.31
2796,93.43,-2.524,-4.1,-0.0091,1.0107,88,2.963,50.9,121.68,47.76
2797,93.464,-2.148,-3.98,0.0234,1.01,79,2.71,82.0,121.78,48.03
2798,93.497,-2.666,-4.476,-0.0016,1.0111,66,3.037,105.59,122.04,48.31
2799,93.531,-2.235,-4.174,0.0038,1.0101,94,3.144,71.35,122.55,48.75
2800,93.564,-2.157,-3.9,-0.015,1.0101,104,3.124,54.61,123.07,49.05
2801,93.597,-2.11,-3.893,-0.0136,1.0105,78,2.959,35.25,123.63,49.42
2802,93.631,-1.403,-3.464,0.0142,1.0089,70,2.588,33.87,123.74,49.81
2803,93.664,-1.57,-2.965,-0.0002,1.0086,68,2.658,33.01,123.87,50.36
2804,93.698,-3.668,-5.664,0.0254,1.0171,40,3.946,108.28,123.41,50.8
2805,93.731,-3.25,-3.201,-0.0182,1.0117,75,3.07,97.12,123.22,51.08
2806,93.764,-2.922,-2.988,-0.0155,1.0108,107,2.817,88.83,122.9,51.21
2807,93.798,-2.92,-2.453,-0.0478,1.0104,105,2.803,88.19,122.65,51.4
2808,93.831,-2.78,-2.453,-0.0442,1.0099,106,2.835,107.59,122.39,51.76
2809,93.865,-2.403,-2.333,-0.0275,1.0095,119,2.791,98.88,122.16,51.94
2810,93.898,-2.546,-2.58,-0.0324,1.0101,142,2.974,97.24,121.86,52.2
2811,93.932,-2.564,-3.041,0.0041,1.0106,92,2.754,67.11,121.37,52.26
2812,93.965,-3.065,-3.371,-0.0455,1.011,64,3.08,113.13,120.86,52.43
2813,93.998,-2.727,-3.586,-0.0096,1.0109,75,3.264,140.02,120.29,52.53
2814,94.032,-2.916,-3.711,-0.0262,1.0112,114,3.61,168.31,119.76,52.66
2815,94.065,-2.842,-4.302,0.028,1.0121,112,4.813,210.84,119.44,52.97
2816,94.099,-3.925,-2.557,-0.1501,1.0098,152,3.931,207.26,118.8,52.98
2817,94.132,-3.468,-4.733,-0.0206,1.0129,148,4.213,204.7,118.15,52.97
2818,94.165,-3.805,-4.915,-0.0412,1.0137,156,4.464,219.37,117.52,52.93
2819,94.199,-3.527,-4.84,-0.026,1.0132,143,4.583,220.32,116.97,52.85
2820,94.232,-3.599,-4.975,-0.0304,1.0135,171,4.793,246.25,116.19,52.72
2821,94.266,-3.634,-5.337,-0.0237,1.0142,208,4.742,234.47,115.34,52.6
2822,94.299,-3.654,-5.153,-0.0365,1.0144,208,4.929,244.03,114.4,52.54
2823,94.333,-3.196,-5.094,-0.0014,1.014,156,5.048,269.93,113.46,52.54
2824,94.366,-3.933,-5.12,-0.064,1.0149,214,5.219,289.88,112.45,52.54
2825,94.399,-3.326,-5.099,-0.0033,1.0145,193,5.148,300.93,111.36,52.55
2826,94.433,-1.149,-3.005,-0.0433,1.0083,150,5.021,294.05,110.17,52.6
2827,94.466,-4.785,-5.599,-0.0348,1.0182,129,5.099,325.56,109.09,52.75
2828,94.5,0.161,-1.239,-0.0751,1.0044,152,4.982,342.67,108.21,52.89
2829,94.533,-2.669,-4.05,0.0192,1.0137,152,4.44,290.77,107.68,52.95
2830,94.566,-3.007,-4.257,0.0173,1.0141,193,4.168,292.01,107.18,53.09
2831,94.6,-3.761,-4.095,-0.0296,1.0148,155,3.978,269.61,106.71,53.23
2832,94.633,-2.804,-4.078,0.0238,1.0134,144,3.91,265.44,106.43,53.42
2833,94.667,-3.809,-4.172,-0.0392,1.0144,200,4.142,258.78,106.34,53.73
2834,94.7,-3.476,-4.635,0.0033,1.0145,183,3.995,240.17,106.29,53.82
2835,94.733,-2.856,-4.531,0.0334,1.0133,207,4.126,238.26,105.99,53.93
2836,94.767,-3.268,-4.862,0.0099,1.0135,135,4.123,248.67,105.63,53.94
2837,94.8,-2.943,-4.989,0.0281,1.0129,131,4.169,154.81,105.3,53.75
2838,94.834,-2.765,-5.42,0.0241,1.0131,107,4.031,141.49,104.85,53.66
2839,94.867,-1.676,-6.536,0.2082,1.013,124,3.955,166.0,104.37,53.59
2840,94.901,-3.806,-5.988,-0.0338,1.015,180,4.451,202.46,103.85,53.57
2841,94.934,-3.606,-6.634,0.0235,1.0156,213,4.662,212.77,103.61,53.45
2842,94.967,-3.389,-6.564,0.0258,1.0153,195,4.757,206.72,103.38,53.32
2843,95.001,-3.755,-6.619,-0.0017,1.0157,183,4.875,196.42,103.15,53.12
2844,95.034,-4.12,-6.906,0.0095,1.0166,213,5.035,180.67,103.04,53.07
2845,95.068,-4.606,-6.957,-0.0007,1.0174,220,5.144,176.25,102.93,52.99
2846,95.101,-5.026,-7.198,-0.012,1.019,175,4.74,160.03,102.91,52.88
2847,95.134,-4.479,-7.079,0.0196,1.0178,224,5.055,146.67,102.72,52.75
2848,95.168,-4.281,-6.75,0.0244,1.0178,236,5.032,138.87,102.63,52.69
2849,95.201,-4.752,-6.649,0.0098,1.019,183,4.899,123.92,102.5,52.58
2850,95.235,-6.277,-6.091,-0.0851,1.0211,148,4.8,97.55,102.55,52.35
2851,95.268,-6.009,-6.652,-0.019,1.0213,85,4.923,122.05,102.48,52.2
2852,95.302,-4.109,-6.467,0.066,1.0187,50,5.371,152.34,101.91,51.85
2853,95.335,-4.198,-5.702,0.0259,1.017,81,5.502,155.77,101.46,51.59
2854,95.368,-4.479,-6.062,0.0305,1.018,201,5.359,106.81,101.17,51.25
2855,95.402,-3.065,-5.677,0.082,1.0162,199,4.959,97.02,101.1,51.04
2856,95.435,-4.316,-5.299,-0.0187,1.0178,177,5.228,91.45,101.25,50.8
2857,95.469,-2.516,-6.463,0.1382,1.0166,143,5.963,111.19,101.87,50.42
2858,95.502,-2.521,-5.952,0.1039,1.016,184,6.094,146.4,102.02,50.14
2859,95.535,-3.533,-6.224,0.0427,1.0171,220,6.396,143.27,102.07,49.9
2860,95.569,-3.076,-6.515,0.0667,1.0166,213,6.408,121.45,101.81,49.28
2861,95.602,-2.991,-7.18,0.0925,1.0173,195,7.34,106.59,102.44,48.75
2862,95.636,-3.02,-7.742,0.1176,1.0178,180,7.293,110.29,102.75,48.12
2863,95.669,-4.243,-8.138,0.0474,1.0199,155,7.472,117.48,102.88,47.49
2864,95.703,-4.105,-8.765,0.0659,1.0205,133,7.564,108.61,102.6,46.81
2865,95.736,-3.565,-5.683,-0.056,1.0165,113,8.135,94.37,102.6,46.2
2866,95.769,-2.742,-7.436,0.0869,1.0179,94,8.219,81.19,102.51,45.29
2867,95.803,-5.313,-5.289,-0.1658,1.0184,75,8.251,69.19,102.0,44.42
2868,95.836,-1.74,-3.38,0.021,1.0075,70,8.774,67.79,101.79,43.51
2869,95.87,-2.064,-3.328,-0.0191,1.008,75,8.661,65.33,100.82,42.47
2870,95.903,-2.329,-3.544,-0.0146,1.0089,63,9.785,66.29,100.81,41.45
2871,95.936,-2.452,-2.966,-0.0691,1.0082,69,8.893,65.04,100.52,40.72
2872,95.97,-1.848,-2.716,-0.0089,1.0075,63,8.425,56.27,100.87,40.51
2873,96.003,-2.558,-2.662,-0.0408,1.0083,56,7.9,42.04,101.83,40.62
2874,96.037,-2.15,-2.646,-0.0002,1.0077,70,6.951,47.24,103.1,40.92
2875,96.07,-2.35,-2.593,-0.0233,1.0081,64,6.771,68.78,104.26,41.48
2876,96.104,-2.523,-2.119,-0.0805,1.0069,68,4.774,67.56,105.0,41.53
2877,96.137,-2.224,-2.087,-0.0514,1.0064,72,4.3,67.54,106.06,41.58
2878,96.17,-2.111,-1.985,-0.029,1.0065,68,3.948,65.79,107.26,41.78
2879,96.204,-2.446,-2.06,-0.0468,1.0068,69,3.532,65.11,108.39,41.86
2880,96.237,-2.203,-2.332,-0.0176,1.0067,72,3.394,68.8,109.34,41.81
2881,96.271,-2.025,-2.438,0.0055,1.0064,66,3.318,67.89,110.52,41.7
2882,96.304,-2.446,-2.289,-0.0532,1.0066,68,3.351,65.58,111.71,41.57
2883,96.337,-2.429,-2.442,-0.0397,1.0068,64,3.603,70.74,113.36,41.43
2884,96.371,-2.709,-2.859,-0.0418,1.0075,64,3.815,68.11,114.98,41.03
2885,96.404,-2.371,-2.398,-0.0243,1.0064,63,4.242,62.0,117.06,40.6
2886,96.438,-2.653,-2.751,-0.0415,1.007,64,3.677,59.05,118.65,39.9
2887,96.471,-2.759,-2.742,-0.053,1.0074,74,3.248,59.17,119.82,39.29
2888,96.505,-2.971,-2.933,-0.0595,1.0077,64,2.951,63.38,120.5,38.82
2889,96.538,-2.795,-2.912,-0.0442,1.0078,65,2.652,62.38,121.15,38.48
2890,96.571,-2.785,-2.756,-0.0445,1.0074,62,2.796,60.66,121.96,38.18
2891,96.605,-2.916,-2.854,-0.0467,1.0079,63,2.758,57.91,122.81,37.91
2892,96.638,-2.992,-2.78,-0.0463,1.0083,66,3.092,59.32,123.9,37.87
2893,96.672,-2.85,-2.446,-0.0326,1.0078,63,2.798,66.79,124.68,37.86
2894,96.705,-3.236,-2.25,-0.0541,1.0081,62,3.042,71.55,125.57,37.72
2895,96.738,-3.049,-2.096,-0.0055,1.0077,56,3.244,69.54,126.45,37.77
2896,96.772,-3.643,-1.986,-0.0684,1.0083,61,3.252,66.75,127.45,37.61
2897,96.805,-3.298,-1.72,-0.0388,1.0075,59,3.216,70.71,128.31,37.51
2898,96.839,-3.423,-1.645,-0.066,1.0075,60,2.914,65.8,129.01,37.32
2899,96.872,-3.158,-1.497,-0.059,1.0071,64,2.896,44.89,130.03,37.1
2900,96.906,-3.264,-1.379,-0.0893,1.0066,66,2.387,40.39,130.52,37.1
2901,96.939,-2.854,-1.597,-0.0402,1.0066,69,2.374,59.57,131.01,37.2
2902,96.972,-3.322,-1.681,-0.0748,1.0067,62,2.473,67.25,131.33,37.23
2903,97.006,-3.305,-2.082,-0.0447,1.0073,63,2.714,70.97,131.95,37.3
2904,97.039,-3.462,-1.999,-0.0548,1.007,63,2.659,74.02,132.25,37.31
2905,97.073,-3.259,-2.038,-0.0424,1.007,61,2.557,73.64,132.53,37.26
2906,97.106,-3.486,-2.284,-0.0599,1.0074,60,2.723,82.94,132.78,37.32
2907,97.139,-3.492,-2.345,-0.0614,1.0075,63,2.801,84.4,132.84,37.35
2908,97.173,-3.341,-2.439,-0.0375,1.0076,57,2.716,83.54,132.98,37.44
2909,97.206,-3.811,-2.998,-0.058,1.0088,63,2.933,85.09,133.11,37.57
2910,97.24,-3.56,-2.453,-0.0497,1.0077,63,2.98,88.43,133.18,37.65
2911,97.273,-3.679,-2.516,-0.063,1.008,70,2.849,84.58,133.28,37.68
2912,97.307,-3.759,-3.583,-0.0343,1.0103,79,2.874,78.24,133.46,37.75
2913,97.34,-4.419,-4.022,-0.0696,1.0118,74,3.088,79.19,133.72,37.84
2914,97.373,-4.01,-2.974,-0.053,1.0092,72,3.41,78.21,133.33,38.0
2915,97.407,-4.307,-2.987,-0.0755,1.0097,67,3.236,72.72,133.26,38.1
2916,97.44,-4.218,-2.115,-0.0895,1.0083,72,3.228,70.31,133.25,38.3
2917,97.474,-4.799,-3.895,-0.0747,1.0123,65,3.362,67.26,133.09,38.46
2918,97.507,-4.469,-1.999,-0.0879,1.0092,62,3.603,67.23,132.63,38.56
2919,97.54,-4.372,-2.391,-0.0574,1.0099,66,3.501,67.05,132.01,38.72
2920,97.574,-4.617,-1.579,-0.0946,1.0091,58,3.05,60.48,132.25,38.74
2921,97.607,-5.426,-1.857,-0.1141,1.0105,61,3.478,39.91,132.08,38.62
2922,97.641,-5.504,-2.52,-0.0917,1.0116,58,3.683,37.12,131.49,38.36
2923,97.674,-5.614,-1.689,-0.104,1.0103,52,3.721,47.66,130.86,38.36
2924,97.707,-5.847,-2.674,-0.0715,1.0116,68,3.496,50.71,130.94,38.09
2925,97.741,-5.707,-2.082,-0.0748,1.0098,62,3.62,47.62,130.78,37.84
2926,97.774,-6.333,-1.761,-0.1132,1.0097,54,3.515,38.14,130.68,37.77
2927,97.808,-6.307,-1.619,-0.0822,1.0087,52,3.967,39.69,130.53,37.69
2928,97.841,-6.734,-1.876,-0.077,1.0091,62,4.102,45.94,130.46,37.63
2929,97.875,-7.073,-2.077,-0.0858,1.0097,62,4.526,48.75,130.52,37.61
2930,97.908,-7.744,-2.631,-0.0957,1.0107,54,4.712,51.12,130.54,37.64
2931,97.941,-7.291,-1.696,-0.0881,1.0079,54,5.093,53.29,130.55,37.9
2932,97.975,-8.087,-2.039,-0.1051,1.0092,51,5.414,55.85,130.51,38.23
2933,98.008,-8.703,-2.471,-0.1269,1.0098,49,5.57,55.98,130.18,38.58
2934,98.042,-9.072,-2.552,-0.1169,1.0097,55,6.031,53.13,129.87,39.03
2935,98.075,-9.708,-2.29,-0.1471,1.0093,57,7.153,57.88,129.62,40.03
2936,98.108,-10.157,-2.502,-0.1602,1.009,62,6.773,58.57,129.19,40.61
2937,98.142,-10.33,-2.74,-0.1554,1.0104,57,7.842,57.41,129.93,41.97
2938,98.175,-10.961,-3.57,-0.1773,1.0132,49,7.542,54.98,130.18,42.96
2939,98.209,-10.484,-2.799,-0.1518,1.0112,52,8.073,54.64,130.71,44.26
2940,98.242,-10.708,-2.83,-0.1698,1.0115,64,7.745,56.45,130.75,45.23
2941,98.276,-10.493,-2.182,-0.1661,1.0101,63,7.833,50.65,131.17,46.18
2942,98.309,-10.211,-1.871,-0.1231,1.0098,49,7.45,53.69,131.35,46.69
2943,98.342,-10.663,-1.787,-0.1373,1.0101,56,7.521,58.57,131.74,47.03
2944,98.376,-11.159,-1.287,-0.1711,1.0099,73,7.259,50.06,131.94,47.25
2945,98.409,-11.633,-1.44,-0.2026,1.0101,82,7.398,38.3,132.98,47.69
2946,98.443,-10.635,-1.517,-0.1386,1.0097,77,6.365,31.21,133.28,47.76
2947,98.476,-11.238,-1.122,-0.2031,1.0088,71,6.673,31.51,134.05,48.18
2948,98.509,-11.8,-0.98,-0.2466,1.0087,45,6.457,35.41,134.4,48.28
2949,98.543,-12.353,-1.455,-0.267,1.0093,53,6.65,40.56,135.14,48.24
2950,98.576,-11.919,-0.964,-0.2541,1.0086,92,6.512,32.37,135.87,47.98
2951,98.61,-12.954,-1.595,-0.2979,1.0098,94,6.514,21.97,136.36,47.9
2952,98.643,-12.894,-1.702,-0.2651,1.0094,96,6.436,17.41,136.63,47.85
2953,98.677,-13.498,-1.426,-0.3122,1.0092,133,6.989,15.22,137.39,47.91
2954,98.71,-13.256,-0.732,-0.3188,1.0077,111,6.909,16.68,138.07,47.82
2955,98.743,-14.584,-2.462,-0.3436,1.0106,146,7.262,18.13,138.86,47.95
2956,98.777,-14.926,-4.04,-0.293,1.0118,140,7.15,17.68,139.42,48.06
2957,98.81,-13.356,-1.317,-0.2878,1.0079,141,6.837,17.28,139.06,48.46
2958,98.844,-17.889,0.636,-0.6181,1.0083,140,6.279,17.65,137.83,48.85
2959,98.877,-18.616,1.44,-0.6951,1.008,175,5.936,17.89,137.89,49.17
2960,98.91,-17.762,1.8,-0.6814,1.0071,164,5.65,18.14,137.73,49.4
2961,98.944,-18.06,2.468,-0.7156,1.0066,166,5.78,18.72,137.77,49.83
2962,98.977,-19.144,-0.473,-0.6936,1.0105,171,5.704,17.81,137.63,50.27
2963,99.011,-14.991,-0.362,-0.4602,1.0081,186,5.367,15.66,136.99,50.47
2964,99.044,-19.58,1.31,-0.7927,1.0094,188,5.415,15.29,136.52,50.9
2965,99.078,-19.225,0.831,-0.7729,1.0099,202,5.34,15.05,135.68,51.28
2966,99.111,-20.87,-0.154,-0.8374,1.0123,196,5.12,14.34,135.14,51.64
2967,99.144,-23.442,-0.182,-0.954,1.0141,189,5.401,15.88,134.57,51.97
2968,99.178,-19.33,1.669,-0.781,1.0097,236,5.529,18.88,134.29,52.28
2969,99.211,-14.034,1.095,-0.4832,1.0073,245,5.389,22.57,133.14,52.28
2970,99.245,-18.887,2.016,-0.7965,1.0086,212,5.446,24.78,131.67,52.09
2971,99.278,-13.18,2.176,-0.4728,1.005,257,5.561,25.62,131.25,52.17
2972,99.311,-14.451,2.08,-0.5633,1.0057,302,5.618,25.57,130.82,52.18
2973,99.345,-18.055,2.728,-0.8071,1.0073,275,5.675,25.53,130.36,52.06
2974,99.378,-12.606,2.679,-0.5003,1.0041,307,5.855,28.68,129.81,51.9
2975,99.412,-12.128,1.863,-0.4662,1.0049,313,5.641,26.01,129.23,51.48
2976,99.445,-13.149,1.744,-0.5432,1.0062,344,5.609,25.78,128.74,51.36
2977,99.479,-12.86,1.475,-0.5214,1.0066,363,5.528,26.8,128.19,51.06
2978,99.512,-12.749,1.53,-0.5105,1.0066,353,6.041,30.17,127.67,50.9
2979,99.545,-15.811,0.516,-0.6545,1.0091,293,6.247,45.78,127.12,50.69
2980,99.579,-11.328,0.698,-0.4044,1.006,360,6.323,50.71,126.59,50.46
2981,99.612,-10.665,0.626,-0.3556,1.0058,367,6.598,52.81,125.84,50.06
2982,99.646,-10.233,-0.093,-0.3072,1.0065,343,6.706,70.04,125.22,49.74
2983,99.679,-9.606,-0.063,-0.2806,1.0058,378,6.666,73.59,124.56,49.38
2984,99.712,-9.676,-0.227,-0.2835,1.0063,389,6.666,86.09,123.88,49.01
2985,99.746,-9.231,-0.652,-0.2419,1.0067,387,6.897,89.66,123.51,48.71
2986,99.779,-8.955,-0.887,-0.2176,1.0067,388,6.876,96.14,123.1,48.31
2987,99.813,-8.67,-0.849,-0.2033,1.0068,389,6.884,103.38,122.8,48.01
2988,99.846,-10.274,-1.209,-0.2843,1.0089,365,6.845,110.12,122.27,47.64
2989,99.88,-8.569,-1.181,-0.169,1.0081,376,6.995,108.46,121.51,47.27
2990,99.913,-9.812,-2.368,-0.2002,1.0103,335,7.124,102.09,120.67,46.85
2991,99.946,-7.659,-0.915,-0.1302,1.0073,325,7.147,101.45,120.04,46.67
2992,99.98,-11.198,-1.178,-0.3403,1.0092,325,7.216,92.84,119.11,46.52
2993,100.013,-6.76,-0.455,-0.1098,1.0051,361,7.262,83.24,118.19,46.41
2994,100.047,-7.69,-0.641,-0.1825,1.0061,373,6.948,82.7,117.49,46.32
2995,100.08,-6.406,-0.618,-0.1078,1.0056,382,7.223,95.58,116.67,46.42
2996,100.113,-7.428,-1.217,-0.1645,1.0071,371,6.404,98.66,116.01,46.21
2997,100.147,-6.26,-1.023,-0.1232,1.0062,392,6.427,112.6,115.4,46.04
2998,100.18,-6.064,-1.109,-0.1024,1.0057,394,6.731,113.48,114.6,45.79
2999,100.214,-6.455,-1.018,-0.1201,1.0057,399,7.178,134.46,113.82,45.55
3000,100.247,-7.675,-1.073,-0.1825,1.0063,368,8.065,201.32,112.33,44.94
3001,100.28,-6.261,-0.937,-0.0982,1.0049,398,7.997,183.78,111.58,44.56
3002,100.314,-6.71,-1.119,-0.1067,1.0054,398,8.239,175.03,110.59,44.01
3003,100.347,-6.937,-1.009,-0.118,1.0056,399,8.177,160.48,110.19,43.82
3004,100.381,-8.233,-0.303,-0.2128,1.0053,369,8.302,164.05,109.92,43.68
3005,100.414,-7.284,-0.902,-0.1347,1.0053,397,8.381,163.41,109.87,43.62
3006,100.448,-6.887,-0.831,-0.1074,1.0046,382,8.401,157.4,109.96,43.62
3007,100.481,-7.0,-0.705,-0.1228,1.0044,389,8.526,150.62,110.17,43.63
3008,100.514,-8.209,-1.026,-0.1843,1.0056,368,8.631,158.56,110.6,43.67
3009,100.548,-7.163,-1.093,-0.1309,1.005,390,8.715,158.21,111.43,43.76
3010,100.581,-8.361,-0.5,-0.2369,1.005,360,8.416,154.72,112.07,43.8
3011,100.615,-7.367,-0.8,-0.1765,1.0046,371,8.434,160.26,112.95,43.81
3012,100.648,-6.437,-1.448,-0.1094,1.0055,386,8.271,165.48,113.81,43.63
3013,100.681,-6.107,-1.678,-0.0998,1.0063,393,8.102,154.83,115.22,43.44
3014,100.715,-5.87,-1.685,-0.1032,1.0065,358,7.576,133.43,116.45,43.19
3015,100.748,-7.264,-1.3,-0.228,1.0071,351,7.052,122.55,117.61,43.02
3016,100.782,-5.047,-1.597,-0.0866,1.0061,376,6.696,120.34,118.63,42.81
3017,100.815,-5.673,-1.645,-0.1372,1.007,361,7.442,133.25,120.85,42.92
3018,100.849,-5.302,-2.393,-0.0883,1.008,364,6.838,120.82,122.36,42.45
3019,100.882,-4.895,-2.873,-0.0648,1.0096,372,6.983,138.66,123.65,42.1
3020,100.915,-3.724,-1.757,-0.0497,1.0058,399,5.845,101.2,124.59,41.63
3021,100.949,-4.584,-1.125,-0.1254,1.0054,352,5.806,114.12,125.55,41.22
3022,100.982,-3.832,-1.769,-0.0452,1.0061,397,6.1,106.19,126.62,40.69
3023,101.016,-3.885,-1.944,-0.0391,1.0065,397,6.109,107.43,127.64,40.15
3024,101.049,-3.32,-1.707,-0.0314,1.0058,395,5.853,126.4,128.55,39.65
3025,101.082,-3.972,-2.188,-0.0757,1.007,348,5.723,147.58,129.49,39.21
3026,101.116,-4.163,-2.311,-0.0819,1.0075,347,5.749,148.9,130.35,38.59
3027,101.149,-2.951,-2.161,-0.0028,1.0067,399,5.825,146.33,131.35,37.85
3028,101.183,-3.154,-2.134,-0.0077,1.0068,397,5.832,145.97,132.36,37.03
3029,101.216,-2.959,-2.075,0.0041,1.0065,398,5.76,156.29,133.17,36.32
3030,101.25,-3.095,-2.007,-0.0091,1.0066,393,5.93,190.07,133.66,35.86
3031,101.283,-3.199,-2.203,-0.0012,1.0069,395,6.083,206.42,134.34,35.15
3032,101.316,-3.262,-2.316,0.0002,1.0071,391,5.994,192.91,135.0,34.35
3033,101.35,-3.638,-2.462,-0.0081,1.0075,394,6.076,178.1,135.8,33.5
3034,101.383,-3.903,-2.834,-0.0021,1.0081,397,6.037,175.28,136.14,33.13
3035,101.417,-3.738,-2.57,-0.0069,1.0074,246,6.181,178.51,135.14,33.61
3036,101.45,-4.391,-3.021,-0.012,1.0088,396,6.009,176.56,135.28,33.55
3037,101.483,-4.591,-3.017,-0.011,1.0089,396,6.281,160.21,135.82,33.34
3038,101.517,-4.906,-3.138,-0.0086,1.0094,396,6.556,152.53,136.38,33.16
3039,101.55,-5.307,-3.17,-0.0143,1.0099,398,6.758,150.51,136.94,32.98
3040,101.584,-7.266,-4.839,-0.0707,1.0131,330,6.753,153.21,137.34,32.99
3041,101.617,-5.442,-2.854,-0.0193,1.0101,393,6.832,156.71,137.78,32.92
3042,101.651,-5.152,-2.777,-0.0138,1.0097,393,6.848,146.95,138.22,32.86
3043,101.684,-5.04,-2.534,-0.0123,1.0091,393,6.785,135.75,138.67,32.76
3044,101.717,-5.186,-2.117,-0.0255,1.0085,376,6.665,137.3,138.92,32.84
3045,101.751,-6.421,-3.355,-0.0483,1.0106,346,7.207,157.08,139.26,32.91
3046,101.784,-5.583,-2.249,-0.0342,1.0086,396,7.433,153.49,139.85,32.72
3047,101.818,-5.126,-2.016,-0.0258,1.0076,382,7.225,146.85,139.73,32.97
3048,101.851,-5.057,-1.849,-0.0397,1.007,392,7.04,133.34,139.57,33.2
3049,101.884,-5.231,-1.944,-0.0458,1.0071,396,6.929,121.71,139.25,33.39
3050,101.918,-5.654,-2.116,-0.0565,1.0076,391,7.289,147.01,139.15,33.51
3051,101.951,-6.768,-2.244,-0.1133,1.0083,362,7.96,134.63,138.74,33.32
3052,101.985,-6.741,-1.83,-0.1226,1.0077,372,7.988,141.28,138.01,33.41
3053,102.018,-6.23,-2.092,-0.0901,1.0073,394,7.919,157.11,138.15,33.23
3054,102.052,-6.308,-2.041,-0.1077,1.0071,396,8.453,203.56,137.65,33.14
3055,102.085,-6.249,-2.061,-0.1001,1.0068,398,7.914,195.79,137.97,33.11
3056,102.118,-6.138,-1.984,-0.0984,1.0066,382,8.166,193.27,138.58,32.98
3057,102.152,-6.406,-2.155,-0.1134,1.007,385,7.96,195.32,138.82,32.88
3058,102.185,-6.622,-2.409,-0.1191,1.0076,386,8.04,173.36,139.38,32.53
3059,102.219,-6.84,-2.761,-0.1256,1.0084,398,7.722,152.26,139.88,32.1
3060,102.252,-7.009,-2.822,-0.1414,1.0087,392,7.548,155.44,140.35,31.84
3061,102.285,-7.123,-2.854,-0.1512,1.0088,393,7.264,161.83,140.5,31.73
3062,102.319,-7.836,-2.514,-0.213,1.0087,387,7.22,145.1,140.81,31.57
3063,102.352,-7.437,-2.224,-0.2131,1.0079,381,6.799,107.27,141.11,31.32
3064,102.386,-6.8,-2.612,-0.1588,1.0082,391,6.535,94.68,141.58,31.13
3065,102.419,-7.112,-2.812,-0.1816,1.0087,385,6.465,89.06,141.83,31.23
3066,102.453,-7.946,-2.482,-0.2568,1.0089,382,6.228,85.63,142.07,31.39
3067,102.486,-8.186,-2.616,-0.2743,1.0095,392,6.196,86.0,141.81,31.72
3068,102.519,-7.335,-2.499,-0.2316,1.0089,395,6.094,89.09,141.55,32.02
3069,102.553,-7.705,-2.677,-0.2474,1.0095,384,6.49,110.07,141.04,32.5
3070,102.586,-7.81,-3.064,-0.2328,1.0103,399,7.012,161.84,140.44,33.01
3071,102.62,-7.378,-2.545,-0.2406,1.0093,392,7.12,143.12,140.28,32.86
3072,102.653,-7.396,-2.228,-0.2722,1.0096,395,6.666,132.75,139.97,32.93
3073,102.686,-7.521,-2.224,-0.2749,1.0098,322,6.9,110.51,138.89,33.28
3074,102.72,-9.033,-3.414,-0.3239,1.0121,361,6.665,135.5,138.09,33.53
3075,102.753,-7.728,-2.64,-0.2725,1.0099,391,7.276,173.92,137.14,33.68
3076,102.787,-7.339,-2.156,-0.2619,1.0088,388,6.913,157.8,137.31,33.64
3077,102.82,-6.605,-1.978,-0.2317,1.0082,398,6.765,153.94,137.41,33.76
3078,102.854,-5.924,-1.015,-0.2237,1.0061,281,7.232,167.18,136.33,34.39
3079,102.887,-6.55,-1.518,-0.249,1.0072,399,7.021,170.57,135.65,34.58
3080,102.92,-6.323,-1.599,-0.2335,1.0071,400,7.116,186.69,134.84,34.84
3081,102.954,-6.567,-1.703,-0.2446,1.0074,398,7.463,191.42,134.01,35.04
3082,102.987,-6.491,-1.906,-0.2322,1.0077,398,7.276,192.26,133.28,35.24
3083,103.021,-6.019,-1.726,-0.2176,1.0072,399,7.393,193.27,132.45,35.33
3084,103.054,-5.813,-1.64,-0.2161,1.007,399,6.758,177.13,132.33,35.26
3085,103.087,-5.886,-1.916,-0.2132,1.0076,399,6.743,166.41,132.26,35.28
3086,103.121,-5.567,-1.891,-0.1952,1.0072,400,6.787,195.95,131.85,35.52
3087,103.154,-5.558,-2.154,-0.1921,1.0077,400,6.709,191.27,131.85,35.54
3088,103.188,-5.302,-2.255,-0.1717,1.0077,400,6.662,175.21,132.05,35.38
3089,103.221,-4.815,-2.222,-0.1571,1.0074,400,6.248,164.8,132.08,35.23
3090,103.254,-5.048,-2.532,-0.1672,1.0083,395,6.245,166.32,132.16,35.14
3091,103.288,-4.704,-2.569,-0.1477,1.0082,400,6.364,204.3,132.07,35.25
3092,103.321,-4.624,-2.582,-0.1479,1.0083,400,6.208,217.93,132.1,35.32
3093,103.355,-4.482,-2.915,-0.1212,1.0089,398,6.416,231.96,132.33,35.31
3094,103.388,-4.663,-3.525,-0.1109,1.0098,377,6.4,205.54,132.67,35.08
3095,103.422,-3.938,-3.159,-0.0906,1.009,381,5.715,170.59,132.83,34.9
3096,103.455,-3.609,-2.484,-0.083,1.0082,399,5.281,148.97,132.97,34.78
3097,103.488,-3.38,-2.572,-0.0517,1.0084,400,5.469,135.48,132.96,34.64
3098,103.522,-3.827,-2.824,-0.078,1.0092,398,5.445,131.76,133.06,34.59
3099,103.555,-3.889,-2.863,-0.0778,1.0095,400,5.778,169.38,132.65,34.88
3100,103.589,-3.853,-2.782,-0.0738,1.0095,400,5.991,202.11,132.43,35.03
3101,103.622,-3.995,-2.596,-0.0846,1.0092,398,6.125,196.13,132.67,34.82
3102,103.655,-3.694,-2.5,-0.075,1.0087,398,5.837,176.68,132.98,34.67
3103,103.689,-3.578,-2.409,-0.0807,1.0083,399,5.887,164.05,133.2,34.61
3104,103.722,-3.627,-2.426,-0.093,1.0081,391,5.868,201.91,132.57,35.02
3105,103.756,-3.598,-2.396,-0.0956,1.0079,400,5.736,243.31,132.47,35.23
3106,103.789,-3.622,-2.514,-0.1088,1.0078,394,5.493,232.62,132.54,35.27
3107,103.823,-3.645,-2.289,-0.1237,1.0075,393,5.469,206.44,132.52,35.16
3108,103.856,-3.576,-2.164,-0.1211,1.0073,400,5.612,219.9,132.49,35.2
3109,103.889,-3.762,-2.545,-0.1157,1.0078,396,5.662,229.88,132.45,35.26
3110,103.923,-3.513,-2.436,-0.0962,1.0073,400,5.835,215.94,132.56,35.23
3111,103.956,-3.653,-2.632,-0.0959,1.0075,393,6.108,223.36,132.0,35.46
3112,103.99,-3.71,-2.632,-0.1023,1.0077,399,5.958,232.08,131.85,35.57
3113,104.023,-3.985,-2.98,-0.122,1.0083,393,5.762,231.2,131.86,35.57
3114,104.056,-3.8,-2.639,-0.1225,1.0079,399,7.112,308.16,130.94,35.6
3115,104.09,-4.062,-2.973,-0.1257,1.0081,393,5.412,249.21,131.16,35.47
3116,104.123,-3.913,-3.168,-0.1152,1.0084,394,5.537,230.53,131.44,35.4
3117,104.157,-4.193,-3.431,-0.1349,1.0089,395,5.61,243.93,131.54,35.53
3118,104.19,-4.05,-3.512,-0.119,1.0091,400,5.706,240.44,131.47,35.65
3119,104.224,-4.153,-3.917,-0.1208,1.0098,400,5.668,227.41,131.55,35.72
3120,104.257,-4.143,-3.886,-0.1224,1.0098,400,5.673,209.96,131.56,35.73
3121,104.29,-4.318,-4.258,-0.1401,1.0107,397,5.858,233.02,131.18,35.99
3122,104.324,-4.335,-4.087,-0.1477,1.0107,400,5.863,242.98,131.05,36.1
3123,104.357,-4.727,-4.679,-0.1568,1.012,392,6.065,242.55,131.12,36.18
3124,104.391,-4.919,-4.67,-0.174,1.0123,389,6.16,231.59,131.2,36.24
3125,104.424,-4.066,-3.838,-0.1407,1.011,395,6.228,212.97,131.24,36.23
3126,104.457,-4.525,-4.107,-0.1678,1.0118,386,6.135,194.49,131.4,36.24
3127,104.491,-4.582,-3.793,-0.1763,1.0118,392,6.216,173.78,131.35,36.32
3128,104.524,-4.407,-3.324,-0.1607,1.0118,400,6.338,163.13,131.56,36.21
3129,104.558,-5.239,-4.467,-0.1634,1.0137,367,6.445,199.28,131.36,36.41
3130,104.591,-4.557,-4.454,-0.1247,1.013,387,6.575,226.0,130.7,36.7
3131,104.625,-3.945,-3.331,-0.1265,1.011,398,6.609,202.12,130.24,36.85
3132,104.658,-3.491,-3.3,-0.0992,1.0105,390,6.201,183.21,130.35,36.77
3133,104.691,-3.541,-3.232,-0.1023,1.0099,395,6.225,172.76,130.06,36.85
3134,104.725,-3.829,-3.67,-0.1061,1.0102,392,5.743,186.82,129.65,37.18
3135,104.758,-3.29,-3.203,-0.0727,1.0092,396,5.675,196.85,129.55,37.42
3136,104.792,-3.358,-3.398,-0.0622,1.0093,391,5.789,196.81,129.61,37.5
3137,104.825,-3.542,-3.738,-0.0591,1.0095,392,5.911,203.72,129.67,37.57
3138,104.858,-3.543,-3.624,-0.0673,1.0092,393,6.003,228.3,129.27,37.77
3139,104.892,-2.943,-3.211,-0.0468,1.0083,399,5.889,236.33,128.85,38.0
3140,104.925,-3.313,-3.842,-0.0519,1.0093,393,5.758,233.34,128.85,38.17
3141,104.959,-3.01,-3.856,-0.0202,1.0091,397,5.892,212.52,129.07,38.19
3142,104.992,-3.479,-4.757,-0.0254,1.0104,384,6.609,228.85,128.35,38.51
3143,105.026,-3.294,-4.373,-0.0193,1.0098,397,6.262,250.87,128.14,38.8
3144,105.059,-3.344,-4.342,-0.0145,1.0098,396,6.71,230.27,127.9,39.01
3145,105.092,-3.349,-4.566,-0.0073,1.01,395,6.407,215.29,128.08,39.03
3146,105.126,-3.067,-4.197,-0.0005,1.0094,396,6.323,204.82,128.26,39.06
3147,105.159,-3.256,-4.513,-0.0045,1.01,393,6.748,221.65,127.73,39.28
3148,105.193,-3.175,-4.172,-0.0027,1.0095,396,6.643,220.4,127.54,39.51
3149,105.226,-3.449,-4.422,-0.0185,1.0101,398,6.575,203.41,127.69,39.54
3150,105.259,-3.467,-4.309,-0.0072,1.0103,395,7.187,209.28,127.4,39.7
3151,105.293,-3.855,-4.358,-0.0141,1.0106,395,7.482,199.25,127.46,39.84
3152,105.326,-4.467,-4.145,-0.0399,1.0107,390,8.136,186.0,127.61,40.01
3153,105.36,-5.057,-4.204,-0.064,1.0112,396,8.576,171.21,127.46,40.22
3154,105.393,-5.943,-5.042,-0.0885,1.0127,385,8.702,158.84,127.75,40.32
3155,105.427,-5.382,-4.224,-0.0582,1.0114,367,9.061,155.26,127.74,40.58
3156,105.46,-6.078,-5.268,-0.0696,1.0131,388,9.181,171.55,127.74,40.79
3157,105.493,-5.613,-4.295,-0.064,1.0113,387,9.164,167.36,127.99,40.94
3158,105.527,-5.987,-5.153,-0.0631,1.0124,384,9.321,158.42,128.39,41.01
3159,105.56,-5.703,-4.379,-0.0525,1.0113,398,9.508,146.95,128.71,41.16
3160,105.594,-5.896,-4.764,-0.0713,1.0114,385,9.303,196.93,128.72,41.34
3161,105.627,-5.008,-3.685,-0.0575,1.009,393,8.962,194.81,128.87,41.5
3162,105.66,-4.754,-3.086,-0.068,1.0076,399,8.544,178.75,128.97,41.6
3163,105.694,-5.147,-3.33,-0.0946,1.0081,392,8.401,172.91,128.77,41.79
3164,105.727,-5.007,-3.245,-0.0867,1.0079,398,8.38,185.03,128.59,42.17
3165,105.761,-4.984,-3.456,-0.0869,1.0082,398,8.505,181.3,128.65,42.47
3166,105.794,-5.243,-3.548,-0.1038,1.0085,399,8.384,171.5,128.92,42.63
3167,105.828,-5.379,-3.627,-0.1194,1.0085,391,8.248,165.23,129.22,42.73
3168,105.861,-5.126,-2.929,-0.1318,1.0072,389,8.069,217.84,128.78,43.01
3169,105.894,-5.161,-2.549,-0.1524,1.0066,391,7.84,236.06,128.83,43.26
3170,105.928,-5.532,-2.583,-0.1659,1.0069,393,8.312,223.06,129.15,43.4
3171,105.961,-5.464,-2.451,-0.1571,1.0068,395,8.451,203.99,129.48,43.52
3172,105.995,-6.227,-2.492,-0.2008,1.0073,394,8.86,200.59,129.56,43.76
3173,106.028,-6.47,-2.373,-0.2214,1.0075,394,9.065,229.97,129.54,44.11
3174,106.061,-7.592,-2.193,-0.2612,1.0079,391,10.521,291.25,128.84,44.37
3175,106.095,-9.659,-1.548,-0.3676,1.0078,386,10.22,249.21,129.22,44.52
3176,106.128,-11.649,-0.345,-0.4041,1.0075,375,10.841,207.85,129.9,44.67
3177,106.162,-17.451,-0.413,-0.6691,1.0104,376,11.231,181.75,130.67,44.8
3178,106.195,-17.707,0.669,-0.6322,1.0091,379,11.609,152.61,131.08,45.11
3179,106.228,-23.376,1.545,-0.8987,1.0102,361,11.986,131.68,131.19,45.44
3180,106.262,-26.64,-0.51,-0.9686,1.0143,331,11.231,83.12,131.73,45.1
3181,106.295,-25.178,3.612,-0.8659,1.0072,302,10.181,68.75,131.98,44.17
3182,106.329,-30.233,1.681,-1.075,1.0119,281,9.782,62.2,132.07,42.65
3183,106.362,-30.763,5.053,-1.1262,1.0069,301,9.639,60.07,131.84,41.16
3184,106.396,-30.467,-0.358,-0.839,1.014,268,10.045,50.7,131.43,39.42
3185,106.429,-31.97,-0.388,-0.8607,1.0141,245,9.987,42.3,130.25,37.84
3186,106.462,-37.579,7.186,-1.3728,1.0046,252,9.838,41.35,128.95,36.12
3187,106.496,-39.949,7.782,-1.5012,1.0048,223,9.523,33.66,128.14,33.98
3188,106.529,-35.799,-1.08,-0.9434,1.0162,258,9.186,28.36,128.26,31.9
3189,106.563,-43.956,1.193,-1.5464,1.0146,263,8.573,23.55,128.54,29.04
3190,106.596,-46.745,4.341,-1.7546,1.0108,233,7.446,19.41,129.51,28.08
3191,106.629,-39.226,2.095,-1.1862,1.0116,262,6.554,15.33,132.73,27.15
3192,106.663,-37.251,3.09,-1.0565,1.0095,216,6.525,5.84,135.06,25.73
3193,106.696,-45.466,7.051,-1.6715,1.0061,151,5.501,4.48,137.88,24.42
3194,106.73,-33.175,-1.291,-0.7011,1.014,127,4.813,3.81,138.99,23.1
3195,106.763,-43.508,2.742,-1.4617,1.0107,138,4.646,3.16,138.86,21.9
3196,106.797,-32.627,1.419,-0.6699,1.0109,85,4.075,2.4,138.17,20.49
3197,106.83,-42.347,16.809,-1.5235,0.9923,71,3.786,1.85,136.77,19.08
3198,106.863,-29.061,0.559,0.0241,0.999,57,3.464,1.52,134.91,17.87
3199,106.897,-27.7,-0.629,0.1709,1.0004,50,2.179,1.31,133.98,16.49
3200,106.93,0.131,-0.166,0.017,1.0003,70,1.089,1.19,133.94,15.5
3201,106.964,0.038,0.093,-0.0005,0.9999,39,2.038,1.26,132.55,17.43
3202,106.997,-0.092,-0.039,-0.0059,1.0001,130,3.089,1.45,130.03,24.52
3203,107.03,-0.001,-0.007,-0.0052,1.0003,76,6.111,1.68,124.9,33.28
3204,107.064,0.046,0.043,0.0502,1.0,11,6.965,1.87,120.68,39.01
3205,107.097,-25.278,10.595,-0.8881,0.9895,37,8.759,2.15,117.65,41.29
3206,107.131,-11.307,-0.04,0.1194,0.9933,59,8.624,2.58,115.34,42.21
3207,107.164,-17.035,4.243,-0.3298,0.9925,94,8.651,2.69,112.86,42.57
3208,107.198,-22.669,3.95,-0.7099,0.997,128,8.606,2.96,110.03,42.46
3209,107.231,-12.784,3.395,-0.0123,0.9914,107,9.813,4.92,107.21,42.22
3210,107.264,-22.138,6.657,-0.8596,0.9949,179,7.913,6.24,104.53,41.94
3211,107.298,-19.73,4.204,-0.6965,0.9967,185,7.774,7.7,102.74,41.5
3212,107.331,-17.989,4.457,-0.6356,0.9961,189,7.841,8.46,101.62,40.99
3213,107.365,-14.149,3.019,-0.4012,0.9961,239,7.898,8.93,100.28,40.62
3214,107.398,-14.142,3.074,-0.432,0.9965,269,8.259,9.94,99.61,40.13
3215,107.431,-13.139,3.126,-0.387,0.9961,258,8.726,14.81,99.13,39.71
3216,107.465,-10.896,2.892,-0.2696,0.9953,254,9.15,19.34,98.67,39.46
3217,107.498,-10.079,2.898,-0.2491,0.9952,262,10.703,23.71,99.76,39.8
3218,107.532,-12.642,1.16,-0.3793,0.9988,290,9.913,24.97,99.67,39.86
3219,107.565,-9.259,1.632,-0.228,0.997,330,9.659,26.95,99.44,39.54
3220,107.599,-7.265,1.972,-0.1482,0.9958,310,10.45,29.17,100.18,39.53
3221,107.632,-8.356,0.449,-0.1792,0.9985,326,10.146,30.85,100.5,39.4
3222,107.665,-7.994,0.784,-0.175,0.998,339,10.307,29.78,100.79,39.38
3223,107.699,-7.223,1.429,-0.1497,0.997,344,10.33,28.87,100.86,39.4
3224,107.732,-7.453,0.672,-0.1512,0.9981,368,11.009,32.87,101.49,39.63
3225,107.766,-7.437,0.529,-0.1567,0.9982,364,11.139,57.42,102.11,39.83
3226,107.799,-7.158,1.216,-0.1737,0.9976,355,10.913,58.57,102.52,40.03
3227,107.832,-7.173,0.486,-0.1689,0.9986,390,10.252,53.93,102.75,39.97
3228,107.866,-7.039,0.888,-0.181,0.9981,395,10.327,53.9,103.43,40.08
3229,107.899,-7.204,0.212,-0.173,0.999,398,10.396,63.29,104.39,40.08
3230,107.933,-7.297,0.684,-0.1988,0.9987,390,10.352,70.88,105.5,40.16
3231,107.966,-7.57,0.122,-0.2109,0.9998,398,9.471,65.3,105.81,39.77
3232,108.0,-7.295,-0.068,-0.1908,1.0003,399,9.125,64.12,106.21,39.49
3233,108.033,-7.45,0.145,-0.2025,1.0008,390,8.608,68.38,106.53,39.11
3234,108.066,-7.334,-0.217,-0.1903,1.0019,398,9.004,90.09,107.94,39.01
3235,108.1,-7.671,-0.242,-0.2036,1.0024,398,7.83,80.54,108.33,38.44
3236,108.133,-7.298,-0.424,-0.1836,1.0027,398,7.774,76.07,109.09,37.97
3237,108.167,-7.781,-0.674,-0.204,1.0034,396,8.214,75.31,110.56,37.68
3238,108.2,-7.708,-1.491,-0.1734,1.0046,386,7.822,80.49,111.88,37.25
3239,108.233,-8.157,-1.37,-0.2146,1.0049,389,7.654,80.94,113.18,36.87
3240,108.267,-8.027,-1.693,-0.2007,1.0058,393,7.576,77.04,114.61,36.54
3241,108.3,-8.001,-1.891,-0.1984,1.0064,392,7.456,76.16,116.15,36.22
3242,108.334,-8.275,-2.229,-0.2061,1.0076,394,7.243,79.74,117.71,35.66
3243,108.367,-7.899,-2.151,-0.1829,1.008,376,7.459,78.58,119.54,35.17
3244,108.401,-8.645,-2.473,-0.217,1.0091,388,7.226,71.65,120.95,34.6
3245,108.434,-9.069,-2.877,-0.2384,1.0103,379,7.212,66.39,122.64,34.08
3246,108.467,-8.919,-2.766,-0.2426,1.0105,391,7.169,62.89,124.65,33.46
3247,108.501,-7.566,-2.1,-0.1848,1.0095,385,6.568,56.18,126.11,32.82
3248,108.534,-8.611,-2.646,-0.2535,1.0112,379,6.418,48.41,127.54,32.21
3249,108.568,-7.021,-1.929,-0.1694,1.01,382,6.342,46.19,128.99,31.71
3250,108.601,-7.014,-2.474,-0.1616,1.0116,372,5.935,49.08,130.02,31.09
3251,108.634,-6.548,-2.678,-0.1394,1.0122,376,5.606,56.89,130.91,30.49
3252,108.668,-5.48,-2.277,-0.1081,1.0112,355,5.162,51.9,131.55,29.85
3253,108.701,-4.818,-1.653,-0.1102,1.0097,342,4.746,49.7,132.07,29.32
3254,108.735,-4.964,-1.408,-0.1282,1.0091,350,4.574,47.81,132.49,28.95
3255,108.768,-4.752,-1.525,-0.1179,1.009,335,4.585,51.87,132.91,28.8
3256,108.802,-4.867,-1.971,-0.1151,1.0096,331,4.44,50.6,133.22,28.66
3257,108.835,-5.181,-1.954,-0.1482,1.0093,354,4.229,46.44,133.47,28.5
3258,108.868,-5.861,-1.439,-0.1963,1.0085,395,4.123,43.99,133.66,28.44
3259,108.902,-6.375,-1.632,-0.221,1.0085,370,4.204,45.95,133.74,28.6
3260,108.935,-6.237,-1.366,-0.2,1.008,392,4.333,46.68,133.81,28.71
3261,108.969,-6.745,-1.279,-0.2116,1.0078,389,4.458,46.34,133.92,28.71
3262,109.002,-7.398,-1.018,-0.2433,1.0077,375,4.533,43.92,134.03,28.69
3263,109.035,-7.183,-0.835,-0.2354,1.0077,393,4.447,48.61,134.05,28.78
3264,109.069,-6.894,-0.93,-0.2253,1.0077,391,4.361,47.73,134.12,28.83
3265,109.102,-7.27,-0.691,-0.2447,1.0076,390,4.301,45.55,134.2,28.84
3266,109.136,-8.026,-0.958,-0.2603,1.0082,383,4.514,42.49,134.36,28.8
3267,109.169,-8.759,-1.119,-0.2981,1.0082,368,4.476,42.1,134.45,28.88
3268,109.202,-9.041,-0.892,-0.3165,1.0079,364,4.466,42.0,134.5,29.04
3269,109.236,-10.458,-1.531,-0.3679,1.0094,332,4.514,40.94,134.48,29.15
3270,109.269,-11.132,-1.083,-0.3798,1.0093,367,4.692,37.83,134.48,29.15
3271,109.303,-12.166,-0.952,-0.4118,1.0096,344,4.891,35.85,134.53,29.23
3272,109.336,-13.791,-1.283,-0.4776,1.0108,314,5.009,33.5,134.62,29.42
3273,109.37,-13.552,-1.824,-0.4099,1.0118,324,4.927,31.4,134.56,29.49
3274,109.403,-14.088,-0.838,-0.4319,1.0108,324,4.898,26.31,134.53,29.46
3275,109.436,-16.404,-0.949,-0.5541,1.0118,295,4.888,22.09,134.5,29.47
3276,109.47,-17.451,0.345,-0.6233,1.0109,280,4.813,19.48,134.47,29.48
3277,109.503,-17.005,0.501,-0.5789,1.0106,278,4.71,13.99,134.4,29.46
3278,109.537,-19.904,-2.348,-0.6793,1.0159,211,4.763,12.48,134.51,29.33
3279,109.57,-19.156,-2.066,-0.6209,1.0155,205,4.649,11.25,134.53,29.18
3280,109.603,-21.423,-2.403,-0.7335,1.0165,186,4.593,14.01,134.23,29.27
3281,109.637,-20.458,0.209,-0.6869,1.0135,207,4.981,13.67,134.32,29.31
3282,109.67,-18.424,-0.864,-0.5513,1.014,178,4.4,10.62,134.24,29.12
3283,109.704,-20.794,1.534,-0.7338,1.0115,155,4.468,10.1,134.06,28.98
3284,109.737,-17.568,-1.632,-0.4562,1.0143,148,4.405,9.96,133.63,28.87
3285,109.771,-20.669,2.326,-0.7491,1.0093,147,4.631,8.41,133.23,28.87
3286,109.804,-21.848,1.595,-0.8159,1.0104,142,4.458,7.21,132.87,28.7
3287,109.837,-18.55,2.68,-0.6482,1.0073,138,4.311,6.69,132.36,28.46
3288,109.871,-19.711,3.022,-0.7244,1.0074,140,4.385,6.63,131.67,28.53
3289,109.904,-19.281,0.063,-0.609,1.0117,119,4.708,6.5,131.09,28.75
3290,109.938,-20.084,-0.073,-0.6514,1.0114,119,4.909,6.25,130.11,29.01
3291,109.971,-28.363,3.754,-1.2333,1.0085,111,5.242,5.92,129.03,29.41
3292,110.004,-28.3,5.112,-1.2367,1.0065,93,5.498,5.55,128.01,29.72
3293,110.038,-22.961,15.937,-1.2913,0.9926,83,6.165,5.47,126.57,30.22
3294,110.071,-31.626,6.834,-1.4953,1.0057,100,6.52,4.63,125.44,30.39
3295,110.105,-14.865,6.44,-0.5767,0.9965,90,5.933,4.6,124.93,30.2
3296,110.138,-18.553,1.664,-0.6194,1.0036,99,5.794,5.21,124.47,29.89
3297,110.172,-30.087,15.183,-1.6936,0.996,110,5.737,5.93,124.04,29.61
3298,110.205,-27.195,16.848,-1.6001,0.9926,60,5.286,6.84,123.69,29.23
3299,110.238,-11.057,3.468,-0.3219,0.9972,53,4.947,7.13,123.55,28.82
3300,110.272,-11.011,2.537,-0.298,0.9983,61,4.668,9.24,123.4,28.13
3301,110.305,-9.801,2.403,-0.2321,0.9975,66,4.651,10.85,122.57,27.46
3302,110.339,-12.505,2.153,-0.3774,1.0003,77,4.311,12.86,121.84,26.78
3303,110.372,-8.509,2.751,-0.1809,0.9975,84,4.059,13.35,121.21,26.24
3304,110.405,-11.048,2.337,-0.3023,1.0008,81,3.66,12.69,120.8,25.61
3305,110.439,-6.313,2.288,-0.0406,0.9979,76,3.548,10.16,120.76,25.02
3306,110.472,-8.403,2.024,-0.1488,1.0,102,3.832,8.34,121.4,25.01
3307,110.506,-10.186,1.127,-0.2207,1.0025,96,3.702,10.57,122.05,25.24
3308,110.539,-8.506,2.303,-0.1676,0.9997,114,3.438,8.4,122.52,25.18
3309,110.573,-9.505,3.136,-0.2658,0.9999,100,3.49,10.19,123.08,25.14
3310,110.606,-7.35,1.619,-0.0836,1.0007,91,3.813,9.88,123.93,25.02
3311,110.639,-7.874,1.199,-0.0991,1.0018,89,3.509,11.28,124.12,24.91
3312,110.673,-7.732,1.738,-0.1029,1.0011,112,3.327,12.97,124.08,24.81
3313,110.706,-10.057,1.677,-0.2445,1.0031,103,3.383,15.43,123.98,24.79
3314,110.74,-8.713,2.865,-0.202,1.0014,99,3.284,14.75,123.98,24.51
3315,110.773,-7.395,0.987,-0.0558,1.0037,99,3.353,14.43,124.32,24.27
3316,110.806,-9.854,3.178,-0.2593,1.0031,108,3.07,13.16,124.62,23.99
3317,110.84,-5.916,3.423,-0.0195,1.0007,93,2.963,13.61,125.07,23.7
3318,110.873,-9.349,3.896,-0.2355,1.0028,111,3.231,12.88,124.99,23.32
3319,110.907,-7.325,2.899,-0.0576,1.0031,103,3.284,12.97,124.99,22.86
3320,110.94,-9.43,4.126,-0.226,1.0033,112,3.35,11.66,124.71,22.51
3321,110.974,-8.153,5.199,-0.1493,1.0017,105,3.17,11.06,124.6,22.12
3322,111.007,-7.842,6.778,-0.1662,1.0006,104,3.434,9.79,124.14,22.11
3323,111.04,-7.101,7.834,-0.1477,0.9996,92,3.83,7.74,123.6,22.76
3324,111.074,-6.283,8.705,-0.1381,0.9996,88,4.134,6.92,123.26,22.5
3325,111.107,-5.172,9.143,-0.0837,0.999,83,4.032,6.29,123.13,22.2
3326,111.141,-4.396,10.22,-0.079,0.9975,73,3.943,6.21,122.91,22.13
3327,111.174,-5.008,9.11,-0.1325,0.9995,63,3.898,5.09,122.46,22.2
3328,111.207,-2.263,8.958,0.0072,0.9986,47,3.565,4.79,121.79,22.32
3329,111.241,-3.823,6.627,-0.0984,1.0032,52,2.834,3.76,122.05,22.54
3330,111.274,1.24,13.488,0.0184,0.9927,49,2.667,3.73,121.61,22.62
3331,111.308,0.013,12.171,-0.0175,0.9952,43,2.557,3.99,121.23,22.71
3332,111.341,-0.197,11.788,-0.0342,0.9957,44,2.695,4.71,120.73,22.96
3333,111.375,-0.818,11.709,-0.0567,0.9958,43,2.66,5.9,120.82,23.35
3334,111.408,-3.449,5.437,-0.0636,1.0044,45,2.44,6.1,120.68,23.42
3335,111.441,-4.357,5.015,-0.1202,1.0052,46,2.519,6.14,120.86,23.5
3336,111.475,-1.024,11.144,-0.082,0.9962,43,2.719,5.33,121.26,23.63
3337,111.508,-0.321,10.987,-0.0605,0.9956,41,2.771,5.88,121.82,23.73
3338,111.542,0.063,10.566,-0.0529,0.9953,45,2.241,6.3,121.92,23.62
3339,111.575,-0.694,10.06,-0.0947,0.9959,44,2.775,7.31,122.88,23.8
3340,111.608,-1.508,8.443,-0.1065,0.9977,42,2.656,5.84,123.8,23.71
3341,111.642,-3.419,3.793,-0.1103,1.0031,30,4.067,3.24,126.42,23.57
3342,111.675,0.181,7.882,-0.0046,0.9966,41,1.699,3.52,126.57,23.46
3343,111.709,-0.42,7.394,-0.0492,0.9974,43,2.368,4.16,127.49,23.44
3344,111.742,-2.397,1.993,-0.0599,1.0039,39,2.1,6.41,128.28,23.3
3345,111.775,-0.318,8.253,-0.0781,0.9961,39,2.309,4.9,129.27,23.13
3346,111.809,-1.053,8.331,-0.1026,0.9959,42,2.955,3.24,130.88,23.02
3347,111.842,-0.879,7.082,-0.0174,0.9964,41,2.162,2.95,131.63,22.86
3348,111.876,-1.797,5.973,-0.0415,0.9967,51,1.753,2.9,131.73,22.71
3349,111.909,-3.499,1.416,-0.0752,1.0009,50,1.943,5.12,132.0,22.8
3350,111.943,-2.283,1.694,-0.0865,0.9983,41,1.56,13.01,132.55,23.08
3351,111.976,-0.287,0.124,-0.0039,0.998,42,0.67,11.18,132.61,23.06
3352,112.009,-0.459,-1.102,-0.0439,0.9983,51,0.693,9.08,132.67,23.1
3353,112.043,-0.724,-3.297,-0.0617,0.9988,42,1.191,4.84,132.93,23.0
3354,112.076,-1.807,-5.987,-0.0628,1.0005,40,2.521,5.74,134.04,23.24
3355,112.11,-3.373,-7.048,-0.1431,1.0013,43,1.792,6.16,134.49,23.35
3356,112.143,-1.62,-8.511,-0.0272,1.0015,47,1.777,6.42,134.79,23.53
3357,112.176,-0.637,-9.689,0.0345,1.0018,43,1.772,6.39,135.16,23.65
3358,112.21,1.199,-4.025,-0.0068,0.9925,33,2.254,6.16,135.75,23.63
3359,112.243,-0.369,-11.292,0.0406,0.9997,43,2.543,6.51,136.32,23.67
3360,112.277,2.248,-5.926,0.0031,0.9911,47,2.343,4.93,136.77,23.75
3361,112.31,-3.109,-17.713,-0.0308,1.0073,56,2.342,4.79,137.16,23.85
3362,112.344,-3.576,-17.801,-0.0634,1.0076,62,2.65,4.5,137.45,23.93
3363,112.377,1.797,-6.182,-0.0834,0.9911,53,2.731,3.72,137.77,23.95
3364,112.41,1.214,-7.233,0.0045,0.9926,47,3.034,3.9,138.46,24.23
3365,112.444,-1.936,-10.538,0.0348,0.9977,53,3.515,2.9,137.65,24.94
3366,112.477,-5.565,-16.917,-0.004,1.0087,66,3.734,2.95,137.32,25.65
3367,112.511,-2.707,-8.557,-0.0763,0.9984,54,3.634,4.77,136.69,26.3
3368,112.544,-2.987,-8.454,-0.1562,0.9997,58,3.207,7.56,136.32,26.88
3369,112.577,-1.915,-7.892,-0.157,0.9991,83,3.036,7.36,135.77,27.32
3370,112.611,0.98,-7.514,0.0025,0.997,98,3.024,7.69,135.28,27.87
3371,112.644,0.088,-6.051,-0.0359,0.9968,106,2.993,8.33,134.94,28.42
3372,112.678,-1.157,-5.976,-0.0664,0.9971,121,3.102,6.67,134.5,28.43
3373,112.711,-0.718,-5.698,-0.0271,0.9965,124,2.791,6.63,134.48,28.01
3374,112.745,-0.159,-5.944,0.0042,0.9973,136,1.692,6.5,134.14,28.22
3375,112.778,0.981,-4.279,-0.0014,0.995,114,1.748,8.87,133.47,28.51
3376,112.811,1.096,-5.364,-0.024,0.9962,146,2.188,9.5,132.54,28.68
3377,112.845,0.665,-5.573,-0.0932,0.9974,150,1.804,10.0,132.41,28.98
3378,112.878,0.734,-5.245,-0.0738,0.9971,182,1.874,10.13,132.08,29.22
3379,112.912,0.184,-4.941,-0.117,0.9949,171,1.871,10.27,131.59,29.39
3380,112.945,0.615,-5.707,-0.0481,0.9954,214,1.964,10.97,131.28,29.61
3381,112.978,0.322,-6.44,-0.063,0.9973,219,2.078,12.67,130.5,29.82
3382,113.012,0.7,-6.59,-0.0274,0.9982,233,1.979,13.1,130.05,29.98
3383,113.045,1.458,-6.077,0.0171,0.9969,225,2.172,13.1,129.6,30.0
3384,113.079,1.324,-4.749,0.0209,0.9958,226,2.175,11.72,129.33,30.18
3385,113.112,0.611,-4.968,0.0087,0.9968,261,2.06,11.23,129.05,30.23
3386,113.146,1.726,-4.824,0.0076,0.9967,244,2.245,13.52,128.67,30.38
3387,113.179,4.053,-3.778,0.0806,0.998,250,3.384,16.06,128.48,30.6
3388,113.212,6.191,-3.158,0.2116,0.9981,264,4.164,20.44,128.42,30.66
3389,113.246,5.709,-2.591,0.221,0.9971,263,3.692,24.54,128.49,30.71
3390,113.279,7.304,-2.499,0.273,0.9978,281,4.619,35.45,128.94,30.82
3391,113.313,10.798,-0.908,0.3732,0.9999,286,6.156,18.6,129.55,30.61
3392,113.346,13.139,-0.945,0.4817,1.0033,272,7.32,10.47,130.54,30.08
3393,113.379,15.531,0.334,0.4987,1.0043,282,8.229,6.67,132.36,29.32
3394,113.413,18.766,2.321,0.5793,1.0039,280,8.712,5.14,134.89,28.72
3395,113.446,20.749,-0.575,0.6941,1.0082,305,8.302,4.28,136.87,28.52
3396,113.48,23.85,0.731,0.7684,1.0058,279,8.493,3.84,138.96,28.91
3397,113.513,24.004,0.299,0.7549,1.0066,232,8.748,3.49,141.58,29.5
3398,113.547,24.371,0.356,0.7551,1.0096,207,8.948,2.84,144.52,29.6
3399,113.58,23.989,1.934,0.6568,1.0098,212,10.267,2.55,149.53,30.04
3400,113.613,24.703,1.582,0.6217,1.0094,183,9.791,2.34,152.82,30.55
3401,113.647,26.111,-0.454,0.6724,1.0116,135,10.284,2.06,157.04,31.01
3402,113.68,24.353,-9.438,0.7386,1.0241,81,10.457,1.7,160.73,31.49
3403,113.714,26.787,0.499,0.6248,1.0112,80,9.293,1.56,163.79,32.18
3404,113.747,21.421,-4.719,0.3141,1.0203,63,9.35,1.56,166.78,32.92
3405,113.78,37.819,-10.452,0.8116,0.9965,48,9.096,1.59,169.26,33.57
3406,113.814,37.359,-11.51,0.8115,0.9999,56,8.478,1.64,171.84,33.81
3407,113.847,22.095,-0.8,-0.2198,1.0016,32,8.739,1.32,173.11,32.7
3408,113.881,31.867,2.676,0.3493,0.9967,36,7.791,1.15,175.5,29.71
3409,113.914,32.546,3.545,0.2258,1.0024,59,7.423,1.05,177.15,27.32
3410,113.948,39.258,13.331,0.9455,0.9859,35,8.921,0.83,176.2,24.26
3411,113.981,31.586,9.013,0.5103,0.9957,75,6.643,0.94,177.65,21.99
3412,114.014,27.243,5.911,0.1312,1.0,40,9.527,0.74,176.16,17.52
3413,114.048,28.435,9.043,0.0708,0.9973,36,7.027,0.7,175.09,14.19
3414,114.081,31.437,1.539,0.4989,1.0099,34,4.86,0.56,171.8,13.88
3415,114.115,22.616,-1.381,0.1138,1.016,24,4.12,0.7,168.4,14.27
3416,114.148,23.441,0.586,0.2964,1.01,45,4.869,0.67,164.27,14.13
3417,114.181,19.411,-9.56,0.1688,1.026,26,3.464,0.8,161.55,14.22
3418,114.215,13.651,5.203,-0.3989,1.0113,31,2.737,0.92,159.64,14.03
3419,114.248,18.647,-2.738,0.185,1.0202,30,3.342,0.92,157.11,13.85
3420,114.282,19.991,-4.906,0.3843,1.0215,27,2.39,0.92,155.52,13.3
3421,114.315,30.83,29.279,0.264,0.9759,15,3.609,0.75,152.62,12.5
3422,114.349,10.84,-10.569,0.1368,1.0307,15,2.569,0.68,150.62,11.93
3423,114.382,17.577,11.356,-0.0445,1.005,12,2.608,0.73,148.49,11.21
3424,114.415,0.34,0.23,0.0126,1.0,11,2.811,0.74,146.07,10.39
3425,114.449,0.024,-0.058,-0.0438,1.0,11,2.376,0.75,144.03,9.63
3426,114.482,13.438,-1.522,0.1458,1.0181,19,1.009,0.79,143.32,8.72
3427,114.516,-0.007,0.054,-0.2036,1.0,11,1.54,0.84,141.99,7.63
3428,114.549,-0.062,0.02,1.1668,1.0,8,1.075,0.82,140.99,6.65
3429,114.582,-0.018,0.13,-0.0051,0.9998,94,0.665,0.85,140.36,5.93
3430,114.616,0.034,0.121,-0.0008,0.9998,66,0.934,0.78,139.49,5.19
3431,114.649,0.038,0.254,-0.0061,0.9996,89,0.461,0.79,139.18,4.88
3432,114.683,0.032,-0.01,0.0037,1.0,95,0.394,0.79,138.94,4.64
3433,114.716,0.012,-0.007,0.0029,1.0,100,0.282,0.79,138.77,4.5
3434,114.749,-0.004,0.067,-0.0014,0.9999,108,0.162,0.79,138.7,4.48
3435,114.783,0.027,0.023,0.0047,1.0001,127,0.148,0.8,138.68,4.44
3436,114.816,0.004,0.069,-0.0077,1.0001,93,0.331,0.82,138.86,4.32
3437,114.85,-0.052,0.107,-0.0128,1.0001,121,0.237,0.84,138.96,4.25
3438,114.883,0.038,0.071,0.0008,0.9998,134,0.12,0.85,139.04,4.21
3439,114.917,-0.054,0.058,-0.0083,1.0,115,0.196,0.86,139.12,4.11
3440,114.95,0.035,-0.023,0.0113,1.0,139,0.211,0.89,139.16,4.08
3441,114.983,0.114,-0.01,0.012,1.0,154,0.233,0.89,139.2,4.08
3442,115.017,0.02,0.0,-0.0006,1.0,156,0.209,0.9,139.26,4.07
3443,115.05,0.027,0.025,0.0039,0.9999,141,0.308,0.91,139.37,4.07
3444,115.084,0.025,-0.034,0.0084,1.0001,168,0.14,0.91,139.44,4.07
3445,115.117,-0.085,0.049,-0.0131,1.0001,122,0.421,0.89,139.6,4.19
3446,115.15,0.057,-0.007,0.005,0.9999,167,0.203,0.89,139.67,4.23
3447,115.184,0.003,0.099,-0.0003,0.9999,143,0.261,0.88,139.86,4.35
3448,115.217,0.095,0.067,0.0034,0.9999,150,0.28,0.86,140.06,4.53
3449,115.251,-0.034,0.054,0.0017,0.9999,123,0.471,0.87,140.23,4.74
3450,115.284,0.016,0.042,-0.0013,1.0,145,0.278,0.87,140.44,4.9
3451,115.318,0.057,0.121,-0.0087,0.9999,135,0.27,0.87,140.67,5.15
3452,115.351,0.006,0.008,0.0004,1.0,105,0.562,0.87,141.12,5.67
3453,115.384,-0.017,0.047,-0.0058,1.0,119,0.325,0.86,141.4,6.04
3454,115.418,0.011,0.006,0.0047,1.0001,97,0.738,0.84,142.0,6.68
3455,115.451,0.044,0.046,0.0029,1.0,114,0.518,0.82,142.47,7.27
3456,115.485,0.016,-0.002,-0.0036,1.0,119,0.403,0.84,142.83,7.76
3457,115.518,0.026,0.084,-0.0068,0.9999,115,0.698,0.86,143.48,8.53
3458,115.551,0.042,-0.017,0.0022,1.0,114,0.706,0.87,144.14,9.26
3459,115.585,0.015,-0.014,-0.0009,1.0001,100,0.763,0.85,144.86,10.15
3460,115.618,-0.004,-0.017,0.0049,1.0001,98,0.944,0.83,145.72,11.12
3461,115.652,-0.074,-0.129,0.0012,1.0003,120,0.723,0.86,146.4,12.23
3462,115.685,0.101,0.091,0.003,1.0,110,0.995,0.9,147.32,13.62
3463,115.719,0.029,-0.004,-0.0088,1.0,90,1.163,0.92,148.41,15.06
3464,115.752,0.038,0.079,-0.0107,1.0,103,0.957,1.07,149.19,16.42
3465,115.785,0.022,-0.055,0.0108,1.0002,60,1.455,1.42,150.1,18.3
3466,115.819,-0.035,0.139,0.0,1.0,0,1.114,1.7,150.09,20.38
3467,115.852,14.89,-0.975,0.206,0.9996,21,1.465,1.87,150.02,22.79
3468,115.886,14.913,-0.258,0.2126,0.9944,26,1.778,2.13,150.02,25.11
3469,115.919,13.524,-3.76,0.177,1.007,32,1.606,2.54,149.74,26.97
3470,115.952,13.369,-2.042,0.1229,0.9973,37,2.203,2.79,149.35,28.9
3471,115.986,12.65,-2.68,0.0425,0.999,39,2.1,2.97,149.17,30.27
3472,116.019,11.206,-2.786,-0.2182,1.0009,53,2.257,3.22,148.99,31.06
3473,116.053,10.684,-3.09,-0.2178,1.0015,55,2.379,3.1,149.07,31.73
3474,116.086,12.058,-3.341,0.111,1.0002,54,2.595,3.34,148.81,32.13
3475,116.12,10.595,-4.01,-0.0522,1.0058,48,2.589,3.85,148.49,32.44
3476,116.153,10.895,-3.884,0.038,1.0028,48,2.588,3.98,148.05,32.52
3477,116.186,11.361,-4.39,0.1907,1.002,52,2.788,4.0,148.42,32.86
3478,116.22,11.493,-4.611,0.1853,1.0028,47,2.682,3.96,148.38,33.15
3479,116.253,9.43,-5.217,-0.1947,1.0085,48,2.982,4.12,148.55,33.42
3480,116.287,11.608,-5.466,0.2218,1.0036,42,3.335,4.51,148.93,33.81
3481,116.32,10.487,-4.901,-0.0745,1.0053,50,3.406,5.34,149.25,34.37
3482,116.353,10.564,-4.928,0.0034,1.0057,47,3.425,6.52,149.13,35.15
3483,116.387,10.912,-4.253,-0.065,1.0015,53,4.068,7.13,149.74,36.21
3484,116.42,10.434,-5.663,0.105,1.0057,60,3.757,8.83,149.67,37.17
3485,116.454,11.943,-5.488,0.1712,1.0005,53,4.178,14.35,149.93,38.26
3486,116.487,11.446,-5.77,0.1291,1.0035,74,3.947,14.38,149.48,39.22
3487,116.521,10.985,-6.483,0.0804,1.0051,75,4.275,12.92,149.18,40.38
3488,116.554,11.263,-6.815,0.1021,1.0045,69,4.401,12.26,149.09,41.48
3489,116.587,10.457,-7.017,0.0592,1.0069,83,4.434,10.49,148.89,42.63
3490,116.621,10.729,-6.662,0.0755,1.0057,75,4.374,10.47,148.49,43.57
3491,116.654,9.82,-6.908,-0.0029,1.0067,88,4.752,10.67,148.94,44.2
3492,116.688,9.694,-6.641,0.0109,1.0056,87,4.932,10.98,149.8,44.7
3493,116.721,8.499,-6.442,-0.0847,1.0082,75,4.651,11.98,150.17,45.0
3494,116.754,8.122,-6.54,-0.0174,1.0081,65,4.754,12.57,151.03,45.05
3495,116.788,8.385,-5.727,-0.0447,1.0037,74,4.05,14.12,150.6,44.95
3496,116.821,7.943,-5.897,-0.0025,1.0034,62,4.22,14.16,149.65,44.84
3497,116.855,5.6,-7.531,-0.12,1.0104,57,4.88,15.26,147.65,45.04
3498,116.888,6.954,-6.074,-0.0355,1.0017,73,3.626,17.18,147.3,44.93
3499,116.922,6.746,-6.447,-0.0183,1.0022,73,4.616,18.27,145.59,44.79
3500,116.955,4.969,-6.181,-0.1034,1.0021,88,3.497,21.17,145.11,44.57
3501,116.988,5.106,-6.232,-0.0747,1.002,82,3.563,22.43,144.51,44.31
3502,117.022,6.698,-0.525,0.0258,0.995,97,3.63,23.61,143.93,44.01
3503,117.055,7.231,-0.747,0.0984,0.9951,116,3.56,24.45,143.47,43.6
3504,117.089,3.257,-5.711,-0.1119,1.0019,122,3.494,23.73,143.03,43.25
3505,117.122,5.082,-1.021,0.0183,0.9958,127,3.716,23.09,142.37,43.11
3506,117.155,5.36,-2.463,0.0679,0.9973,127,3.526,24.82,141.68,42.88
3507,117.189,5.58,-1.049,0.0854,0.9954,145,3.55,26.52,141.02,42.63
3508,117.222,5.485,-1.503,0.0956,0.996,155,3.364,23.44,140.7,42.26
3509,117.256,5.364,-1.273,0.0897,0.9955,158,3.408,25.42,140.48,41.76
3510,117.289,5.361,-1.328,0.0888,0.9952,168,3.635,28.47,140.29,41.28
3511,117.323,5.158,-0.98,0.077,0.9948,177,3.433,30.68,140.34,40.71
3512,117.356,5.15,-1.337,0.0772,0.9949,187,3.572,32.68,140.48,40.14
3513,117.389,4.258,-1.389,0.035,0.9949,198,3.688,35.15,140.52,39.64
3514,117.423,3.963,-1.534,0.025,0.9949,209,3.85,40.5,140.34,39.13
3515,117.456,4.356,-2.049,0.0594,0.9951,225,3.639,42.41,140.51,38.58
3516,117.49,4.207,-1.579,0.0479,0.9945,237,3.793,41.49,140.83,37.98
3517,117.523,3.983,-2.948,0.0761,0.996,254,4.349,40.22,140.29,37.9
3518,117.556,4.076,-2.309,0.0538,0.9951,272,3.801,40.37,140.53,37.43
3519,117.59,4.461,-1.755,0.0811,0.9944,284,4.027,42.78,140.17,37.1
3520,117.623,4.386,-1.86,0.0776,0.9945,289,3.696,43.7,140.02,36.79
3521,117.657,4.157,-1.614,0.0646,0.9942,307,3.633,42.18,140.09,36.52
3522,117.69,4.187,-2.092,0.0721,0.9945,308,3.924,43.1,139.75,36.4
3523,117.723,4.36,-2.156,0.0841,0.9942,334,3.876,44.23,139.59,36.31
3524,117.757,3.723,-2.58,0.0484,0.9946,344,3.752,43.61,139.51,36.37
3525,117.79,3.885,-2.727,0.0586,0.9943,347,3.857,43.62,139.21,36.54
3526,117.824,4.615,-2.472,0.1002,0.9937,352,4.118,46.19,139.14,36.67
3527,117.857,3.536,-3.651,0.0497,0.995,399,4.36,50.29,139.34,36.72
3528,117.891,3.747,-3.405,0.0553,0.9945,397,4.322,52.46,139.55,36.77
3529,117.924,3.752,-3.209,0.0482,0.994,398,4.506,55.8,138.79,37.26
3530,117.957,3.977,-3.394,0.0651,0.994,397,4.421,55.58,138.37,37.47
3531,117.991,3.807,-3.116,0.0467,0.9935,398,4.847,61.16,137.3,37.98
3532,118.024,3.827,-3.377,0.0541,0.9935,399,4.775,65.79,136.59,38.18
3533,118.058,3.572,-3.458,0.0425,0.9936,386,5.422,68.56,135.76,38.6
3534,118.091,3.854,-3.608,0.0593,0.9932,397,4.477,65.64,135.48,38.87
3535,118.124,3.711,-3.699,0.0467,0.9931,399,5.062,66.39,134.77,39.13
3536,118.158,4.018,-2.867,0.0534,0.9918,392,5.131,71.03,134.07,39.5
3537,118.191,3.846,-4.252,0.0542,0.9931,399,5.331,73.43,133.42,39.73
3538,118.225,3.579,-4.174,0.0298,0.9928,396,5.51,74.85,133.04,39.84
3539,118.258,4.747,-3.618,0.0922,0.9915,383,5.726,79.47,132.72,39.94
3540,118.292,4.083,-3.523,0.0463,0.9913,392,5.757,82.15,132.25,40.04
3541,118.325,4.29,-3.709,0.0593,0.9912,393,5.9,83.62,131.86,40.18
3542,118.358,4.276,-3.763,0.062,0.991,390,6.428,85.11,132.23,40.0
3543,118.392,3.743,-5.76,0.0688,0.9935,377,6.343,83.43,132.37,40.01
3544,118.425,4.554,-3.599,0.0848,0.9904,386,6.385,89.29,131.85,40.08
3545,118.459,4.177,-3.561,0.0515,0.9905,390,7.141,96.68,132.28,39.89
3546,118.492,3.857,-3.849,0.0394,0.9909,392,6.683,97.41,131.89,40.15
3547,118.525,3.806,-4.214,0.0546,0.9914,389,7.085,96.47,131.34,40.3
3548,118.559,3.897,-4.11,0.0632,0.9913,392,7.508,96.5,131.69,40.26
3549,118.592,3.71,-4.312,0.0593,0.9917,391,7.601,99.45,131.78,40.37
3550,118.626,3.558,-4.698,0.0655,0.9924,393,7.601,100.18,131.81,40.66
3551,118.659,4.028,-4.228,0.0959,0.9918,385,7.629,99.15,131.35,41.0
3552,118.693,3.564,-4.676,0.086,0.9928,388,7.834,101.29,131.38,41.37
3553,118.726,3.242,-5.109,0.0819,0.9937,390,7.88,102.71,131.37,41.77
3554,118.759,3.194,-5.178,0.1018,0.9942,389,7.635,99.65,130.84,42.31
3555,118.793,2.794,-5.636,0.0966,0.9954,391,7.625,95.31,130.42,42.86
3556,118.826,2.853,-5.254,0.0978,0.9954,390,7.865,92.53,130.52,43.29
3557,118.86,2.463,-5.328,0.0872,0.9962,392,7.621,97.4,130.35,43.83
3558,118.893,2.387,-5.059,0.0929,0.9965,389,7.592,100.07,130.31,44.36
3559,118.926,2.188,-4.846,0.0848,0.9969,392,7.382,99.2,129.99,44.89
3560,118.96,1.83,-4.658,0.0758,0.9977,391,7.341,98.92,130.11,45.31
3561,118.993,1.734,-4.43,0.0879,0.9981,389,6.825,98.03,130.12,45.75
3562,119.027,1.567,-4.173,0.1019,0.9986,392,6.392,103.56,130.03,46.16
3563,119.06,1.33,-3.718,0.1057,0.9991,388,5.951,102.87,130.07,46.45
3564,119.094,0.045,-4.534,0.066,1.0017,400,5.282,101.17,130.21,46.66
3565,119.127,0.445,-3.151,0.1015,1.0006,392,5.279,111.4,129.22,47.01
3566,119.16,0.064,-2.759,0.0798,1.0013,393,4.374,148.87,128.66,47.44
3567,119.194,-0.026,-2.056,0.0716,1.0013,393,3.367,148.4,128.72,47.55
3568,119.227,-0.497,-2.462,0.0655,1.0026,400,2.814,143.83,128.91,47.6
3569,119.261,-0.656,-2.016,0.0618,1.0025,400,2.677,144.2,129.05,47.6
3570,119.294,-0.358,-1.606,0.0645,1.0021,399,2.373,148.28,129.01,47.7
3571,119.327,-0.506,-1.026,0.0408,1.002,400,2.146,143.31,129.07,47.71
3572,119.361,-0.574,-0.999,0.0417,1.0025,400,2.537,149.33,129.22,47.64
3573,119.394,-0.568,-0.818,0.0471,1.0028,400,3.027,147.24,129.46,47.53
3574,119.428,-0.47,-0.604,0.0534,1.003,399,3.657,142.17,129.65,47.45
3575,119.461,-0.357,-0.166,0.0495,1.0028,400,4.1,138.12,129.66,47.41
3576,119.495,-0.71,-0.781,0.039,1.0043,391,4.31,131.3,129.82,47.29
3577,119.528,-1.069,-1.286,0.028,1.0054,390,4.408,129.41,130.03,47.13
3578,119.561,-0.836,-0.796,0.0323,1.0048,398,4.424,131.57,130.16,47.07
3579,119.595,-0.869,-1.297,0.0341,1.0055,400,4.293,127.55,130.36,46.98
3580,119.628,-1.045,-1.395,0.0134,1.0057,400,4.258,122.98,130.68,46.88
3581,119.662,-1.117,-1.71,0.0102,1.0063,400,4.396,120.87,130.87,46.85
3582,119.695,-1.466,-2.224,-0.0009,1.0074,394,4.597,118.17,131.07,46.92
3583,119.728,-1.571,-2.162,-0.0119,1.0076,399,4.936,120.9,130.98,47.19
3584,119.762,-2.234,-3.165,-0.038,1.0098,387,5.003,123.0,131.21,47.25
3585,119.795,-2.287,-3.073,-0.0387,1.0102,389,5.734,117.84,130.92,46.67
3586,119.829,-2.162,-2.784,-0.0343,1.01,396,5.566,113.76,130.98,46.58
3587,119.862,-1.775,-2.588,-0.0013,1.0102,345,5.944,113.89,130.32,46.88
3588,119.896,-3.002,-4.072,-0.0547,1.0134,352,6.14,113.11,129.57,47.16
3589,119.929,-3.177,-3.781,-0.0862,1.0136,386,6.133,106.46,129.3,47.25
3590,119.962,-2.921,-3.505,-0.0828,1.0135,375,6.238,100.97,129.01,47.45
3591,119.996,-1.698,-2.598,-0.0082,1.0126,368,6.342,101.26,128.85,47.59
3592,120.029,-2.93,-4.012,-0.0495,1.0157,372,6.636,119.54,128.24,48.08
3593,120.063,-2.457,-3.048,-0.0459,1.014,275,7.481,139.1,126.99,48.54
3594,120.096,-4.102,-4.34,-0.1412,1.0168,377,6.331,124.28,127.42,48.57
3595,120.129,-2.386,-3.334,-0.0357,1.0151,379,6.61,122.83,127.76,48.7
3596,120.163,-3.796,-4.675,-0.1055,1.0176,368,6.7,131.18,128.08,48.86
3597,120.196,-4.106,-4.726,-0.1226,1.0177,372,6.735,129.33,128.56,48.96
3598,120.23,-3.418,-4.238,-0.0773,1.0162,382,6.593,123.94,129.11,48.98
3599,120.263,-3.347,-3.927,-0.0816,1.0151,373,6.452,116.35,129.68,49.04
3600,120.297,-3.634,-4.689,-0.0723,1.0159,376,6.33,115.7,129.9,49.36
3601,120.33,-3.029,-4.273,-0.027,1.0145,378,5.889,114.31,130.22,49.66
3602,120.363,-3.755,-4.725,-0.0572,1.0151,376,5.824,118.63,130.77,49.89
3603,120.397,-3.147,-4.163,-0.0127,1.0139,379,5.831,115.6,131.44,50.02
3604,120.43,-3.734,-4.764,-0.0361,1.015,368,5.599,105.26,131.9,50.1
3605,120.464,-3.403,-4.442,-0.0303,1.0145,395,5.615,101.49,132.0,50.23
3606,120.497,-3.182,-4.471,-0.0122,1.0143,386,5.499,96.15,132.25,50.37
3607,120.53,-3.24,-4.762,-0.0054,1.0146,372,5.606,92.92,132.18,50.62
3608,120.564,-2.871,-4.926,0.0332,1.0145,369,5.564,84.84,131.6,51.21
3609,120.597,-3.177,-4.871,0.0325,1.0146,392,5.575,85.1,130.74,51.83
3610,120.631,-4.049,-5.819,0.0235,1.0163,393,6.247,89.8,129.68,51.29
3611,120.664,-3.397,-4.74,0.0522,1.0145,346,5.968,86.21,129.29,51.09
3612,120.697,-4.063,-5.844,0.0451,1.0171,395,6.285,88.96,128.65,51.02
3613,120.731,-3.991,-5.764,0.0541,1.0172,397,6.528,93.12,127.63,50.9
3614,120.764,-4.124,-6.604,0.0711,1.0188,379,6.289,91.32,126.89,51.22
3615,120.798,-4.09,-6.559,0.0807,1.0193,376,6.588,87.28,126.27,51.3
3616,120.831,-4.054,-5.67,0.0586,1.0186,379,6.355,72.68,126.21,51.54
3617,120.865,-2.882,-5.769,0.1292,1.0184,354,6.284,62.18,125.52,52.04
3618,120.898,-2.846,-5.128,0.1272,1.0182,351,6.216,55.61,124.84,52.65
3619,120.931,-2.67,-3.889,0.12,1.0171,358,6.107,51.92,124.58,53.18
3620,120.965,-2.82,-2.898,0.0937,1.017,326,6.357,56.09,124.45,53.72
3621,120.998,-0.915,-5.201,0.2883,1.0205,278,6.612,62.25,124.19,54.45
3622,121.032,-1.946,-3.216,0.1599,1.0183,296,6.662,65.05,124.04,55.08
3623,121.065,-0.126,-4.886,0.2928,1.0191,324,6.633,62.49,124.2,55.42
3624,121.098,1.701,-4.572,0.3732,1.0172,327,6.429,56.75,124.52,55.98
3625,121.132,1.544,-3.191,0.2781,1.015,326,6.395,53.54,124.62,56.53
3626,121.165,1.047,-1.64,0.1636,1.0131,309,6.551,55.09,124.6,57.19
3627,121.199,3.889,-4.171,0.3783,1.0155,311,7.064,61.08,124.13,58.07
3628,121.232,4.129,-2.628,0.3166,1.0133,342,7.398,58.71,124.43,58.4
3629,121.266,4.594,-2.759,0.3199,1.0129,307,7.421,56.62,124.85,58.75
3630,121.299,4.7,-3.681,0.3416,1.0141,312,7.322,57.8,124.73,59.19
3631,121.332,5.056,-4.945,0.3824,1.015,292,7.268,56.18,124.6,59.6
3632,121.366,4.889,-2.357,0.3062,1.0116,301,7.1,55.57,124.74,59.94
3633,121.399,6.78,-5.043,0.4797,1.0141,304,6.954,53.19,125.1,60.31
3634,121.433,5.301,-3.643,0.3504,1.0131,295,6.879,52.71,125.27,60.6
3635,121.466,6.744,-5.611,0.4721,1.0147,292,6.806,53.88,125.68,60.83
3636,121.499,5.039,-4.594,0.3276,1.0142,318,6.72,53.61,126.29,60.96
3637,121.533,5.291,-4.452,0.341,1.0143,307,6.516,52.33,127.09,61.03
3638,121.566,5.537,-3.737,0.3369,1.0133,292,6.339,50.19,127.67,61.17
3639,121.6,6.225,-4.156,0.3714,1.0136,290,6.187,48.56,128.3,61.37
3640,121.633,6.749,-5.865,0.437,1.0157,280,6.109,49.13,128.82,61.61
3641,121.667,7.652,-6.677,0.5166,1.0167,272,5.984,46.4,129.65,61.7
3642,121.7,7.926,-7.89,0.5547,1.0185,265,5.816,42.77,130.33,61.88
3643,121.733,9.431,-6.319,0.6173,1.0174,229,5.998,41.57,131.13,62.12
3644,121.767,6.699,-4.508,0.3977,1.0165,256,5.935,39.69,131.93,62.51
3645,121.8,7.722,-0.943,0.3433,1.0112,218,5.818,35.26,132.48,62.78
3646,121.834,7.776,-1.838,0.3778,1.0131,209,5.91,34.27,132.56,63.19
3647,121.867,8.9,-2.417,0.5014,1.0143,138,5.916,36.41,132.79,63.53
3648,121.9,8.603,-4.416,0.4636,1.0166,186,6.072,38.66,132.62,63.76
3649,121.934,11.219,-2.223,0.5317,1.0127,153,6.32,36.29,132.01,63.85
3650,121.967,14.181,-0.611,0.655,1.0097,177,6.391,31.98,131.64,63.45
3651,122.001,14.229,-3.749,0.7141,1.0141,134,6.507,29.03,130.7,63.03
3652,122.034,15.842,-1.296,0.7039,1.009,126,6.548,28.96,129.65,62.72
3653,122.068,15.06,-1.696,0.672,1.01,100,7.194,26.16,128.2,62.8
3654,122.101,15.798,-0.893,0.6553,1.0079,161,5.871,24.4,127.44,62.05
3655,122.134,15.281,-3.5,0.6754,1.0122,167,6.497,21.36,126.39,61.05
3656,122.168,17.413,-4.764,0.8289,1.0124,105,7.13,19.11,124.74,59.75
3657,122.201,17.252,-6.826,0.8281,1.0146,97,7.622,18.54,122.56,58.37
3658,122.235,17.948,-6.409,0.8254,1.0137,113,7.943,18.18,120.39,56.71
3659,122.268,17.576,-6.711,0.8017,1.015,102,8.287,17.86,117.96,54.89
3660,122.301,17.542,-8.678,0.8583,1.0178,69,8.613,17.6,115.32,52.68
3661,122.335,18.112,-8.203,0.8661,1.0177,68,8.839,16.53,112.39,50.11
3662,122.368,22.541,-5.214,1.0147,1.0131,88,8.042,15.32,109.86,48.95
3663,122.402,21.102,-7.217,0.9425,1.0164,69,7.081,13.81,108.4,48.75
3664,122.435,19.055,-12.655,0.9809,1.0242,49,6.83,12.14,106.97,48.17
3665,122.469,16.422,-20.805,0.9865,1.0341,46,6.836,10.61,104.44,46.82
3666,122.502,23.644,-20.885,1.3026,1.0152,20,7.304,8.87,101.95,44.6
3667,122.535,22.046,-25.31,1.2686,1.037,22,7.368,7.95,99.06,41.85
3668,122.569,0.033,0.096,1.5755,1.0,7,8.785,5.52,95.86,38.11
3669,122.602,0.025,0.034,1.8717,1.0,5,9.675,3.48,92.45,33.37
3670,122.636,36.031,-29.592,1.282,1.0191,28,9.586,2.44,89.78,28.72
3671,122.669,44.213,-0.933,0.0888,1.0016,101,7.541,1.75,88.76,25.51
3672,122.702,44.417,0.327,-0.0093,0.9992,36,4.857,1.22,89.9,24.93
3673,122.736,44.217,-0.301,0.0133,1.0005,59,3.965,1.18,92.86,24.83
3674,122.769,46.763,-0.577,0.0932,0.9995,42,4.49,1.14,96.67,24.72
3675,122.803,-0.55,-50.289,-0.1698,0.999,29,6.884,0.95,103.22,24.8
3676,122.836,0.303,-50.968,0.0682,1.0002,48,6.502,0.91,109.52,23.97
3677,122.87,-0.124,-37.861,-0.0449,0.9996,77,4.652,0.91,114.14,22.3
3678,122.903,-0.271,-28.137,-0.0909,0.9996,83,2.792,0.87,116.91,20.87
3679,122.936,0.228,-29.152,0.0276,1.0001,47,1.806,0.86,118.69,20.22
3680,122.97,-0.022,0.025,-0.0022,1.0,54,1.101,0.86,119.66,19.51
3681,123.003,0.057,-0.071,0.0055,1.0001,56,1.698,0.88,119.24,19.13
3682,123.037,0.017,-0.115,0.0093,1.0001,78,3.966,0.79,115.94,18.09
3683,123.07,-0.103,0.653,-0.0761,0.9995,47,3.638,0.84,112.82,17.86
3684,123.103,-0.909,-18.895,-0.0236,1.0018,39,3.196,0.86,110.2,18.24
3685,123.137,-0.198,-0.142,0.0033,1.0006,83,4.617,0.83,105.77,18.32
3686,123.17,-0.016,-0.055,0.0053,1.0001,69,6.25,0.79,99.54,20.03
3687,123.204,-0.135,-0.046,0.0058,1.0003,73,4.457,0.89,95.17,23.83
3688,123.237,-0.029,0.002,0.0039,1.0001,60,5.63,1.0,89.74,27.75
3689,123.27,-0.032,-0.021,-0.0007,1.0001,64,5.454,1.08,84.62,31.11
3690,123.304,0.1,0.028,-0.0,0.9998,45,4.481,1.16,81.04,32.9
3691,123.337,-0.105,-0.02,-0.0156,1.0001,45,4.314,1.21,78.83,34.22
3692,123.371,57.174,-1.795,2.0961,0.9917,72,5.376,1.45,76.99,35.3
3693,123.404,43.498,7.311,1.1631,0.9821,153,5.679,1.73,74.08,35.83
3694,123.438,44.954,-1.803,1.5153,0.9946,116,6.99,1.85,73.08,36.46
3695,123.471,35.892,3.459,0.8869,0.9892,70,8.51,2.46,73.75,36.82
3696,123.504,35.689,3.003,0.9353,0.991,117,9.724,4.79,74.7,36.42
3697,123.538,29.648,1.329,0.763,0.994,144,10.497,7.52,75.86,35.89
3698,123.571,26.911,0.679,0.7099,0.9948,228,11.186,7.84,77.68,35.81
3699,123.605,26.196,0.113,0.8285,0.9953,262,11.496,12.91,79.3,36.08
3700,123.638,21.616,1.207,0.5746,0.9945,319,10.862,15.06,79.12,34.91
3701,123.671,20.406,0.334,0.5883,0.9958,305,10.766,13.8,79.84,34.36
3702,123.705,18.667,0.986,0.5128,0.995,345,10.468,16.98,81.4,33.91
3703,123.738,17.291,0.282,0.496,0.9961,371,9.486,22.1,81.48,33.22
3704,123.772,15.798,-0.966,0.4787,0.9978,369,10.017,28.04,83.67,34.0
3705,123.805,14.895,-0.74,0.45,0.9974,332,9.74,35.5,86.05,34.05
3706,123.839,14.493,-0.857,0.4528,0.9974,384,9.111,36.66,87.45,34.41
3707,123.872,14.053,-1.231,0.4672,0.998,390,8.889,37.11,88.83,34.63
3708,123.905,13.792,-1.962,0.5081,0.9988,375,8.856,39.57,90.68,34.98
3709,123.939,12.419,-1.497,0.4181,0.9983,398,8.42,42.77,91.9,35.13
3710,123.972,11.49,-1.608,0.3871,0.9987,398,8.189,43.67,93.17,35.26
3711,124.006,10.581,-1.524,0.3602,0.9987,394,8.055,42.11,94.44,35.45
3712,124.039,9.16,-1.893,0.3114,0.999,395,7.768,41.14,95.9,35.67
3713,124.072,7.954,-1.68,0.25,0.9987,393,8.102,60.29,98.01,35.59
3714,124.106,6.756,-1.834,0.1961,0.9991,398,7.024,55.71,98.9,35.59
3715,124.139,5.677,-2.042,0.1611,0.9994,400,6.755,50.69,99.96,35.72
3716,124.173,5.225,-2.318,0.1491,0.9995,400,6.717,48.44,101.11,35.81
3717,124.206,4.594,-2.154,0.1161,0.9993,400,6.646,50.19,102.26,36.05
3718,124.24,3.89,-2.321,0.0908,1.0002,399,6.067,49.27,103.07,35.95
3719,124.273,3.027,-2.16,0.053,1.0006,399,5.741,46.3,104.05,36.04
3720,124.306,3.823,-3.086,0.1255,1.0021,400,6.166,43.83,105.52,35.96
3721,124.34,3.334,-3.424,0.1454,1.0025,400,5.58,50.88,106.88,36.16
3722,124.373,2.476,-3.29,0.1191,1.0031,400,4.868,56.2,108.02,36.1
3723,124.407,1.268,-3.539,0.0814,1.0042,397,3.813,51.37,108.84,35.99
3724,124.44,0.159,-3.573,0.0479,1.0046,400,2.743,50.5,109.25,35.95
3725,124.473,-0.027,-3.443,0.0255,1.0055,400,3.236,50.81,109.79,35.91
3726,124.507,-0.252,-3.335,0.0063,1.006,392,3.42,51.24,110.31,35.77
3727,124.54,-0.795,-3.682,0.0046,1.0067,391,3.605,53.1,111.26,35.9
3728,124.574,-1.29,-3.824,-0.0061,1.0071,400,3.209,53.57,112.04,36.03
3729,124.607,-1.853,-3.601,-0.0333,1.0077,400,3.996,62.53,113.43,36.31
3730,124.641,-2.192,-3.863,-0.0497,1.0088,399,4.136,74.01,114.3,36.31
3731,124.674,-2.753,-3.623,-0.0658,1.0093,399,4.653,79.21,115.64,36.4
3732,124.707,-2.455,-2.988,-0.0552,1.0092,384,5.021,76.59,116.8,36.52
3733,124.741,-2.008,-2.867,-0.0363,1.0105,385,5.693,72.27,117.6,36.42
3734,124.774,-2.456,-2.216,-0.0788,1.0106,389,7.047,72.15,119.68,36.92
3735,124.808,-2.928,-2.776,-0.0663,1.0115,359,5.673,66.54,120.81,36.62
3736,124.841,-3.167,-3.49,-0.0342,1.0133,371,5.419,64.93,121.5,36.47
3737,124.874,-3.972,-2.362,-0.1752,1.0125,375,6.317,64.69,122.66,36.47
3738,124.908,-3.158,-2.615,-0.1231,1.0136,384,6.888,65.16,124.28,36.51
3739,124.941,-2.705,-2.908,-0.0529,1.0138,342,6.227,66.1,125.21,36.3
3740,124.975,-2.83,-1.493,-0.1017,1.0112,341,5.871,76.07,126.0,36.19
3741,125.008,-3.229,-2.94,-0.0664,1.0136,340,5.979,73.64,127.15,36.26
3742,125.042,-3.744,-1.54,-0.1315,1.0119,369,5.982,75.8,128.55,36.42
3743,125.075,-5.524,-0.96,-0.2781,1.0117,337,5.03,79.8,129.14,36.23
3744,125.108,-4.786,-1.202,-0.2267,1.0108,388,4.829,87.59,129.85,36.14
3745,125.142,-6.176,-1.921,-0.2771,1.0113,367,4.318,86.57,130.1,36.01
3746,125.175,-6.519,-2.484,-0.2796,1.0115,350,4.544,89.61,130.63,36.08
3747,125.209,-5.528,-1.08,-0.2601,1.0093,393,4.498,85.76,131.21,36.02
3748,125.242,-5.024,-0.621,-0.2322,1.009,386,4.732,85.63,131.67,35.97
3749,125.275,-4.489,-0.237,-0.2017,1.0079,395,4.554,84.82,132.01,35.91
3750,125.309,-4.701,-1.926,-0.1819,1.0087,360,4.116,89.74,132.4,35.89
3751,125.342,-3.91,-0.509,-0.1656,1.0065,383,4.012,93.98,132.69,35.95
3752,125.376,-3.125,0.157,-0.111,1.0061,394,4.546,93.78,132.92,35.84
3753,125.409,-2.778,0.277,-0.1121,1.0056,397,4.38,93.04,133.06,35.8
3754,125.443,-3.007,0.203,-0.1252,1.0053,397,4.042,89.59,133.28,35.68
3755,125.476,-4.125,0.021,-0.1748,1.0055,395,4.152,87.53,133.29,35.75
3756,125.509,-4.335,-0.225,-0.1915,1.0055,371,3.687,85.96,133.33,35.71
3757,125.543,-3.538,-0.249,-0.1486,1.0052,393,3.585,89.41,133.4,35.73
3758,125.576,-4.473,-0.477,-0.1865,1.0056,392,4.324,85.53,133.43,35.71
3759,125.61,-4.952,-0.6,-0.2288,1.0064,383,3.852,83.91,133.49,35.73
3760,125.643,-3.921,-0.135,-0.1844,1.006,396,4.114,83.03,133.57,35.69
3761,125.676,-5.442,-0.058,-0.2344,1.0061,393,5.317,82.9,133.58,35.83
3762,125.71,-6.807,-0.564,-0.2674,1.0065,394,6.647,78.1,133.7,36.03
3763,125.743,-7.256,-0.44,-0.2878,1.0064,392,7.142,73.04,133.5,36.12
3764,125.777,-6.482,-0.18,-0.256,1.0064,380,6.872,72.76,133.28,36.34
3765,125.81,-6.716,-0.911,-0.2753,1.0082,382,5.806,74.11,133.16,36.51
3766,125.844,-5.35,-1.632,-0.1827,1.0072,382,5.453,78.32,133.13,36.63
3767,125.877,-5.762,-2.327,-0.1906,1.0078,381,5.492,83.15,133.18,36.69
3768,125.91,-5.795,-2.719,-0.1873,1.0087,393,5.322,93.63,133.13,36.81
3769,125.944,-5.14,-1.215,-0.2081,1.0072,374,4.803,93.15,133.14,36.85
3770,125.977,-6.441,-1.773,-0.2515,1.0107,384,5.454,91.5,133.15,36.94
3771,126.011,-7.679,-2.467,-0.2897,1.0105,364,6.807,91.93,133.08,36.95
3772,126.044,-9.127,-0.589,-0.4172,1.0086,357,7.619,88.06,132.83,37.01
3773,126.077,-9.427,0.061,-0.4042,1.0113,377,8.729,98.83,132.25,37.46
3774,126.111,-10.589,-1.305,-0.4799,1.0112,377,7.896,105.41,131.79,37.59
3775,126.144,-10.225,-2.397,-0.4267,1.0097,377,8.465,96.86,131.45,37.6
3776,126.178,-10.335,-1.079,-0.3606,1.0096,370,9.963,90.83,131.05,37.65
3777,126.211,-10.395,-0.258,-0.4187,1.0109,372,9.32,86.66,130.77,37.7
3778,126.244,-9.362,-1.25,-0.401,1.0102,378,8.269,88.53,130.52,37.84
3779,126.278,-12.0,-0.628,-0.5254,1.0083,365,9.864,93.08,130.51,38.11
3780,126.311,-13.235,0.234,-0.508,1.0092,362,10.957,83.99,130.32,38.2
3781,126.345,-12.997,1.428,-0.5029,1.0096,379,11.641,75.83,130.31,38.39
3782,126.378,-14.735,0.489,-0.6619,1.0088,351,10.965,82.33,129.96,38.42
3783,126.412,-12.757,-0.573,-0.5465,1.0071,374,11.022,88.18,130.19,38.71
3784,126.445,-13.901,-0.113,-0.5759,1.0071,359,11.397,83.58,130.55,38.83
3785,126.478,-10.553,-1.429,-0.352,1.0067,384,11.252,86.27,130.85,38.99
3786,126.512,-13.234,-0.463,-0.5652,1.0067,370,11.244,85.26,131.3,38.94
3787,126.545,-15.389,0.573,-0.6925,1.007,367,12.022,93.77,131.89,39.16
3788,126.579,-12.834,0.221,-0.5028,1.0068,373,12.246,98.66,132.22,39.08
3789,126.612,-15.499,0.95,-0.6985,1.0081,370,12.282,96.66,132.75,39.06
3790,126.645,-16.296,0.756,-0.744,1.0083,363,12.564,86.58,133.38,38.9
3791,126.679,-18.213,0.859,-0.8128,1.0085,356,13.526,78.24,134.23,38.65
3792,126.712,-18.121,1.688,-0.833,1.0082,369,13.507,75.69,134.72,38.57
3793,126.746,-19.241,1.89,-0.9144,1.0091,366,13.457,71.14,134.87,38.12
3794,126.779,-17.004,1.926,-0.7678,1.0073,339,14.363,67.22,134.92,37.7
3795,126.813,-20.899,1.968,-0.9777,1.0094,349,14.747,65.33,134.77,37.31
3796,126.846,-20.145,2.397,-0.9114,1.0097,342,14.335,61.01,134.49,37.14
3797,126.879,-20.244,3.258,-0.9366,1.0113,286,13.305,16.27,134.23,36.48
3798,126.913,-14.559,2.475,-0.4939,1.0098,237,12.291,15.16,134.64,36.47
3799,126.946,-22.039,0.258,-0.9477,1.0144,214,13.138,42.03,134.75,36.83
3800,126.98,-22.87,2.53,-1.034,1.0094,311,14.377,41.82,135.25,36.9
3801,127.013,-23.258,2.827,-1.0754,1.0112,315,13.992,36.58,135.03,37.16
3802,127.046,-21.642,2.838,-1.0327,1.0114,318,13.322,39.23,134.62,37.41
3803,127.08,-19.849,3.036,-0.893,1.0074,312,13.909,21.0,133.18,36.93
3804,127.113,-20.638,0.269,-0.7761,1.01,288,14.283,19.67,132.38,36.75
3805,127.147,-21.06,1.045,-0.8929,1.0101,275,13.992,63.49,131.08,37.8
3806,127.18,-17.169,0.283,-0.7829,1.0094,337,12.621,71.95,130.82,38.33
3807,127.214,-14.767,-0.31,-0.5997,1.0092,333,12.273,70.17,130.95,38.1
3808,127.247,-17.691,-1.428,-0.7171,1.0105,336,13.081,65.9,131.22,38.02
3809,127.28,-18.22,-0.951,-0.8018,1.01,361,12.866,63.96,131.44,38.0
3810,127.314,-17.99,-0.836,-0.7997,1.0108,365,12.425,62.33,131.8,38.1
3811,127.347,-13.663,-1.237,-0.5192,1.0105,359,11.322,59.68,131.89,38.19
3812,127.381,-14.802,-1.708,-0.5536,1.0117,369,11.106,58.47,132.12,38.28
3813,127.414,-12.82,-1.913,-0.4467,1.0113,365,10.72,64.08,132.27,38.46
3814,127.447,-10.822,-1.422,-0.3395,1.0104,320,10.442,64.4,132.66,38.69
3815,127.481,-12.282,-2.452,-0.4153,1.013,342,10.473,63.02,133.1,38.91
3816,127.514,-11.518,-1.999,-0.3917,1.0129,337,10.498,56.35,133.67,38.93
3817,127.548,-12.722,-3.043,-0.4798,1.0147,305,10.49,53.98,133.71,39.27
3818,127.581,-11.186,-3.285,-0.4268,1.0136,303,9.814,52.95,134.03,39.41
3819,127.615,-8.516,-2.989,-0.333,1.013,315,9.164,47.27,134.26,39.34
3820,127.648,-10.51,-3.172,-0.4304,1.0154,317,8.667,46.45,134.37,39.48
3821,127.681,-8.16,-3.381,-0.296,1.0146,359,8.329,44.07,134.41,39.65
3822,127.715,-7.412,-0.887,-0.3398,1.0121,307,8.197,41.19,134.48,39.73
3823,127.748,-8.308,-2.956,-0.2823,1.0144,363,8.914,37.78,134.73,39.72
3824,127.782,-11.403,-2.837,-0.4931,1.0151,350,9.291,67.68,134.54,39.86
3825,127.815,-8.5,-5.479,-0.2437,1.0159,365,9.695,106.78,134.41,39.97
3826,127.848,-8.146,-5.218,-0.1779,1.0143,363,10.227,109.51,134.57,40.03
3827,127.882,-6.865,-5.119,-0.0773,1.0133,368,10.166,99.59,134.99,39.91
3828,127.915,-8.603,-5.012,-0.1598,1.0133,372,10.692,90.1,135.15,39.63
3829,127.949,-10.836,-5.274,-0.2968,1.0153,356,10.768,84.49,135.09,39.28
3830,127.982,-9.153,-3.543,-0.2522,1.0131,374,10.78,107.17,134.1,39.33
3831,128.016,-6.811,-2.413,-0.1463,1.0136,323,9.477,23.24,133.56,38.53
3832,128.049,-4.102,-0.23,-0.0447,1.0091,231,7.314,21.61,133.53,38.35
3833,128.082,-5.054,-1.095,-0.1271,1.0101,165,8.494,95.05,131.56,38.66
3834,128.116,-5.121,-3.867,-0.006,1.0113,348,7.394,91.7,131.93,38.63
3835,128.149,-6.151,-4.402,-0.0416,1.0122,356,7.842,101.08,132.2,38.63
3836,128.183,-5.964,-1.692,-0.0943,1.0101,352,8.529,82.94,132.79,38.45
3837,128.216,-8.025,-1.892,-0.1783,1.011,356,8.574,76.56,133.35,38.13
3838,128.249,-9.494,-1.166,-0.2312,1.0101,368,8.577,70.85,134.01,37.97
3839,128.283,-8.959,-2.654,-0.1656,1.0114,368,8.073,67.21,134.59,38.02
3840,128.316,-8.467,-2.439,-0.203,1.0112,364,7.5,64.24,134.76,38.09
3841,128.35,-7.604,-2.467,-0.1802,1.0101,372,7.094,68.43,134.89,38.02
3842,128.383,-8.068,-3.159,-0.1215,1.0102,384,7.445,60.74,134.59,37.75
3843,128.417,-8.65,-2.098,-0.1429,1.0106,364,7.179,65.29,134.52,37.79
3844,128.45,-7.427,-3.188,-0.1116,1.012,364,6.863,62.7,134.74,37.84
3845,128.483,-7.654,-2.546,-0.1305,1.0116,357,6.581,59.03,135.11,37.89
3846,128.517,-7.306,-2.258,-0.0981,1.0121,369,6.924,59.53,135.5,37.94
3847,128.55,-8.084,-2.34,-0.1209,1.0115,360,6.714,53.76,135.76,38.11
3848,128.584,-9.062,-2.887,-0.1801,1.0127,364,6.721,54.05,135.91,38.45
3849,128.617,-6.853,-1.568,-0.1289,1.0126,342,6.367,16.72,136.13,38.38
3850,128.65,-6.574,-1.839,-0.0921,1.013,317,5.724,14.82,136.46,38.54
3851,128.684,-7.572,-1.921,-0.1339,1.0129,280,5.714,18.1,137.07,38.64
3852,128.717,-7.997,-0.297,-0.2562,1.0111,338,5.65,16.55,137.81,38.64
3853,128.751,-5.863,-3.616,-0.0918,1.0148,339,5.193,16.09,138.35,38.47
3854,128.784,-6.121,-0.435,-0.2283,1.0128,322,4.703,13.51,138.68,38.37
3855,128.818,-5.384,-3.56,-0.0511,1.0152,312,4.598,17.97,138.93,38.38
3856,128.851,-4.622,-2.13,0.0106,1.0125,357,4.909,54.76,139.36,38.36
3857,128.884,-4.922,-6.737,0.1268,1.0169,273,4.977,47.75,140.13,37.82
3858,128.918,-5.368,-4.096,0.0302,1.0124,366,4.54,40.81,141.09,36.99
3859,128.951,-6.221,-4.897,0.051,1.0133,298,4.835,11.19,141.51,35.44
3860,128.985,-3.73,-4.289,0.2643,1.011,316,5.264,29.06,140.67,34.65
3861,129.018,-3.072,-4.873,0.1884,1.0099,363,4.377,22.25,140.92,33.45
3862,129.051,-0.703,-6.354,0.1048,1.0083,278,2.839,17.05,141.31,32.24
3863,129.085,0.839,-8.132,0.0881,1.0114,329,3.386,14.9,140.55,32.21
3864,129.118,-1.244,-0.976,0.0395,1.0093,247,3.426,23.09,140.83,31.69
3865,129.152,-2.816,-1.578,0.0728,1.012,273,4.438,60.82,140.42,32.02
3866,129.185,3.749,-3.051,0.2753,1.0079,366,4.413,52.98,140.25,32.2
3867,129.218,2.11,-4.069,0.2747,1.0101,359,4.251,64.05,140.21,32.23
3868,129.252,0.319,-2.892,0.1137,1.0095,373,4.447,57.18,140.27,31.8
3869,129.285,6.809,-4.683,0.2211,1.0106,357,5.885,44.82,139.11,31.81
3870,129.319,9.772,-4.382,0.2593,1.0103,321,6.52,38.41,137.59,32.38
3871,129.352,11.285,-2.376,0.294,1.0097,213,6.47,20.62,134.89,33.08
3872,129.386,15.309,-1.536,0.4684,1.0082,179,6.615,14.72,132.4,34.35
3873,129.419,18.584,-1.226,0.6029,1.0061,164,7.071,8.96,129.94,36.52
3874,129.452,14.838,-3.017,0.5245,1.0096,170,6.404,7.32,127.71,38.38
3875,129.486,12.216,-1.548,0.3081,1.0101,168,6.327,6.5,126.0,39.76
3876,129.519,16.393,-6.777,0.8248,1.0139,132,6.041,16.54,124.24,40.89
3877,129.553,11.53,-3.126,0.4676,1.0101,233,5.97,20.55,123.46,42.03
3878,129.586,9.367,-6.674,0.5076,1.0145,249,5.926,32.31,123.4,42.38
3879,129.619,7.37,-6.891,0.4362,1.0137,234,5.825,25.51,124.21,42.31
3880,129.653,6.211,-6.448,0.4583,1.0128,227,5.677,17.11,125.69,42.0
3881,129.686,6.49,-6.042,0.5064,1.0131,256,6.54,32.85,127.55,42.12
3882,129.72,7.997,-5.986,0.5516,1.012,221,7.277,35.48,129.78,42.8
3883,129.753,6.204,-4.014,0.366,1.0108,203,7.356,37.19,131.79,43.08
3884,129.787,12.669,-7.495,0.8296,1.013,201,7.978,33.09,133.56,43.02
3885,129.82,6.65,-4.387,0.3893,1.0116,207,7.539,32.87,134.95,43.09
3886,129.853,8.557,0.071,0.3643,1.0067,186,8.13,23.76,135.01,42.65
3887,129.887,8.753,-1.891,0.3192,1.0107,137,9.296,21.41,135.55,43.02
3888,129.92,15.398,-1.833,0.7249,1.0057,25,8.605,20.56,135.4,44.11
3889,129.954,12.176,2.505,0.4482,1.002,25,8.704,29.21,134.98,45.34
3890,129.987,12.543,-2.972,0.6204,1.0089,63,9.225,38.59,133.86,45.66
3891,130.02,8.248,-0.468,0.2801,1.0067,77,9.186,41.61,133.41,45.47
3892,130.054,9.542,-2.151,0.3453,1.007,114,9.348,35.67,133.18,45.5
3893,130.087,11.144,-3.921,0.4398,1.0108,83,10.361,30.85,131.88,45.76
3894,130.121,12.335,-4.275,0.5094,1.0102,53,9.298,28.18,131.34,46.26
3895,130.154,12.472,-1.001,0.4278,1.0076,64,10.298,27.93,130.95,46.77
3896,130.188,11.233,-5.358,0.489,1.0122,53,9.785,34.07,131.23,47.2
3897,130.221,10.407,-6.518,0.4856,1.0135,70,9.646,38.71,132.04,47.29
3898,130.254,9.643,-4.536,0.3955,1.0121,77,10.299,59.1,132.61,47.42
3899,130.288,7.692,-5.403,0.2745,1.0141,68,10.97,74.73,132.79,47.38
3900,130.321,7.365,-6.445,0.2902,1.0156,71,11.225,83.42,132.56,47.26
3901,130.355,9.364,-7.704,0.4249,1.0156,86,12.626,94.64,134.02,47.55
3902,130.388,7.711,-7.725,0.3196,1.0179,56,13.447,85.24,135.51,48.32
3903,130.421,13.203,-0.822,0.3533,0.9995,58,14.184,79.74,135.01,47.89
3904,130.455,14.924,-1.272,0.5531,0.9999,43,14.926,45.47,135.05,46.85
3905,130.488,13.589,-0.689,0.3041,0.9995,46,15.698,45.82,134.46,45.7
3906,130.522,13.062,-0.537,0.2266,0.9997,67,14.512,49.7,134.93,45.0
3907,130.555,13.498,-0.948,0.3573,0.9993,56,14.196,40.03,135.96,44.19
3908,130.589,13.412,-2.068,0.348,1.0006,49,13.831,42.03,135.53,43.76
3909,130.622,13.814,-0.758,0.335,0.9987,56,13.006,56.86,135.07,44.1
3910,130.655,13.778,-0.322,0.342,1.0,50,13.044,47.38,134.81,44.34
3911,130.689,13.117,-0.594,0.2165,1.0005,72,13.033,34.42,134.65,44.37
3912,130.722,13.699,-0.388,0.2311,0.9999,72,13.182,39.11,134.18,44.51
3913,130.756,13.012,-1.052,0.2124,1.0016,60,13.29,42.79,133.91,44.6
3914,130.789,12.953,-2.223,0.2878,1.0026,78,13.494,38.78,133.5,44.67
3915,130.822,12.719,-2.83,0.2787,1.004,72,13.573,40.29,133.25,45.21
3916,130.856,12.811,-2.251,0.244,1.0025,55,13.646,46.5,133.11,45.96
3917,130.889,12.867,-2.704,0.2835,1.0037,56,14.056,31.38,132.56,46.72
3918,130.923,14.356,-3.486,0.4389,1.0046,60,13.815,27.5,133.19,47.26
3919,130.956,15.207,-2.913,0.5143,1.0027,52,13.42,30.18,134.13,47.22
3920,130.99,14.366,-4.274,0.4715,1.0052,55,13.342,31.49,135.31,46.48
3921,131.023,13.711,-4.08,0.429,1.0051,55,12.767,30.37,136.89,45.65
3922,131.056,12.012,-4.659,0.2399,1.0089,49,11.988,29.22,137.8,45.02
3923,131.09,13.417,-4.871,0.4467,1.0063,53,11.073,28.85,137.92,44.85
3924,131.123,10.799,-5.58,0.2326,1.0111,47,10.68,30.66,136.81,44.57
3925,131.157,11.75,-4.871,0.3739,1.0079,64,10.143,32.78,134.86,43.96
3926,131.19,12.689,-4.046,0.3899,1.0048,46,9.313,28.8,133.14,44.07
3927,131.223,11.677,-5.924,0.4557,1.0093,45,7.931,14.98,131.84,44.27
3928,131.257,9.564,-5.03,0.2542,1.0087,34,7.083,28.13,130.67,44.7
3929,131.29,5.487,-4.335,-0.0467,1.0137,32,6.634,29.17,129.93,44.88
3930,131.324,12.11,-3.487,0.434,1.004,31,6.541,28.01,129.51,45.02
3931,131.357,10.629,-2.713,0.2246,1.0047,41,7.34,21.55,128.64,45.32
3932,131.391,10.306,-2.894,0.2498,1.0053,74,8.261,24.81,126.7,45.48
3933,131.424,9.3,-2.665,0.2573,1.0042,58,6.714,34.52,126.4,45.87
3934,131.457,3.98,-1.683,0.1391,1.0037,68,3.41,39.97,125.82,46.13
3935,131.491,1.576,-0.803,0.1147,1.0017,64,3.973,40.7,125.21,46.33
3936,131.524,-1.201,-0.639,0.0272,1.003,60,3.303,33.19,125.75,46.24
3937,131.558,-2.274,0.936,-0.1079,1.0009,54,3.852,31.82,126.36,46.08
3938,131.591,-2.563,0.835,-0.0989,0.9999,46,3.98,35.76,126.95,45.94
3939,131.624,-3.456,-0.098,-0.0088,1.0021,48,4.312,42.38,127.79,45.58
3940,131.658,-4.805,0.184,-0.1568,1.0033,50,4.613,42.68,128.94,45.06
3941,131.691,-4.505,-0.219,-0.112,1.0027,47,4.62,39.05,130.31,44.15
3942,131.725,-4.47,0.031,-0.1414,1.0023,46,4.566,32.63,131.94,43.08
3943,131.758,-4.195,-0.804,-0.0392,1.002,47,5.044,25.31,134.04,41.71
3944,131.791,-7.282,-2.684,-0.1188,1.0063,78,4.981,23.56,135.42,40.52
3945,131.825,-7.268,-2.387,-0.0845,1.005,69,5.045,26.8,135.85,39.49
3946,131.858,-8.941,-3.051,-0.1707,1.0064,96,5.144,33.05,136.32,38.87
3947,131.892,-8.726,-2.538,-0.1604,1.0051,60,5.394,39.53,136.73,38.15
3948,131.925,-9.593,-2.914,-0.1854,1.0066,66,5.553,33.77,136.53,37.31
3949,131.959,-10.688,-3.149,-0.2324,1.0088,51,5.433,33.78,136.26,36.88
3950,131.992,-10.42,-3.334,-0.1898,1.0084,56,5.199,36.38,135.32,36.88
3951,132.025,-9.438,-1.858,-0.2256,1.0046,48,5.093,44.98,133.77,37.42
3952,132.059,-10.825,-3.341,-0.2129,1.0096,52,5.237,34.91,131.89,37.99
3953,132.092,-10.194,-3.471,-0.1686,1.0088,50,4.456,37.64,130.78,38.36
3954,132.126,-10.137,-3.245,-0.169,1.0092,49,4.444,26.56,129.48,38.64
3955,132.159,-9.798,-2.109,-0.2393,1.0068,64,4.217,21.9,128.61,38.47
3956,132.192,-9.529,-2.115,-0.2047,1.0063,79,4.372,30.12,127.58,38.41
3957,132.226,-9.939,-2.824,-0.2092,1.0083,65,4.507,35.64,126.69,38.47
3958,132.259,-9.006,-2.475,-0.1476,1.0071,64,4.63,53.6,126.27,38.56
3959,132.293,-9.029,-2.856,-0.1185,1.0077,60,4.567,53.64,126.17,38.7
3960,132.326,-9.468,-1.957,-0.238,1.007,66,4.822,48.81,126.48,38.42
3961,132.36,-8.701,-2.527,-0.1446,1.0073,68,4.675,59.67,126.72,38.72
3962,132.393,-8.341,-2.516,-0.1272,1.007,58,4.856,76.47,127.07,39.13
3963,132.426,-8.253,-2.38,-0.1223,1.0063,61,4.924,87.97,127.4,39.61
3964,132.46,-8.251,-1.527,-0.1856,1.0045,72,5.22,71.82,127.87,39.86
3965,132.493,-8.159,-1.718,-0.1695,1.0049,69,5.187,75.24,128.3,40.17
3966,132.527,-8.524,-1.3,-0.2253,1.0042,72,5.577,61.87,128.97,40.72
3967,132.56,-9.225,-1.141,-0.2567,1.0046,67,5.794,73.7,129.12,41.11
3968,132.593,-9.737,-1.05,-0.2552,1.0045,70,6.537,92.73,129.08,41.47
3969,132.627,-10.866,-0.992,-0.3387,1.0052,66,7.201,79.47,128.91,41.58
3970,132.66,-10.894,-0.474,-0.3381,1.0043,79,7.453,36.56,129.14,41.18
3971,132.694,-14.333,-1.256,-0.4351,1.0065,54,9.41,30.09,129.93,41.1
3972,132.727,-15.862,-0.844,-0.447,1.005,60,10.906,24.8,130.4,40.97
3973,132.761,-15.741,1.898,-0.5513,1.0007,62,11.724,20.52,131.32,40.96
3974,132.794,-18.658,-1.139,-0.531,1.0064,57,12.23,19.87,130.76,41.2
3975,132.827,-19.659,-0.721,-0.6092,1.006,68,12.815,30.65,129.85,41.96
3976,132.861,-18.305,0.9,-0.6129,1.0027,61,13.85,35.51,129.66,42.69
3977,132.894,-19.188,0.162,-0.6247,1.0044,58,14.434,28.78,129.91,43.18
3978,132.928,-18.443,0.911,-0.6091,1.0025,51,14.487,30.47,129.51,43.55
3979,132.961,-19.312,0.589,-0.6573,1.0042,63,14.759,33.78,127.84,44.07
3980,132.994,-19.388,-0.496,-0.6032,1.0061,65,15.028,35.04,126.97,44.61
3981,133.028,-19.523,-0.652,-0.628,1.0073,64,14.791,36.67,126.33,44.93
3982,133.061,-20.9,-0.004,-0.7428,1.0076,66,13.84,37.75,125.93,45.09
3983,133.095,-22.077,-1.552,-0.7685,1.0115,58,13.37,45.53,123.95,45.16
3984,133.128,-19.529,-0.629,-0.6172,1.0085,55,12.322,44.45,123.6,44.89
3985,133.162,-19.981,-0.251,-0.6962,1.0092,64,10.759,37.77,123.35,44.39
3986,133.195,-18.799,-0.708,-0.5829,1.0108,57,9.607,35.93,123.79,43.98
3987,133.228,-17.448,1.043,-0.6041,1.007,57,8.956,31.11,124.0,43.63
3988,133.262,-16.028,0.546,-0.4697,1.0076,52,8.531,26.84,124.43,43.5
3989,133.295,-15.54,0.75,-0.4865,1.0078,60,8.381,26.79,125.35,43.58
3990,133.329,-15.004,0.91,-0.463,1.0081,61,8.164,26.21,125.7,43.86
3991,133.362,-14.706,0.215,-0.413,1.0091,57,8.167,23.49,125.59,44.22
3992,133.395,-13.715,-0.072,-0.3338,1.0085,60,8.221,22.07,125.23,44.61
3993,133.429,-13.684,-0.094,-0.3516,1.0086,66,8.182,23.75,125.11,45.04
3994,133.462,-13.066,-0.084,-0.3373,1.008,61,8.12,31.24,124.96,45.53
3995,133.496,-12.777,0.221,-0.3408,1.0075,63,8.088,30.58,124.71,45.96
3996,133.529,-12.766,0.742,-0.3764,1.0072,71,8.062,28.61,124.65,46.34
3997,133.563,-12.631,0.847,-0.379,1.0076,66,8.149,27.35,124.61,46.71
3998,133.596,-11.86,2.392,-0.3279,1.0044,63,8.432,27.71,124.61,47.16
3999,133.629,-13.407,-0.207,-0.3849,1.0097,58,8.768,32.17,124.65,47.65
4000,133.663,-13.948,-0.823,-0.386,1.0107,59,9.179,33.6,124.9,47.99
4001,133.696,-14.147,-0.709,-0.4293,1.0106,59,9.418,37.48,124.96,48.19
4002,133.73,-13.946,-1.282,-0.395,1.0113,107,9.435,39.62,125.28,48.22
4003,133.763,-14.691,0.384,-0.507,1.009,110,9.364,38.89,125.38,47.81
4004,133.796,-13.713,-1.417,-0.3678,1.0107,107,9.468,49.78,125.4,47.16
4005,133.83,-13.926,0.364,-0.4511,1.0079,79,9.605,57.43,125.55,46.31
4006,133.863,-12.569,1.13,-0.3658,1.0064,84,8.934,36.14,125.69,45.18
4007,133.897,-12.342,0.393,-0.3175,1.0079,104,8.782,33.17,124.97,44.52
4008,133.93,-13.577,-1.316,-0.3966,1.0119,100,8.086,43.97,124.78,43.99
4009,133.964,-14.755,-0.953,-0.5096,1.0122,97,7.687,40.76,124.4,43.62
4010,133.997,-14.561,0.274,-0.4997,1.0095,99,7.315,36.3,124.34,43.63
4011,134.03,-15.368,-0.541,-0.5767,1.0118,86,6.966,33.87,123.9,43.61
4012,134.064,-15.434,-0.695,-0.6114,1.0134,56,7.08,25.75,123.04,43.87
4013,134.097,-13.339,1.257,-0.4315,1.0093,76,6.076,13.87,122.58,44.1
4014,134.131,-12.651,0.144,-0.3564,1.0124,74,6.267,23.69,121.28,44.79
4015,134.164,-16.549,0.891,-0.7349,1.0129,71,6.214,20.05,120.11,45.45
4016,134.197,-12.994,1.641,-0.4349,1.0114,74,5.828,11.66,119.22,45.86
4017,134.231,-16.226,-0.414,-0.6947,1.0154,87,5.749,13.29,118.5,46.67
4018,134.264,-11.857,1.918,-0.4307,1.0094,88,6.576,18.19,119.6,48.21
4019,134.298,-15.697,2.239,-0.7765,1.0105,50,6.864,20.49,121.52,49.72
4020,134.331,-14.426,1.514,-0.6626,1.0108,53,5.607,21.25,121.39,50.22
4021,134.365,-15.7,0.905,-0.7205,1.0121,46,5.923,21.84,121.56,50.89
4022,134.398,-15.74,-0.261,-0.7403,1.0131,49,5.788,15.2,121.79,51.45
4023,134.431,-9.689,0.269,-0.3122,1.0091,57,5.531,10.11,121.54,51.54
4024,134.465,-11.693,-0.057,-0.4102,1.0114,70,5.527,11.93,121.56,51.93
4025,134.498,-10.284,-0.787,-0.3043,1.0116,62,5.645,17.61,121.84,52.36
4026,134.532,-10.481,-1.095,-0.3175,1.0111,70,5.19,17.66,121.22,52.51
4027,134.565,-10.02,-1.235,-0.291,1.0102,62,5.484,25.25,121.02,52.92
4028,134.598,-12.258,-5.167,-0.2546,1.0223,37,5.068,29.78,120.23,53.16
4029,134.632,-9.102,-1.232,-0.2379,1.0092,38,5.125,38.55,119.26,53.22
4030,134.665,-10.909,-2.74,-0.3154,1.0121,50,5.471,47.34,118.44,53.35
4031,134.699,-8.685,-1.135,-0.2098,1.0083,36,5.44,52.25,117.67,53.5
4032,134.732,-8.041,-1.105,-0.1476,1.0069,37,5.483,56.32,117.04,53.61
4033,134.765,-8.424,-1.42,-0.1454,1.0085,40,5.647,58.16,116.31,53.64
4034,134.799,-8.295,0.157,-0.1965,1.006,39,5.699,58.49,115.86,53.95
4035,134.832,-8.041,-0.813,-0.1057,1.0072,49,6.1,57.87,114.87,53.93
4036,134.866,-8.625,-0.392,-0.1423,1.0071,56,6.225,56.08,113.74,53.78
4037,134.899,-9.027,0.125,-0.1596,1.0072,60,6.547,46.01,112.66,53.62
4038,134.933,-10.58,0.426,-0.268,1.0094,87,6.902,43.71,111.48,53.55
4039,134.966,-9.173,0.948,-0.202,1.0064,86,7.107,61.04,110.29,53.5
4040,134.999,-8.56,1.411,-0.2081,1.0046,50,7.036,67.77,109.37,53.49
4041,135.033,-9.733,0.17,-0.2004,1.0081,63,7.432,62.15,108.45,53.51
4042,135.066,-9.346,1.747,-0.2729,1.0051,51,7.744,84.29,107.45,53.64
4043,135.1,-8.846,0.348,-0.1773,1.0059,61,8.051,84.27,106.68,53.67
4044,135.133,-8.375,0.682,-0.189,1.0051,62,7.824,85.45,105.84,53.64
4045,135.166,-8.198,0.234,-0.1425,1.0047,58,8.361,80.82,104.55,53.34
4046,135.2,-8.469,0.649,-0.1705,1.0048,94,8.722,82.94,103.16,53.04
4047,135.233,-8.881,-0.443,-0.1438,1.0067,116,8.742,74.51,102.07,52.77
4048,135.267,-9.494,0.771,-0.2957,1.0056,70,8.334,59.18,101.14,52.62
4049,135.3,-9.033,0.283,-0.2072,1.0062,86,8.713,58.64,99.58,52.24
4050,135.334,-10.0,-0.462,-0.2291,1.0079,82,8.675,42.71,98.21,51.92
4051,135.367,-9.78,-1.72,-0.1805,1.0091,90,8.572,33.28,96.9,51.55
4052,135.4,-9.917,-0.318,-0.2299,1.0083,120,8.332,36.95,95.34,51.37
4053,135.434,-9.731,-0.436,-0.2165,1.0083,113,8.404,42.46,94.33,51.37
4054,135.467,-9.807,-0.1,-0.2624,1.0078,83,8.486,41.12,93.54,51.49
4055,135.501,-9.732,-0.602,-0.2222,1.0085,84,8.496,41.79,93.03,51.74
4056,135.534,-9.501,-0.23,-0.2453,1.0067,87,9.066,40.58,93.31,52.03
4057,135.567,-9.974,-0.714,-0.2413,1.0086,106,8.602,36.16,93.89,52.68
4058,135.601,-9.812,-0.993,-0.2086,1.0089,108,8.703,34.93,94.07,52.74
4059,135.634,-9.938,-0.709,-0.2098,1.0095,89,8.549,34.88,94.91,53.21
4060,135.668,-10.058,-0.569,-0.2829,1.0089,108,7.869,34.39,95.19,53.6
4061,135.701,-9.403,-0.505,-0.2079,1.0092,119,7.367,27.24,95.52,53.6
4062,135.735,-9.589,-0.57,-0.2887,1.0103,90,7.166,49.56,96.24,54.21
4063,135.768,-8.71,-0.817,-0.1789,1.0105,81,7.032,60.26,97.42,54.66
4064,135.801,-9.366,-0.756,-0.2583,1.0116,61,7.087,36.75,98.92,54.79
4065,135.835,-8.489,-1.19,-0.2114,1.0114,67,6.367,36.87,100.31,55.42
4066,135.868,-8.188,-0.328,-0.2483,1.0106,105,5.883,42.94,100.78,55.56
4067,135.902,-6.452,-1.545,-0.0735,1.0109,131,5.679,53.31,101.42,55.6
4068,135.935,-6.518,-1.207,-0.1666,1.0095,90,5.535,62.16,102.22,56.07
4069,135.968,-2.623,-1.209,-0.1103,1.0081,88,3.849,69.17,101.74,56.12
4070,136.002,-0.531,-1.571,-0.142,1.009,77,6.571,50.27,101.21,56.03
4071,136.035,2.778,-3.1,0.0561,1.0099,80,8.912,49.87,100.68,56.42
4072,136.069,4.012,-3.596,0.0861,1.0099,74,10.155,39.54,99.97,56.77
4073,136.102,4.956,-5.237,0.2042,1.0102,109,9.81,37.98,98.85,56.68
4074,136.136,5.281,-4.719,0.1619,1.0096,94,10.079,46.4,97.94,56.93
4075,136.169,5.338,-3.605,0.1304,1.0077,79,9.943,30.38,97.22,56.95
4076,136.202,7.18,-3.69,0.1196,1.0073,88,10.858,26.37,96.45,56.87
4077,136.236,7.955,-4.765,0.1802,1.0092,108,11.677,28.49,96.26,57.58
4078,136.269,8.609,-4.024,0.174,1.0083,110,11.776,26.34,95.14,57.5
4079,136.303,9.57,-4.377,0.2046,1.0069,127,11.807,24.34,93.07,56.79
4080,136.336,9.879,-4.595,0.2797,1.0083,124,11.707,23.52,91.67,56.1
4081,136.369,11.232,-4.581,0.3023,1.0083,111,12.886,22.81,89.83,55.59
4082,136.403,12.756,-4.191,0.3042,1.0067,112,12.849,25.82,87.53,54.39
4083,136.436,13.639,-5.611,0.4357,1.0103,124,12.455,25.99,85.53,53.67
4084,136.47,14.416,-4.758,0.4037,1.0081,145,12.209,24.98,84.31,53.83
4085,136.503,13.721,-4.312,0.3191,1.0073,126,11.744,22.08,84.47,54.33
4086,136.537,14.241,-4.341,0.4028,1.0086,124,11.477,13.58,84.39,53.63
4087,136.57,15.296,-5.915,0.5069,1.0104,116,11.174,9.96,84.44,53.4
4088,136.603,15.94,-6.263,0.552,1.0113,91,11.484,8.93,84.34,54.09
4089,136.637,15.605,-7.316,0.6429,1.0133,111,11.829,7.71,84.19,53.99
4090,136.67,18.045,-4.427,0.6309,1.0087,99,11.956,4.98,84.17,53.06
4091,136.704,16.943,-1.029,0.4378,1.0036,99,11.859,4.95,84.53,53.3
4092,136.737,15.625,-7.173,0.6548,1.0126,113,12.027,6.08,85.65,54.23
4093,136.77,14.356,-7.426,0.5749,1.0123,75,12.788,5.48,88.42,54.08
4094,136.804,18.497,-4.547,0.7854,1.0067,74,10.874,5.16,89.16,53.49
4095,136.837,19.939,-0.645,0.8515,0.9997,70,11.768,5.52,90.17,54.07
4096,136.871,15.801,-4.812,0.6005,1.0067,80,12.208,6.1,91.22,53.7
4097,136.904,18.86,-8.192,0.9353,1.0094,86,9.946,6.2,90.24,51.82
4098,136.938,17.405,-8.0,0.7928,1.0087,98,9.873,7.27,89.63,50.57
4099,136.971,16.37,-8.043,0.7096,1.009,73,10.818,6.89,88.87,49.03
4100,137.004,16.648,-3.408,0.6055,1.0033,87,9.505,5.53,86.36,45.87
4101,137.038,15.403,-8.308,0.6299,1.0122,81,9.333,5.12,83.46,42.02
4102,137.071,21.508,-2.361,1.0241,1.001,92,9.708,4.87,80.93,38.76
4103,137.105,17.738,-4.304,0.7875,1.0048,94,8.689,5.32,78.63,35.99
4104,137.138,16.742,-4.805,0.7709,1.0051,69,6.978,5.29,76.78,34.12
4105,137.171,18.098,-6.505,0.9176,1.006,88,6.937,4.79,77.24,34.54
4106,137.205,14.354,-5.823,0.643,1.0074,73,6.723,4.52,79.0,34.93
4107,137.238,19.047,-4.81,0.9404,1.0052,66,5.992,3.41,81.22,35.31
4108,137.272,19.977,-3.759,0.9464,1.0041,102,5.965,3.27,83.57,36.38
4109,137.305,15.262,-6.173,0.6938,1.0095,104,4.709,3.76,85.16,36.94
4110,137.339,15.424,-2.552,0.6923,1.0028,88,4.017,4.73,86.53,37.08
4111,137.372,13.833,-3.964,0.6869,1.0061,61,4.149,5.5,88.17,37.62
4112,137.405,12.457,-4.445,0.6341,1.0072,59,3.869,6.35,89.26,37.98
4113,137.439,9.605,-3.813,0.5161,1.0075,64,3.484,13.46,90.44,38.71
4114,137.472,6.879,-3.549,0.3998,1.009,64,3.425,10.31,91.99,39.7
4115,137.506,7.717,-3.151,0.4437,1.0078,65,3.213,9.24,92.91,39.77
4116,137.539,6.194,-3.419,0.428,1.0082,65,1.989,9.91,92.98,39.9
4117,137.572,3.677,-2.963,0.3327,1.0087,78,2.664,10.97,94.19,40.59
4118,137.606,3.583,-3.852,0.3492,1.0097,68,2.115,10.71,95.03,40.72
4119,137.639,-1.132,-3.694,0.0033,1.009,54,1.368,6.03,95.81,40.88
4120,137.673,-3.421,-3.99,-0.0946,1.0071,108,1.884,4.65,97.24,41.45
4121,137.706,0.168,-3.286,0.097,1.0074,103,1.431,15.18,97.82,41.76
4122,137.739,3.761,-3.057,0.2351,1.009,65,2.154,6.44,98.59,41.49
4123,137.773,6.011,-1.391,0.2614,1.0066,98,3.318,5.98,100.02,42.5
4124,137.806,5.263,-2.111,0.2772,1.0068,96,3.073,15.62,101.2,42.95
4125,137.84,4.093,-2.608,0.2931,1.0066,60,2.303,22.85,102.02,43.07
4126,137.873,2.483,-3.46,0.2279,1.0066,68,1.582,23.58,102.68,43.6
4127,137.907,1.821,-3.893,0.1491,1.0071,78,1.74,21.9,103.5,43.7
4128,137.94,1.534,-3.371,0.0655,1.009,64,1.939,7.8,104.29,43.65
4129,137.973,2.463,-3.618,0.1332,1.0095,91,1.97,11.39,104.72,43.91
4130,138.007,0.687,-4.185,0.1418,1.0089,56,1.004,14.75,105.02,44.19
4131,138.04,0.391,-6.316,0.1735,1.0074,67,0.932,18.23,105.32,44.19
4132,138.074,0.552,-7.574,0.1552,1.0095,85,2.067,20.94,105.9,44.32
4133,138.107,-1.704,-4.438,-0.0311,1.01,51,0.792,13.09,106.08,44.32
4134,138.14,-0.07,-2.249,0.0132,1.0121,51,1.427,3.89,106.23,44.1
4135,138.174,1.704,-3.216,0.1047,1.0108,64,1.285,6.14,106.33,44.31
4136,138.207,-6.016,-4.543,-0.235,1.0124,43,1.207,7.54,106.97,44.46
4137,138.241,-10.755,-4.076,-0.4063,1.0116,54,1.888,8.29,107.45,44.3
4138,138.274,-10.24,-3.332,-0.3761,1.0124,56,1.924,15.73,107.96,44.1
4139,138.308,-5.133,-2.412,-0.0896,1.0084,64,2.262,12.22,107.9,43.61
4140,138.341,-6.587,-1.389,-0.1654,1.0072,56,2.537,12.21,107.67,42.75
4141,138.374,-6.388,-1.995,-0.0686,1.0088,48,2.786,6.61,107.35,42.17
4142,138.408,-8.871,0.969,-0.2748,1.008,58,2.527,6.77,107.12,41.75
4143,138.441,-9.304,0.571,-0.292,1.0083,54,2.641,6.51,106.38,40.82
4144,138.475,-11.388,2.66,-0.448,1.0053,46,2.234,7.07,106.16,40.59
4145,138.508,-11.311,2.605,-0.3562,1.0049,62,2.341,6.06,105.54,40.11
4146,138.541,-8.299,2.04,-0.2132,1.0044,57,2.506,6.61,104.33,39.37
4147,138.575,-7.35,0.39,-0.1987,1.0063,39,2.212,11.37,103.51,39.18
4148,138.608,-6.665,4.061,-0.2427,1.001,55,1.654,8.56,103.03,39.02
4149,138.642,-12.433,5.115,-0.4628,0.998,32,3.191,5.24,100.86,37.97
4150,138.675,-12.714,3.59,-0.4696,0.998,45,2.935,4.65,99.02,37.54
4151,138.709,-11.591,5.452,-0.4647,0.9986,32,2.058,9.38,97.75,37.03
4152,138.742,-17.809,8.794,-0.6964,0.9966,26,3.605,7.07,95.1,35.63
4153,138.775,-27.441,7.706,-1.1561,1.0001,42,3.366,6.36,92.85,35.22
4154,138.809,-17.574,5.529,-0.7939,0.9998,42,2.212,5.45,91.69,34.52
4155,138.842,-11.217,1.521,-0.4546,1.0045,22,1.821,6.98,90.77,34.07
4156,138.876,-13.023,3.558,-0.6488,1.004,50,1.58,5.09,90.68,34.24
4157,138.909,-15.11,3.418,-0.7102,1.0032,35,1.343,5.54,90.35,34.07
4158,138.942,-17.723,5.442,-0.9032,1.0013,35,2.382,6.26,89.32,33.49
4159,138.976,-18.141,5.466,-0.9353,1.0035,31,1.803,4.26,88.96,33.28
4160,139.009,-14.462,5.44,-0.7029,1.0039,53,1.781,4.31,88.67,33.08
4161,139.043,-19.725,7.686,-1.0314,1.0018,47,1.867,6.53,88.19,32.8
4162,139.076,-22.016,6.568,-1.1178,1.0031,60,2.175,6.23,87.72,32.58
4163,139.11,-20.229,6.76,-0.9825,1.003,39,2.11,5.51,87.61,32.5
4164,139.143,-18.767,7.764,-0.8794,1.0009,46,2.42,6.96,87.1,32.23
4165,139.176,-25.09,7.711,-1.1737,1.003,39,2.615,7.59,86.42,31.96
4166,139.21,-22.141,6.515,-0.9664,1.003,61,2.626,6.65,85.82,31.73
4167,139.243,-24.561,6.131,-1.1466,1.0036,55,2.697,5.68,85.55,31.73
4168,139.277,-18.792,4.637,-0.8033,1.0023,59,2.752,5.81,84.9,31.48
4169,139.31,-19.16,4.566,-0.8116,1.0038,55,2.734,6.99,84.83,31.51
4170,139.343,-21.879,4.656,-0.9305,1.0062,57,2.43,7.71,84.68,31.51
4171,139.377,-19.446,5.977,-0.8599,1.0021,59,3.052,6.74,84.88,31.88
4172,139.41,-21.193,3.016,-0.8674,1.0078,52,2.613,6.71,84.67,32.03
4173,139.444,-16.039,6.097,-0.6927,1.0013,48,2.814,6.75,85.27,32.68
4174,139.477,-14.485,5.808,-0.5096,1.0001,54,2.44,3.73,85.45,32.98
4175,139.511,-15.693,3.411,-0.45,1.0024,57,2.909,3.63,85.68,33.67
4176,139.544,-15.357,4.234,-0.5465,1.0013,62,2.597,3.33,85.66,34.01
4177,139.577,-15.656,3.0,-0.562,1.0031,51,2.32,3.43,85.45,34.34
4178,139.611,-15.264,3.006,-0.5517,1.0031,47,2.143,3.25,85.36,34.54
4179,139.644,-14.194,3.924,-0.4906,1.0018,40,2.109,3.44,85.32,34.7
4180,139.678,-14.056,3.719,-0.5067,1.0027,44,2.099,3.74,85.57,35.16
4181,139.711,-14.526,3.279,-0.5254,1.0036,43,2.104,3.68,86.09,35.53
4182,139.744,-12.126,3.238,-0.4059,1.0027,35,2.108,4.31,86.89,36.02
4183,139.778,-12.169,3.122,-0.3998,1.0037,28,1.815,4.94,87.51,36.21
4184,139.811,-13.285,2.802,-0.4703,1.0056,28,2.408,7.9,88.69,36.84
4185,139.845,-10.252,3.81,-0.249,1.0031,31,2.259,8.76,89.72,37.06
4186,139.878,-12.773,3.343,-0.4373,1.0052,29,2.481,4.8,90.93,37.5
4187,139.912,-11.781,4.068,-0.4426,1.0038,30,1.968,7.96,91.72,37.72
4188,139.945,-11.3,3.921,-0.4375,1.0052,18,2.664,6.42,93.23,38.24
4189,139.978,-9.889,7.476,-0.3034,0.9993,41,2.992,11.16,94.78,38.68
4190,140.012,-12.359,4.399,-0.3342,1.0069,38,3.021,3.14,96.48,39.08
4191,140.045,-9.294,2.735,-0.1658,1.0113,39,2.899,3.58,98.23,39.43
4192,140.079,-9.248,6.129,-0.3295,1.0082,47,3.497,2.49,100.46,39.98
4193,140.112,-9.093,9.91,-0.3916,1.002,33,2.753,2.39,102.13,40.21
4194,140.145,-6.787,10.128,-0.2394,1.002,40,3.057,3.1,104.04,40.43
4195,140.179,-3.725,10.819,-0.1364,0.9999,51,2.638,2.91,105.63,40.55
4196,140.212,-5.649,8.175,-0.2731,1.0047,47,2.283,3.2,107.06,40.42
4197,140.246,-4.626,10.436,-0.2009,1.0003,51,2.299,3.24,108.57,40.31
4198,140.279,-3.445,10.761,-0.1521,0.9995,48,1.789,3.31,109.52,40.09
4199,140.313,-0.523,11.702,-0.1006,0.9974,44,1.659,3.19,110.4,39.95
4200,140.346,-0.85,10.357,-0.1744,0.9999,57,1.452,3.8,111.05,39.87
4201,140.379,0.237,12.966,-0.0705,0.9937,46,1.32,3.88,111.5,39.75
4202,140.413,0.293,10.826,0.0073,0.9966,48,1.531,3.8,111.78,39.42
4203,140.446,0.701,7.993,-0.0377,0.9998,39,1.292,3.68,111.95,39.14
4204,140.48,1.328,8.137,-0.0529,0.9984,33,1.184,3.8,112.14,38.81
4205,140.513,0.311,5.926,-0.0455,1.0017,22,1.397,4.1,111.99,38.39
4206,140.546,0.018,4.929,-0.0039,1.0015,32,1.36,4.62,111.71,37.99
4207,140.58,-1.428,4.931,-0.0931,1.0003,17,1.413,4.8,111.34,37.49
4208,140.613,-1.313,2.392,-0.0176,1.004,15,0.947,4.49,111.47,37.26
4209,140.647,-0.562,4.531,-0.0832,1.0004,27,0.81,4.83,111.58,37.13
4210,140.68,-1.191,2.385,-0.0967,1.0018,20,0.658,5.84,111.63,37.05
4211,140.713,0.999,1.173,0.091,1.0013,16,0.65,19.96,111.68,36.97
4212,140.747,-0.245,0.086,0.0532,1.0017,20,0.664,7.79,111.51,36.77
4213,140.78,-0.576,0.882,0.0565,1.0002,28,0.862,5.76,111.15,36.42
4214,140.814,2.987,-2.312,0.2801,1.0053,13,1.291,4.68,110.28,35.88
4215,140.847,3.657,-0.043,0.1283,1.003,29,1.367,5.81,109.56,35.65
4216,140.881,2.632,1.734,-0.0246,0.999,18,0.929,21.73,109.22,35.68
4217,140.914,1.827,0.852,-0.1004,1.0005,21,0.79,6.82,109.13,35.61
4218,140.947,3.636,0.361,-0.0438,1.0012,16,1.114,18.9,108.92,35.64
4219,140.981,5.65,-0.676,0.065,1.0003,25,1.161,7.78,108.55,35.58
4220,141.014,7.84,-2.353,0.119,1.0004,33,1.257,5.34,108.21,35.56
4221,141.048,9.019,-2.416,0.0972,1.0011,48,1.392,5.45,107.92,35.49
4222,141.081,9.6,-1.776,0.1452,1.0008,47,1.282,20.57,107.67,35.47
4223,141.114,11.207,-2.38,0.2866,0.9997,34,1.365,5.68,107.44,35.41
4224,141.148,7.566,-4.012,0.0902,1.002,24,1.434,2.9,107.11,35.37
4225,141.181,6.629,-4.666,0.0197,1.0007,31,1.409,2.91,106.75,35.38
4226,141.215,5.676,-4.89,-0.0547,1.0018,43,1.311,2.42,106.38,35.44
4227,141.248,10.18,-6.71,0.2237,1.0044,30,1.642,15.92,106.18,35.38
4228,141.282,8.658,-2.415,0.0494,1.0015,42,1.589,9.19,106.02,35.35
4229,141.315,6.091,-2.78,-0.1241,1.003,33,1.551,4.93,105.9,35.26
4230,141.348,7.54,-2.032,-0.0721,1.0031,47,1.566,6.27,105.79,35.16
4231,141.382,8.304,-1.578,-0.0031,1.0032,31,1.634,21.73,105.74,35.04
4232,141.415,9.054,-2.69,0.1191,1.0026,28,1.744,6.01,105.62,34.89
4233,141.449,6.798,-3.233,0.031,1.0042,25,1.808,10.61,105.93,34.88
4234,141.482,6.58,-3.071,-0.0637,1.0051,23,1.96,23.94,106.46,34.92
4235,141.515,9.448,-3.497,0.0129,1.0037,37,1.802,2.86,106.54,34.74
4236,141.549,6.843,-6.267,-0.0788,1.0077,39,1.869,2.69,106.63,34.7
4237,141.582,8.092,-6.456,-0.0311,1.0079,40,2.005,2.67,106.72,34.61
4238,141.616,9.244,-8.136,0.0334,1.0095,35,1.992,2.65,106.81,34.44
4239,141.649,8.397,-7.554,0.0271,1.0102,28,1.81,3.33,106.62,34.4
4240,141.683,9.377,-7.734,0.116,1.0107,31,1.94,4.66,106.65,34.35
4241,141.716,8.944,-7.629,0.0392,1.0119,36,2.148,4.12,106.83,34.25
4242,141.749,10.294,-8.744,0.0311,1.0144,31,2.271,12.52,106.96,34.04
4243,141.783,10.223,-6.666,-0.0102,1.0132,36,1.891,3.8,107.23,33.73
4244,141.816,9.682,-8.144,0.0785,1.0166,45,2.013,5.19,107.71,33.39
4245,141.85,11.921,-7.644,0.1927,1.0085,104,1.835,2.04,107.86,33.03
4246,141.883,9.718,-9.176,0.0092,1.0113,112,1.531,1.86,107.71,32.76
4247,141.916,9.114,-9.219,-0.0427,1.0119,142,1.629,1.87,107.55,32.46
4248,141.95,8.376,-6.984,-0.1548,1.011,145,1.671,1.87,107.8,32.42
4249,141.983,9.182,-8.851,-0.0525,1.0126,107,1.874,1.85,107.93,32.2
4250,142.017,0.013,0.009,-0.0053,1.0002,66,1.78,2.0,108.05,32.04
4251,142.05,0.151,0.01,0.0083,1.0,99,1.533,13.73,108.24,32.01
4252,142.084,6.396,-7.823,-0.0515,1.0221,56,2.078,16.84,108.92,31.83
4253,142.117,9.945,-11.962,0.277,1.024,38,1.794,8.57,110.0,31.57
4254,142.15,16.909,-15.992,0.2812,1.0279,18,2.939,0.91,111.79,31.37
4255,142.184,0.076,0.068,-0.0548,1.0,11,2.074,1.02,112.97,31.37
4256,142.217,0.064,0.133,-0.0083,0.9999,47,1.081,1.04,113.32,31.22
4257,142.251,-0.124,0.137,-0.029,1.0009,97,0.724,1.07,113.29,30.93
4258,142.284,0.091,-0.137,0.0057,1.0004,68,1.437,1.15,113.23,30.3
4259,142.317,-0.071,0.048,-0.0097,1.0001,90,1.421,1.14,113.36,29.57
4260,142.351,-0.075,0.088,-0.0201,1.0001,83,1.173,1.2,114.11,28.9
4261,142.384,0.073,-0.043,0.0111,1.0001,75,1.197,1.26,115.02,28.1
4262,142.418,16.974,-2.616,0.0748,1.0059,43,1.912,1.31,116.44,27.27
4263,142.451,0.051,-0.204,0.0016,1.0004,48,1.857,1.26,117.89,26.36
4264,142.485,12.069,-10.459,0.254,1.0229,44,2.207,1.19,119.77,25.55
4265,142.518,16.635,-1.155,0.2427,1.0093,57,2.104,1.16,121.52,24.61
4266,142.551,26.643,15.697,0.2033,0.9863,38,2.548,1.12,123.72,23.6
4267,142.585,27.621,25.244,0.1496,0.9759,34,2.846,1.05,126.24,22.6
4268,142.618,16.694,5.851,-0.052,1.0068,26,3.268,0.97,129.22,21.33
4269,142.652,35.515,18.363,0.8152,0.9849,48,2.088,0.92,131.05,19.9
4270,142.685,39.102,21.717,0.9803,0.9803,42,2.134,0.93,132.97,18.46
4271,142.718,21.915,16.086,0.1018,0.9965,51,1.786,0.97,134.52,17.06
4272,142.752,-0.009,-0.065,-0.0028,1.0003,31,1.819,0.93,136.07,15.75
4273,142.785,0.076,-0.186,0.0077,1.0002,68,1.149,0.95,136.97,14.69
4274,142.819,-0.084,-0.063,-0.0082,1.0003,88,0.863,0.93,137.54,13.99
4275,142.852,-0.008,-0.054,0.0141,1.0003,71,0.85,0.9,138.04,13.98
4276,142.886,-0.196,-0.149,-0.0,1.0006,77,1.004,0.87,138.82,14.23
4277,142.919,0.0,0.022,-0.0039,1.0001,80,1.297,0.81,139.85,14.89
4278,142.952,0.041,0.025,0.0067,1.0001,23,2.308,0.79,142.01,15.9
4279,142.986,0.027,0.015,-0.0007,1.0,92,1.483,0.83,143.24,16.86
4280,143.019,-0.088,0.051,-0.01,1.0002,36,2.915,0.74,146.02,18.1
4281,143.053,0.105,-0.138,0.0114,1.0,13,3.411,0.72,149.41,18.77
4282,143.086,-0.034,0.016,-0.0042,1.0,8,2.362,0.77,151.76,19.25
4283,143.119,-0.038,-0.007,-0.4798,1.0,9,4.774,0.67,156.53,19.87
4284,143.153,0.008,0.023,-2.805,1.0,6,4.018,0.79,160.55,20.46
4285,143.186,-0.012,-0.0,2.3553,1.0,11,2.483,0.85,163.02,20.11
4286,143.22,31.972,0.514,-0.153,1.0006,23,2.676,0.85,165.67,19.65
4287,143.253,0.161,-0.055,0.0096,1.0001,45,1.507,0.87,167.15,19.11
4288,143.286,0.297,-0.265,0.0108,1.0005,31,1.869,0.86,169.0,18.29
4289,143.32,-0.068,0.154,-0.0281,1.0,23,1.529,0.88,170.12,17.22
4290,143.353,-0.129,0.094,-0.0051,1.0,60,1.127,0.89,170.19,16.29
4291,143.387,-0.03,-0.011,-0.0059,1.0001,107,0.567,0.93,170.65,15.86
4292,143.42,0.037,-0.024,0.007,1.0,97,0.726,0.96,170.59,15.2
4293,143.454,-0.076,-0.275,0.0031,1.0006,55,1.288,0.93,170.23,14.27
4294,143.487,-0.243,-0.324,-0.0115,1.0005,77,1.064,0.98,169.42,13.62
4295,143.52,-0.208,-0.279,-0.0087,1.0005,38,1.687,0.99,168.02,12.95
4296,143.554,0.285,-0.381,0.0294,1.0003,41,1.923,1.05,166.34,12.66
4297,143.587,-0.093,0.303,-0.0201,0.9997,33,2.329,1.13,164.56,12.95
4298,143.621,-0.09,-0.056,-0.0121,1.0002,86,2.498,1.15,162.55,13.8
4299,143.654,-0.091,0.209,-0.0188,0.9999,75,2.625,1.16,160.65,14.98
4300,143.687,-0.285,-0.066,-0.0125,1.0003,75,2.15,1.25,159.44,16.47
4301,143.721,-0.285,0.05,-0.0227,1.0001,92,2.792,1.42,157.5,18.37
4302,143.754,-0.199,0.262,-0.0204,0.9998,58,3.942,1.56,154.86,20.25
4303,143.788,18.742,0.392,0.2908,0.9976,127,3.016,1.65,154.27,22.81
4304,143.821,-0.019,0.168,-0.0082,0.9997,95,2.95,1.87,153.38,25.48
4305,143.855,18.99,2.425,0.4557,0.9906,71,4.795,2.6,151.51,28.27
4306,143.888,18.095,4.707,0.468,0.9867,46,5.005,3.21,150.58,30.82
4307,143.921,17.636,-3.19,0.3793,1.0006,34,4.415,3.22,149.48,32.96
4308,143.955,22.362,4.75,0.6392,0.9874,38,5.741,3.24,147.76,36.05
4309,143.988,20.485,0.925,0.2917,0.9981,62,7.227,3.48,146.13,38.62
4310,144.022,20.196,2.335,0.4544,0.9899,51,6.139,5.01,145.11,40.14
4311,144.055,20.803,2.473,0.3786,0.9895,66,5.424,5.23,144.66,42.11
4312,144.088,20.929,-1.235,0.1522,1.0022,63,7.522,4.89,143.47,44.49
4313,144.122,20.269,-3.724,0.2651,0.9974,77,7.848,5.67,141.68,46.33
4314,144.155,21.936,1.521,0.4314,0.9887,84,7.01,4.57,139.45,48.09
4315,144.189,21.265,-0.149,0.3889,0.989,41,7.508,4.83,137.78,50.2
4316,144.222,22.572,0.158,0.4513,0.9877,53,8.603,9.62,136.52,52.28
4317,144.256,21.163,3.22,0.3071,0.9871,62,7.992,6.78,135.47,54.06
4318,144.289,19.586,4.252,0.1342,0.9866,79,7.539,8.65,133.76,55.93
4319,144.322,19.074,3.274,0.2879,0.9876,110,7.746,15.69,132.55,57.46
4320,144.356,18.166,2.679,0.2678,0.9881,102,7.861,21.43,131.61,58.78
4321,144.389,17.305,2.52,0.237,0.9887,105,7.234,20.68,130.54,60.05
4322,144.423,18.12,1.809,0.3622,0.9904,106,7.583,31.44,129.42,61.27
4323,144.456,16.026,0.856,0.3197,0.9917,121,7.522,32.42,128.74,62.34
4324,144.489,14.913,0.162,0.2893,0.992,105,7.338,24.75,128.1,63.19
4325,144.523,14.091,0.038,0.2504,0.9927,114,7.013,39.98,127.38,63.76
4326,144.556,14.441,0.938,0.258,0.9923,133,6.79,39.28,126.42,64.24
4327,144.59,13.406,0.589,0.2422,0.9935,144,6.407,46.33,124.96,64.41
4328,144.623,11.729,-0.635,0.2184,0.9955,151,6.33,25.89,123.4,64.77
4329,144.657,11.167,-1.668,0.2054,0.997,143,6.416,26.98,121.46,64.68
4330,144.69,11.501,-0.387,0.2174,0.9955,146,6.047,49.19,119.57,64.44
4331,144.723,10.845,0.65,0.1839,0.9953,167,5.846,55.8,118.03,64.38
4332,144.757,10.541,0.281,0.1908,0.9958,149,5.961,71.98,116.25,64.33
4333,144.79,9.49,0.568,0.1926,0.9956,140,5.733,79.21,114.65,63.8
4334,144.824,10.194,0.234,0.1994,0.9967,139,6.147,70.02,113.37,63.3
4335,144.857,10.641,0.526,0.2121,0.997,152,6.382,64.21,112.04,63.08
4336,144.89,10.553,-0.004,0.2413,0.9979,151,6.639,66.95,109.93,62.17
4337,144.924,10.236,-0.306,0.23,0.9983,166,6.026,65.65,108.72,61.95
4338,144.957,9.75,-0.943,0.2097,0.9987,160,5.54,61.75,107.8,61.49
4339,144.991,9.533,-0.626,0.1726,0.9984,174,5.447,62.05,106.91,61.07
4340,145.024,10.048,-0.408,0.1678,0.9979,149,5.856,63.77,105.62,60.49
4341,145.058,9.813,-1.355,0.1726,0.9987,159,5.844,67.2,104.21,60.05
4342,145.091,9.666,-2.153,0.1823,0.9995,151,5.679,66.08,103.37,59.54
4343,145.124,9.533,-2.004,0.1655,0.9993,141,5.546,55.07,102.6,59.09
4344,145.158,9.215,-1.531,0.141,0.9987,158,5.256,48.18,101.79,58.74
4345,145.191,9.553,-2.167,0.1854,0.9991,163,5.32,56.5,100.99,58.45
4346,145.225,8.429,-2.681,0.1441,0.9999,198,5.151,66.84,100.6,58.28
4347,145.258,8.323,-2.403,0.1349,0.999,190,4.9,65.11,100.6,58.3
4348,145.291,8.41,-3.0,0.1943,0.9989,172,4.967,57.38,100.59,58.34
4349,145.325,7.243,-3.171,0.1494,0.9982,177,5.007,64.77,100.52,58.25
4350,145.358,6.773,-3.821,0.1513,0.9982,171,5.333,72.34,100.32,58.45
4351,145.392,5.831,-4.812,0.1418,0.9989,133,5.663,65.57,100.05,58.57
4352,145.425,4.746,-6.75,0.14,1.0005,169,6.121,60.22,99.54,58.78
4353,145.459,3.808,-7.681,0.1333,1.0008,167,6.459,62.44,98.75,58.98
4354,145.492,2.954,-8.834,0.1623,1.0015,164,6.715,54.01,97.81,59.23
4355,145.525,1.783,-9.676,0.1207,1.0029,168,6.926,41.15,96.75,59.52
4356,145.559,-0.001,-11.004,0.105,1.0067,141,7.092,38.08,95.55,59.76
4357,145.592,0.723,-10.336,0.1032,1.004,170,7.201,56.33,94.35,60.02
4358,145.626,0.96,-10.396,0.138,1.0029,177,7.16,47.93,93.12,60.32
4359,145.659,-0.012,-11.969,0.1479,1.0053,165,7.456,31.67,91.79,60.53
4360,145.692,-0.608,-13.576,0.1348,1.0065,141,7.566,29.0,90.18,60.39
4361,145.726,-0.382,-14.269,0.1565,1.0064,153,8.137,27.36,88.53,60.47
4362,145.759,-2.001,-15.414,0.0513,1.0108,141,8.025,23.87,86.75,60.19
4363,145.793,-2.762,-16.589,0.0989,1.0123,143,8.39,22.05,84.83,59.79
4364,145.826,-2.492,-17.411,0.1441,1.0111,164,8.649,20.51,82.52,59.07
4365,145.86,-3.138,-17.605,0.0458,1.0124,170,8.786,20.15,80.06,58.19
4366,145.893,-3.712,-17.84,0.0083,1.0131,163,8.645,20.4,77.51,56.78
4367,145.926,-5.981,-17.939,-0.199,1.0203,123,7.721,20.62,75.47,54.89
4368,145.96,-5.153,-18.287,-0.1817,1.0189,116,7.79,20.18,73.11,53.58
4369,145.993,-4.065,-20.227,0.0994,1.0167,117,7.723,17.79,70.76,51.79
4370,146.027,-4.002,-20.161,0.0923,1.0167,102,7.567,14.26,68.63,49.96
4371,146.06,1.25,-11.546,0.1765,1.0011,60,8.15,11.12,66.51,48.09
4372,146.093,0.153,-12.306,0.1243,1.0033,79,6.948,8.21,65.1,46.84
4373,146.127,0.237,-11.023,0.065,1.002,106,6.225,6.7,64.23,46.08
4374,146.16,-0.035,-12.323,0.1075,1.0042,114,5.909,7.03,62.31,43.81
4375,146.194,0.578,-12.562,0.1998,1.0039,107,5.935,8.07,60.82,40.99
4376,146.227,-1.068,-13.002,0.0687,1.0062,137,4.683,6.09,60.5,40.65
4377,146.26,-0.763,-14.151,0.1676,1.006,109,5.032,6.87,60.31,41.71
4378,146.294,-0.719,-12.069,0.0915,1.0051,128,4.345,7.75,58.9,41.07
4379,146.327,-0.43,-11.271,0.0997,1.0044,88,4.782,8.62,60.16,42.65
4380,146.361,0.201,-10.853,0.109,1.0035,98,5.129,11.4,62.14,42.94
4381,146.394,0.129,-10.807,0.1141,1.0042,82,4.896,10.14,63.68,43.63
4382,146.428,0.362,-10.478,0.1151,1.0035,94,4.861,6.69,65.56,43.65
4383,146.461,-0.43,-11.354,0.0947,1.0045,143,4.36,5.96,66.84,43.5
4384,146.494,-1.691,-12.742,0.0516,1.0071,180,4.063,5.98,67.23,43.27
4385,146.528,-1.162,-11.555,0.008,1.0059,206,4.318,6.13,68.03,43.04
4386,146.561,-1.439,-11.278,-0.0119,1.0064,228,4.065,5.81,68.56,42.65
4387,146.595,-2.077,-12.391,0.0242,1.0084,241,3.935,5.54,68.32,42.18
4388,146.628,-1.138,-12.563,-0.0161,1.0042,203,5.64,6.28,68.29,41.08
4389,146.661,-0.859,-8.431,0.0154,1.0052,209,3.239,6.62,68.24,40.72
4390,146.695,-0.634,-6.963,0.0175,1.0035,183,2.863,6.37,68.25,40.44
4391,146.728,-0.452,-5.676,-0.0229,1.0027,169,2.679,6.3,68.21,40.19
4392,146.762,-0.051,-4.697,-0.0078,1.0021,162,2.324,7.41,68.48,40.05
4393,146.795,0.42,-3.739,0.0178,1.002,102,2.383,9.53,69.31,40.14
4394,146.829,0.097,-3.087,-0.0115,1.002,79,2.067,10.27,69.96,40.19
4395,146.862,0.212,-2.386,-0.0333,1.0017,74,1.942,10.96,70.6,40.08
4396,146.895,0.793,-0.852,-0.0563,0.9998,84,1.734,13.71,71.15,40.32
4397,146.929,1.068,0.281,-0.0548,0.9991,74,1.346,12.94,71.71,40.59
4398,146.962,1.147,0.961,-0.0671,0.9987,103,1.857,13.36,72.89,41.15
4399,146.996,0.479,0.301,-0.0921,0.9991,104,0.912,13.23,73.1,41.26
4400,147.029,0.255,-0.068,-0.0334,0.9995,112,0.969,14.11,73.62,41.47
4401,147.062,1.494,1.313,-0.0156,0.9983,106,2.2,10.16,75.16,42.12
4402,147.096,0.85,0.657,-0.0375,0.9989,151,1.242,16.97,75.72,42.35
4403,147.129,-0.152,0.048,-0.0275,0.9997,87,0.178,16.94,75.71,42.34
4404,147.163,-0.072,1.36,-0.0493,0.9984,95,0.712,16.25,75.85,42.46
4405,147.196,0.303,3.131,-0.0934,0.9969,81,2.231,13.11,77.05,43.14
4406,147.23,-0.136,4.011,-0.1481,0.9968,126,2.1,12.13,77.85,43.37
4407,147.263,-0.471,4.44,-0.1816,0.9968,136,2.224,12.01,78.69,43.9
4408,147.296,0.284,4.751,-0.1554,0.9959,122,2.231,10.83,79.61,44.39
4409,147.33,0.397,4.443,-0.1536,0.9968,128,2.524,9.6,80.85,44.95
4410,147.363,0.504,2.995,-0.0488,0.9976,165,1.796,12.6,81.55,45.24
4411,147.397,0.204,2.999,-0.0549,0.9978,142,1.661,12.73,81.99,45.44
4412,147.43,0.581,4.564,-0.0767,0.9965,130,2.186,10.3,82.52,45.78
4413,147.463,0.634,4.872,-0.0793,0.9967,151,2.371,10.43,82.96,46.08
4414,147.497,0.092,4.262,-0.1003,0.9975,147,2.122,11.45,83.33,46.29
4415,147.53,-0.374,4.01,-0.087,0.9975,131,2.18,13.17,83.72,46.5
4416,147.564,-0.679,4.75,-0.1044,0.9972,147,2.6,13.11,83.99,46.64
4417,147.597,-0.869,6.171,-0.1458,0.9956,115,3.104,13.18,84.42,46.86
4418,147.631,-1.446,7.0,-0.1748,0.9957,162,3.817,12.18,85.11,47.22
4419,147.664,-1.688,8.37,-0.1711,0.9942,181,4.195,11.02,85.73,47.47
4420,147.697,-2.686,8.161,-0.1783,0.9954,197,4.527,10.05,86.3,47.63
4421,147.731,-3.295,7.895,-0.1337,0.9962,196,4.906,9.05,86.84,47.72
4422,147.764,-3.646,8.357,-0.0843,0.9946,163,4.989,7.48,87.53,47.75
4423,147.798,-5.04,7.523,-0.0972,0.9958,281,5.303,7.31,87.86,47.58
4424,147.831,-6.972,6.768,-0.1797,0.997,231,5.734,10.22,88.71,47.49
4425,147.864,-7.346,7.766,-0.2117,0.9955,165,6.198,7.85,90.24,47.45
4426,147.898,-6.228,7.543,-0.0308,0.9953,219,6.409,7.19,91.44,47.29
4427,147.931,-7.148,7.363,-0.0767,0.9963,275,6.465,7.83,92.41,47.15
4428,147.965,-7.481,6.549,-0.0617,0.9965,229,6.667,9.75,93.53,47.03
4429,147.998,-7.795,7.055,-0.0737,0.9969,244,6.864,7.52,94.42,47.15
4430,148.032,-5.992,6.95,-0.0411,0.997,200,6.552,7.32,95.75,47.65
4431,148.065,-6.146,6.877,-0.1057,0.9969,228,5.866,7.89,96.82,47.96
4432,148.098,-5.677,6.657,-0.0937,0.9974,224,5.878,8.06,98.45,48.71
4433,148.132,-5.25,7.303,-0.137,0.9966,208,5.486,8.25,99.91,49.36
4434,148.165,-4.041,6.93,-0.1019,0.9968,178,4.908,7.88,101.19,49.98
4435,148.199,-3.538,7.591,-0.1439,0.9959,165,4.752,8.45,102.57,50.74
4436,148.232,-2.532,6.947,-0.0874,0.997,188,4.569,9.37,103.82,51.54
4437,148.265,-1.31,6.991,-0.088,0.996,167,4.158,13.33,105.02,52.86
4438,148.299,4.824,9.076,0.0413,0.9933,121,5.618,9.39,106.92,54.59
4439,148.332,10.447,10.469,0.1688,0.9908,130,8.316,6.4,108.8,56.21
4440,148.366,12.586,7.983,0.1517,0.9946,237,9.424,7.53,110.43,57.06
4441,148.399,12.554,4.897,0.1998,0.9974,110,9.418,10.13,110.37,57.58
4442,148.433,14.56,2.16,0.3841,0.9992,148,13.867,11.93,105.72,58.13
4443,148.466,15.426,1.512,0.4075,1.0017,101,28.49,10.12,95.9,54.52
4444,148.499,18.737,2.126,0.464,1.0016,28,35.082,7.23,97.07,50.11
4445,148.533,0.037,0.135,0.8504,1.0,7,31.524,3.46,96.92,44.83
4446,148.566,0.176,-0.063,-0.4595,1.0,5,24.185,1.99,93.75,36.91
4447,148.6,34.009,-32.222,2.2548,1.004,23,14.725,1.67,94.2,32.88
4448,148.633,0.163,-0.113,0.0143,0.9997,25,6.674,1.72,97.34,29.95
4449,148.666,28.635,-0.161,1.0832,0.9925,22,5.476,1.65,99.66,31.13
4450,148.7,30.293,1.567,1.0882,0.9954,86,5.178,1.78,100.96,31.92
4451,148.733,26.398,-15.098,0.8783,1.0234,54,5.164,1.84,100.63,32.77
4452,148.767,24.071,5.449,0.7605,0.9906,66,6.227,1.98,101.61,33.72
4453,148.8,25.548,5.56,1.0206,0.9908,52,6.994,2.17,103.15,34.57
4454,148.834,21.579,-4.675,0.964,1.0049,36,6.926,2.43,104.6,35.51
4455,148.867,22.171,-3.589,0.9877,1.001,137,7.243,2.74,106.59,36.48
4456,148.9,18.31,-0.274,0.679,0.9996,69,7.039,2.75,108.36,37.69
4457,148.934,15.175,0.782,0.3344,0.9981,103,7.881,3.33,110.99,38.94
4458,148.967,15.602,0.483,0.6484,0.9973,53,8.028,4.31,113.19,40.47
4459,149.001,17.029,-0.241,0.9184,1.0,71,7.884,9.11,115.11,42.4
4460,149.034,16.063,1.408,0.842,0.9976,53,8.675,6.78,117.62,44.29
4461,149.067,15.301,1.804,0.6279,1.001,63,9.224,5.66,120.51,46.23
4462,149.101,13.362,0.845,0.5713,1.0019,81,8.699,7.85,122.39,48.02
4463,149.134,13.438,-0.653,0.6105,1.0054,71,8.963,7.0,124.26,49.65
4464,149.168,14.985,2.802,0.7333,0.9974,44,9.302,4.57,126.17,50.97
4465,149.201,11.935,2.233,0.3653,0.9999,54,9.147,7.37,126.93,52.71
4466,149.234,15.98,0.092,1.0431,1.0008,53,9.602,7.58,128.25,54.11
4467,149.268,12.438,0.155,0.4539,1.0045,65,10.298,11.08,130.07,55.39
4468,149.301,9.667,-0.808,0.3418,1.0051,72,10.283,15.58,130.99,56.91
4469,149.335,10.38,-1.805,0.4244,1.0077,37,10.88,6.16,131.95,58.44
4470,149.368,12.605,-0.178,0.4355,1.0072,56,11.673,5.15,133.41,59.97
4471,149.402,10.665,-0.7,0.28,1.0077,50,11.876,7.74,134.34,62.2
4472,149.435,8.599,-2.122,0.2206,1.0079,45,11.05,7.86,136.6,62.96
4473,149.468,7.174,-2.107,-0.0212,1.0036,54,8.862,8.43,140.05,62.35
4474,149.502,7.927,-3.284,0.1739,1.01,52,8.113,7.81,143.25,62.13
4475,149.535,11.339,3.407,0.164,0.9985,46,9.11,4.86,149.44,61.06
4476,149.569,10.887,4.189,-0.0602,1.0009,63,10.329,6.9,155.37,60.05
4477,149.602,10.97,-1.081,0.2575,1.005,69,10.471,10.12,160.93,58.86
4478,149.635,9.36,-1.903,0.2828,1.006,67,10.657,16.9,167.02,56.52
4479,149.669,10.634,-1.148,0.3145,1.0037,52,11.49,12.57,174.27,52.4
4480,149.702,12.003,-3.136,0.3743,1.0048,58,11.858,6.1,181.51,47.63
4481,149.736,9.572,-5.501,0.2133,1.0059,71,10.579,11.46,187.56,42.46
4482,149.769,8.893,-8.973,0.3835,1.0095,88,8.144,15.18,190.75,37.72
4483,149.803,10.356,-8.246,0.4451,1.0087,55,8.097,4.59,192.18,33.82
4484,149.836,11.72,-1.44,0.0788,1.0026,75,6.223,9.61,192.68,32.54
4485,149.869,12.818,0.06,0.1155,1.0051,46,5.868,3.91,191.64,32.15
4486,149.903,15.255,0.886,0.2199,1.005,64,6.1,3.56,191.17,31.91
4487,149.936,16.418,-2.492,0.5533,1.0075,48,6.254,7.97,190.1,32.44
4488,149.97,14.476,-3.913,0.3959,1.0083,60,6.937,10.6,188.04,32.89
4489,150.003,17.216,-4.974,0.5885,1.0082,44,6.355,10.2,187.39,32.95
4490,150.036,17.698,-6.084,0.4653,1.0106,28,6.924,3.13,186.57,32.47
4491,150.07,15.269,-5.897,0.4135,1.0091,38,4.202,3.78,187.93,30.52
4492,150.103,15.733,-4.573,0.3884,1.0119,27,4.285,6.29,189.45,27.42
4493,150.137,19.409,-5.83,0.5917,1.014,16,4.531,5.08,191.46,23.02
4494,150.17,17.154,-5.336,0.4412,1.0118,15,4.398,3.05,193.06,18.93
4495,150.204,-0.111,1.385,-0.5127,1.0,8,3.121,1.64,194.31,14.7
4496,150.237,-0.177,0.689,0.0,1.0,1,1.859,0.94,195.47,11.04
4497,150.27,0.187,-0.146,0.0,1.0,1,1.439,0.6,195.68,10.92
4498,150.304,0.009,-0.032,0.001,1.0,19,0.958,0.55,195.02,11.01
4499,150.337,-0.038,0.036,-0.0035,1.0,25,0.458,0.55,194.93,11.61
4500,150.371,0.005,-0.038,0.0001,1.0,8,1.561,0.5,194.18,12.7
4501,150.404,0.111,0.023,-0.0009,1.0,19,0.388,0.51,193.91,12.89
4502,150.437,0.047,0.018,-0.0004,1.0,26,0.642,0.57,193.77,13.67
4503,150.471,0.14,-0.011,0.0129,1.0,44,0.859,0.59,193.52,14.53
4504,150.504,0.045,-0.03,0.0094,1.0,39,1.081,0.59,192.85,15.28
4505,150.538,-0.065,0.045,-0.0134,1.0,57,0.372,0.63,192.62,15.7
4506,150.571,0.164,-0.102,0.0289,0.9999,37,0.81,1.81,192.37,16.69
4507,150.605,-0.506,-1.329,0.0,1.0,0,0.648,2.84,192.31,17.37
4508,150.638,30.931,0.132,1.0101,1.0011,15,0.92,2.59,192.38,18.0
4509,150.671,27.344,-1.291,0.6777,1.0034,17,1.334,2.68,191.63,18.78
4510,150.705,30.2,-2.587,0.9273,1.006,18,1.942,3.02,190.91,21.46
4511,150.738,22.745,0.825,0.2052,1.0032,20,2.681,3.13,189.62,26.55
4512,150.772,46.426,-8.174,2.0309,1.0127,18,4.768,3.39,186.35,32.59
4513,150.805,25.944,-3.486,0.3849,1.0098,18,7.908,4.43,182.09,38.53
4514,150.838,37.086,-11.761,1.2817,1.0189,26,10.641,5.93,175.9,43.67
4515,150.872,27.473,-8.888,0.4843,1.0186,30,12.56,7.02,170.85,46.49
4516,150.905,27.14,-10.037,0.4461,1.0214,40,13.1,7.37,165.96,48.43
4517,150.939,27.932,3.63,0.4429,0.9888,37,13.965,7.04,160.44,50.02
4518,150.972,27.338,3.383,0.3973,0.9893,36,15.042,6.72,154.08,51.12
4519,151.006,28.192,3.269,0.4554,0.9896,47,15.532,7.49,147.99,51.61
4520,151.039,25.655,-0.881,0.2723,1.0003,36,16.036,8.32,142.08,51.37
4521,151.072,24.509,-0.88,0.1633,1.0016,41,17.878,6.92,134.76,50.59
4522,151.106,26.511,0.365,0.3628,0.9973,37,20.002,5.51,125.8,49.92
4523,151.139,25.087,-0.543,0.1056,1.0007,63,22.575,6.03,114.72,48.7
4524,151.173,23.819,-2.281,0.1137,1.0034,60,23.045,9.53,103.48,45.98
4525,151.206,23.324,-1.959,0.0664,1.0022,40,24.261,7.9,93.26,40.08
4526,151.239,22.581,-3.391,0.0963,1.0052,27,21.737,7.77,89.45,37.8
4527,151.273,23.397,-6.74,0.396,1.0109,19,17.811,6.18,93.35,38.27
4528,151.306,22.734,0.468,-0.1082,0.9998,28,15.429,5.1,98.75,40.0
4529,151.34,22.104,-4.474,0.1635,1.0079,39,16.528,4.76,104.5,42.77
4530,151.373,19.183,1.102,-0.4391,1.005,35,17.602,5.3,107.19,44.87
4531,151.407,26.051,-1.083,0.1928,0.9994,35,19.356,5.19,106.67,46.58
4532,151.44,22.375,-5.397,0.3001,1.0112,28,20.936,5.18,104.52,48.77
4533,151.473,17.362,-3.251,0.0421,1.0125,20,21.276,5.98,102.76,51.72
4534,151.507,27.289,-7.352,0.4798,1.0061,35,20.876,6.63,100.66,53.32
4535,151.54,26.449,-10.226,0.6067,1.0139,34,20.887,6.97,98.63,54.43
4536,151.574,26.979,-4.692,0.7909,1.0131,42,21.118,6.67,96.18,55.01
4537,151.607,25.461,-3.805,0.6653,1.0088,48,21.423,6.57,93.15,55.46
4538,151.64,23.215,-1.578,0.2782,1.0001,48,21.44,7.53,90.12,55.81
4539,151.674,23.94,-6.426,0.5666,1.0126,29,21.509,8.45,87.5,56.02
4540,151.707,20.782,-3.325,0.0871,1.0027,25,20.508,9.26,85.87,56.06
4541,151.741,20.811,-2.04,0.2824,0.9979,43,18.768,11.65,85.34,56.38
4542,151.774,20.276,-1.5,0.3013,0.9968,37,16.873,13.07,85.93,57.0
4543,151.808,17.25,-1.412,-0.1086,0.9981,30,15.306,14.58,87.34,57.81
4544,151.841,17.049,-2.156,0.1706,0.9989,41,14.363,16.41,88.65,58.57
4545,151.874,15.943,-2.381,0.2271,0.9995,35,12.609,16.19,88.74,59.02
4546,151.908,13.983,-1.814,-0.0277,0.9992,31,11.079,11.23,87.66,58.85
4547,151.941,14.101,-2.219,0.1901,0.9991,29,9.957,11.74,86.28,58.69
4548,151.975,12.074,-2.564,0.1381,1.0008,39,9.192,7.43,85.03,58.77
4549,152.008,10.573,-3.444,0.2246,1.0025,30,7.916,18.37,82.14,57.51
4550,152.041,9.542,-3.471,0.1903,1.0017,48,7.662,36.07,80.92,58.03
4551,152.075,9.088,-2.697,0.2993,0.9998,46,5.579,21.7,79.92,57.7
4552,152.108,7.401,-2.172,0.1682,0.9991,33,4.449,13.73,78.74,56.68
4553,152.142,7.844,-2.508,0.2221,1.0005,64,4.087,10.56,77.61,55.74
4554,152.175,5.444,-2.488,0.039,1.0026,77,4.542,17.6,76.8,55.05
4555,152.208,5.58,-2.491,0.0832,1.0027,81,5.262,27.23,76.21,53.84
4556,152.242,5.53,-2.775,0.1925,1.003,41,6.019,18.74,77.32,52.81
4557,152.275,4.83,-3.666,0.2145,1.0044,35,5.858,26.42,78.28,51.71
4558,152.309,3.518,-3.553,0.1647,1.0052,55,5.048,32.03,77.99,50.37
4559,152.342,2.487,-2.886,0.0837,1.0039,46,5.112,30.46,78.62,49.47
4560,152.376,2.248,-4.065,0.1866,1.0062,56,5.244,32.71,79.88,48.78
4561,152.409,1.675,-2.692,0.1069,1.0044,52,3.718,46.57,79.26,47.87
4562,152.442,0.673,-1.657,0.0238,1.0043,111,3.407,32.85,79.08,47.25
4563,152.476,-0.036,-0.903,0.0226,1.0035,120,2.802,35.31,78.98,46.79
4564,152.509,-0.842,-1.432,0.0266,1.0043,119,2.449,37.98,78.69,46.38
4565,152.543,-1.539,-1.483,-0.0061,1.0045,120,2.944,35.42,78.73,46.0
4566,152.576,-1.714,-0.674,-0.0337,1.0045,115,3.06,23.63,78.82,45.65
4567,152.609,-2.236,-0.491,-0.049,1.0046,99,3.538,28.64,78.66,45.39
4568,152.643,-3.38,-1.337,-0.0639,1.0054,100,3.629,28.28,78.42,45.09
4569,152.676,-4.682,-0.982,-0.1149,1.0059,103,4.078,21.76,78.57,45.14
4570,152.71,-5.213,-0.421,-0.1466,1.0055,88,4.117,21.56,78.83,45.26
4571,152.743,-5.608,-0.365,-0.1506,1.006,100,4.275,17.67,78.85,45.35
4572,152.777,-6.287,-0.161,-0.182,1.0066,97,4.533,17.39,78.92,45.76
4573,152.81,-6.958,-1.051,-0.0843,1.0077,70,4.464,20.44,79.4,46.37
4574,152.843,-8.74,0.122,-0.2302,1.0063,48,4.432,28.98,80.1,47.22
4575,152.877,-12.106,-0.55,-0.2371,1.0103,37,4.635,27.65,81.03,48.29
4576,152.91,-10.143,-0.649,-0.1217,1.0056,81,4.548,30.81,81.64,49.48
4577,152.944,-12.38,0.456,-0.4728,1.0073,42,4.573,10.82,82.52,50.63
4578,152.977,-12.471,-1.618,-0.3127,1.0058,48,4.568,9.24,83.19,51.38
4579,153.01,-14.027,0.535,-0.3887,1.0034,58,4.654,12.14,83.69,51.92
4580,153.044,-12.846,0.081,-0.3249,1.0052,55,4.466,30.22,83.93,52.34
4581,153.077,-10.003,-0.238,-0.1762,1.0045,149,4.493,15.08,84.48,52.72
4582,153.111,-11.505,-1.311,-0.2247,1.0053,144,4.393,9.15,84.83,52.99
4583,153.144,-11.008,-1.781,-0.178,1.0072,110,4.486,26.43,84.74,53.2
4584,153.178,-7.352,2.572,-0.312,1.0032,98,4.108,9.7,86.14,53.86
4585,153.211,-7.816,2.756,-0.3328,1.0039,101,4.047,22.25,87.45,54.55
4586,153.244,-8.055,1.794,-0.2239,1.0036,96,4.425,24.29,88.57,55.13
4587,153.278,-6.522,1.375,-0.1922,1.0046,122,3.959,19.41,89.76,55.47
4588,153.311,-5.511,1.506,-0.1566,1.004,128,4.045,20.15,91.08,56.02
4589,153.345,-5.907,1.885,-0.1375,1.0025,113,4.152,22.21,92.44,56.66
4590,153.378,-5.138,0.419,-0.0246,1.0058,92,4.211,22.32,93.62,57.16
4591,153.411,-2.862,1.172,-0.0086,1.005,119,4.0,22.77,95.09,57.51
4592,153.445,-4.368,0.123,-0.1122,1.006,119,3.674,19.99,96.18,58.0
4593,153.478,-4.61,-0.757,-0.1006,1.0057,119,3.91,30.48,97.05,58.21
4594,153.512,-3.307,-0.183,0.0191,1.0062,139,3.888,21.09,98.28,58.41
4595,153.545,-2.409,0.552,-0.0015,1.0062,99,3.638,28.3,98.76,58.51
4596,153.579,-2.113,-0.773,0.0584,1.0061,140,2.777,33.68,99.08,58.38
4597,153.612,-2.895,-0.395,0.0717,1.0062,152,3.649,34.65,99.29,58.39
4598,153.645,-3.253,0.755,0.1025,1.0048,130,4.51,23.08,99.37,58.43
4599,153.679,-3.184,1.535,0.0256,1.0058,138,4.121,13.5,99.79,58.44
4600,153.712,-3.577,1.501,-0.0466,1.0052,147,3.943,27.47,99.58,58.42
4601,153.746,-5.743,0.426,0.0153,1.0063,145,4.602,25.47,99.93,58.46
4602,153.779,-6.721,1.637,-0.0301,1.0058,168,5.309,20.06,100.28,58.59
4603,153.812,-7.597,2.217,-0.1244,1.0059,189,5.466,20.73,100.27,58.56
4604,153.846,-9.236,2.713,-0.1715,1.0065,193,6.143,14.13,99.48,58.39
4605,153.879,-10.728,4.367,-0.1961,1.0053,198,6.654,10.97,99.09,58.43
4606,153.913,-10.962,4.941,-0.243,1.0045,172,6.674,11.04,98.79,58.53
4607,153.946,-11.267,4.468,-0.2062,1.0063,196,6.708,9.4,98.61,58.49
4608,153.98,-10.529,4.237,-0.056,1.0077,178,6.872,7.63,99.01,58.73
4609,154.013,-10.813,3.187,-0.2002,1.0096,149,6.374,22.34,98.58,58.8
4610,154.046,-9.439,2.957,-0.1502,1.0057,176,6.389,28.09,98.35,59.07
4611,154.08,-9.161,2.632,-0.0134,1.0042,152,6.088,20.62,98.35,59.05
4612,154.113,-12.062,2.369,-0.0687,1.0075,154,7.074,14.1,98.08,59.12
4613,154.147,-11.696,3.909,-0.0547,1.0056,172,7.003,7.13,97.89,59.23
4614,154.18,-10.998,4.496,-0.0658,1.0065,172,6.844,6.22,97.97,59.58
4615,154.213,-9.879,3.979,0.0837,1.0049,168,6.576,9.48,97.95,59.77
4616,154.247,-11.543,0.57,0.1452,1.01,169,6.853,14.19,97.93,60.15
4617,154.28,-9.646,1.367,0.5226,1.0031,176,7.42,13.73,96.91,60.26
4618,154.314,-11.296,2.271,0.4485,1.0055,136,7.33,5.56,96.45,60.18
4619,154.347,-13.326,2.776,0.0831,1.0102,142,7.137,5.28,96.37,60.45
4620,154.381,-11.481,3.1,0.3356,1.0059,136,6.905,4.99,96.08,60.54
4621,154.414,-14.993,2.23,-0.0096,1.0098,165,6.999,9.55,95.57,60.49
4622,154.447,-15.764,1.191,-0.0682,1.0108,172,6.936,10.36,95.16,60.28
4623,154.481,-13.389,1.924,0.2754,1.007,145,6.997,5.94,94.7,59.89
4624,154.514,-14.127,2.279,0.0768,1.0104,158,6.687,5.26,94.71,59.93
4625,154.548,-15.162,2.006,-0.0507,1.0138,144,6.435,4.86,94.33,59.63
4626,154.581,-14.611,2.12,-0.0046,1.0118,116,6.118,5.55,93.99,59.4
4627,154.614,-14.225,3.188,0.0578,1.0075,102,6.254,4.58,93.33,58.95
4628,154.648,-13.981,1.648,0.1547,1.0157,96,5.98,3.86,93.37,58.74
4629,154.681,-10.054,5.876,0.2605,1.0026,156,5.43,3.47,93.22,58.46
4630,154.715,-12.507,1.941,0.1748,1.0105,138,5.083,6.76,93.0,58.23
4631,154.748,-12.35,2.269,0.2453,1.0091,197,5.205,4.84,92.78,57.86
4632,154.781,-9.784,5.586,0.3183,1.0005,187,5.207,4.23,92.61,57.48
4633,154.815,-9.546,4.921,0.3477,1.0032,180,5.08,4.0,92.91,57.32
4634,154.848,-8.987,2.358,0.4238,1.0081,168,4.685,3.94,93.12,57.34
4635,154.882,-11.158,6.353,-0.0081,1.0,182,4.676,5.22,92.43,57.19
4636,154.915,-9.361,2.629,0.3778,1.0055,219,4.426,5.39,92.27,57.17
4637,154.949,-10.187,4.208,0.2493,1.0018,222,4.604,6.43,91.62,56.67
4638,154.982,-9.301,2.53,0.3578,1.0045,214,4.301,6.29,91.32,56.36
4639,155.015,-10.918,2.915,0.3669,1.0044,189,4.253,10.5,90.51,55.61
4640,155.049,-12.25,2.367,0.1456,1.004,197,4.087,18.34,89.5,54.59
4641,155.082,-8.882,-2.077,0.6944,1.0108,123,3.688,10.45,88.77,53.42
4642,155.116,-11.308,1.528,0.3522,1.0038,153,3.962,9.41,87.49,51.69
4643,155.149,-11.628,2.638,-0.1084,1.0029,155,3.54,10.29,86.21,50.39
4644,155.182,-7.314,-0.445,0.3902,1.0071,92,3.149,19.46,85.68,49.03
4645,155.216,-10.151,-0.292,-0.0635,1.0038,87,2.715,13.41,85.3,47.84
4646,155.249,-4.185,-1.05,0.1201,1.0038,66,2.07,16.15,85.13,47.12
4647,155.283,-2.213,2.269,-0.1069,0.9997,65,1.682,11.13,85.39,46.87
4648,155.316,-0.837,2.243,-0.0671,1.0001,90,1.345,9.88,85.9,46.92
4649,155.35,-0.301,2.018,-0.0161,0.9996,80,1.177,12.99,86.44,46.99
4650,155.383,1.243,0.61,0.0472,0.9997,67,1.048,20.11,86.92,47.16
4651,155.416,1.041,0.277,-0.0407,0.9988,65,0.966,17.88,87.29,47.31
4652,155.45,1.642,1.397,-0.0394,0.9975,64,1.797,10.91,88.27,47.83
4653,155.483,3.462,1.682,0.0284,0.9972,74,2.606,11.9,89.72,48.53
4654,155.517,4.278,-0.031,0.074,0.998,63,2.442,14.51,91.3,49.32
4655,155.55,7.033,-1.168,0.0434,0.9972,80,3.046,16.71,92.46,50.42
4656,155.583,7.793,-2.601,0.073,0.9989,57,3.708,13.22,93.9,51.73
4657,155.617,8.358,-3.414,0.0462,0.9985,118,3.734,11.53,95.03,53.21
4658,155.65,7.466,-4.441,-0.0573,0.9994,141,3.757,9.59,95.63,54.32
4659,155.684,9.235,-6.319,0.2006,1.0001,97,3.733,3.65,96.35,55.51
4660,155.717,6.184,-7.982,-0.1024,0.9986,126,3.959,3.78,96.17,56.4
4661,155.751,8.283,-10.139,0.0895,1.0033,100,3.956,4.02,95.55,57.16
4662,155.784,6.866,-7.925,-0.1783,0.9996,143,3.88,4.09,94.83,57.63
4663,155.817,7.592,-9.781,-0.0396,1.0001,252,4.471,3.66,93.86,57.89
4664,155.851,5.608,-10.69,-0.2342,1.0019,210,4.661,3.13,92.71,57.99
4665,155.884,8.595,-8.89,-0.0169,0.9982,157,4.792,4.18,91.58,58.01
4666,155.918,8.01,-6.882,-0.1553,0.9992,260,4.693,4.19,91.3,58.08
4667,155.951,8.325,-8.075,-0.0333,1.0002,184,4.647,3.36,90.96,57.81
4668,155.984,8.208,-9.808,0.0115,0.9991,212,4.854,3.44,90.33,57.41
4669,156.018,6.573,-13.23,0.0418,1.0064,201,5.033,3.31,89.48,56.77
4670,156.051,8.885,-9.462,0.035,1.001,150,5.226,2.42,89.03,56.31
4671,156.085,8.553,-8.775,0.0531,0.9998,151,4.786,2.69,88.44,56.04
4672,156.118,7.695,-9.089,0.0018,0.9974,141,5.1,3.41,87.52,55.69
4673,156.152,8.103,-10.151,0.1357,0.9975,148,5.28,3.71,86.61,55.26
4674,156.185,8.262,-9.175,0.1497,0.999,198,5.332,5.21,85.78,54.98
4675,156.218,9.121,-6.833,0.1442,0.9993,131,5.478,10.79,85.68,54.98
4676,156.252,9.653,-6.768,0.0299,0.9984,145,5.438,3.69,85.93,54.92
4677,156.285,9.366,-9.858,0.0607,0.9983,188,5.573,3.58,85.74,54.59
4678,156.319,8.527,-7.807,-0.0084,0.9972,192,5.595,4.19,85.4,54.27
4679,156.352,9.938,-7.627,0.1597,0.9984,191,5.677,4.34,85.3,54.25
4680,156.385,9.936,-8.382,0.1063,0.9961,132,6.132,3.9,85.15,54.03
4681,156.419,8.347,-15.784,0.1795,1.0018,164,6.451,5.89,84.2,53.46
4682,156.452,10.1,-14.067,0.3269,1.001,151,6.755,4.39,83.67,53.04
4683,156.486,10.334,-11.516,0.2301,1.0025,166,6.898,4.97,84.07,53.13
4684,156.519,10.222,-9.156,0.058,0.9993,131,7.142,5.01,84.38,53.33
4685,156.553,9.58,-10.344,0.0334,1.0021,141,7.242,6.19,84.44,53.57
4686,156.586,11.177,-5.012,0.1026,0.9951,149,7.201,6.67,84.76,53.87
4687,156.619,10.631,-5.866,0.1466,0.9963,152,7.089,5.84,84.88,54.15
4688,156.653,8.689,-6.629,0.0979,0.9962,92,6.872,6.15,84.61,54.17
4689,156.686,8.225,-9.039,0.0818,0.9987,119,7.413,5.77,83.97,54.07
4690,156.72,10.156,-5.585,0.1936,0.9942,108,7.377,6.39,83.14,53.55
4691,156.753,9.644,-5.394,0.1736,0.9975,184,7.126,8.68,82.75,53.35
4692,156.786,9.437,-5.132,0.1449,0.998,219,7.12,8.61,82.38,53.29
4693,156.82,9.835,-5.443,0.1868,0.9977,207,7.347,6.45,81.97,53.16
4694,156.853,8.562,-7.068,0.1515,1.0005,205,7.359,6.38,81.33,52.91
4695,156.887,9.322,-4.704,0.2519,0.9967,193,7.259,13.39,81.18,52.58
4696,156.92,8.836,-4.398,0.1966,0.9982,162,7.105,14.59,81.2,52.39
4697,156.954,10.102,-4.563,0.1793,0.9982,229,7.802,12.76,81.48,52.23
4698,156.987,9.219,-6.24,0.0689,1.001,234,8.072,11.51,81.45,51.99
4699,157.02,9.792,-3.316,0.0987,0.9975,221,7.518,9.8,82.19,51.9
4700,157.054,11.442,-1.301,0.1928,0.9959,320,7.06,9.95,82.87,51.98
4701,157.087,12.054,-2.715,0.1705,0.9977,329,7.717,10.37,83.09,51.69
4702,157.121,11.916,-3.67,0.2089,0.9984,350,7.609,13.86,83.2,51.44
4703,157.154,11.909,-4.184,0.2723,0.9984,335,7.483,15.84,83.24,51.13
4704,157.187,12.206,-5.119,0.2655,0.9994,344,7.839,16.38,83.26,50.82
4705,157.221,11.797,-5.683,0.2171,1.0001,343,7.859,13.52,83.28,50.35
4706,157.254,10.863,-6.286,0.2187,1.001,325,7.458,11.89,83.19,49.78
4707,157.288,9.726,-6.76,0.1996,1.0018,339,7.107,10.07,83.0,49.19
4708,157.321,9.092,-6.525,0.1649,1.0014,336,6.813,8.77,82.68,48.62
4709,157.355,7.757,-7.044,0.1255,1.0018,251,6.203,5.97,82.23,48.18
4710,157.388,7.212,-8.227,0.1687,1.003,242,6.147,5.81,81.67,47.66
4711,157.421,7.115,-7.599,0.1615,1.0033,244,5.784,5.49,81.5,47.49
4712,157.455,6.249,-6.013,0.1342,1.0027,233,5.061,5.79,81.23,47.3
4713,157.488,5.692,-4.716,0.1422,1.0033,246,4.405,6.75,81.28,47.33
4714,157.522,4.691,-2.621,0.0898,1.0025,255,3.74,15.71,81.45,47.43
4715,157.555,3.599,-0.192,0.032,1.0017,167,3.116,17.39,81.95,47.64
4716,157.588,2.52,2.095,-0.0245,1.0014,162,3.452,17.61,82.77,47.97
4717,157.622,1.31,3.017,-0.0014,1.0015,169,3.612,22.71,83.76,48.31
4718,157.655,0.092,4.025,-0.0301,1.0012,177,3.707,20.06,84.79,48.63
4719,157.689,0.352,6.509,-0.1307,0.9997,155,4.619,13.95,86.41,49.06
4720,157.722,1.457,7.782,-0.159,0.9985,215,5.222,17.05,88.11,49.58
4721,157.755,-0.193,6.953,-0.1729,1.0003,184,4.925,12.47,89.8,50.1
4722,157.789,-0.052,8.329,-0.0329,0.9996,142,5.281,6.63,92.52,50.76
4723,157.822,-0.602,9.547,-0.1872,1.0,154,5.337,16.48,94.42,51.39
4724,157.856,1.926,11.158,-0.1046,0.9974,210,5.839,15.51,96.24,51.96
4725,157.889,1.057,10.222,-0.1245,0.9992,173,5.595,11.74,97.45,52.48
4726,157.923,1.226,8.285,0.0079,1.0021,222,5.416,24.22,98.2,52.96
4727,157.956,1.677,7.796,-0.0523,1.0026,305,5.545,18.82,99.49,53.22
4728,157.989,1.814,6.237,-0.0119,1.0048,205,5.525,17.97,100.34,53.53
4729,158.023,1.564,5.615,0.0221,1.0072,158,5.629,21.8,101.0,54.01
4730,158.056,1.736,7.477,-0.0271,1.0064,170,6.495,21.85,101.63,54.48
4731,158.09,2.147,7.089,0.0222,1.006,242,5.819,18.38,102.99,54.67
4732,158.123,3.887,7.557,0.1333,1.0043,219,6.08,14.07,104.25,54.97
4733,158.156,3.937,9.648,0.0366,1.0018,261,6.42,13.1,105.69,55.29
4734,158.19,1.825,6.009,-0.2104,1.0085,174,6.07,4.41,106.5,55.55
4735,158.223,4.567,3.338,0.0408,1.0057,198,5.695,7.05,107.45,55.73
4736,158.257,2.377,3.151,-0.0661,1.0055,164,5.038,18.13,108.31,55.95
4737,158.29,2.666,2.076,-0.0492,1.0063,126,5.327,9.55,108.52,55.84
4738,158.324,3.987,0.834,-0.0118,1.0072,127,5.521,15.88,108.93,55.69
4739,158.357,4.178,-0.04,0.0115,1.0068,99,5.354,27.75,109.67,55.62
4740,158.39,4.928,-0.26,0.0378,1.0062,118,5.683,21.02,109.95,55.41
4741,158.424,6.867,1.103,0.0272,1.005,124,5.849,7.7,109.24,54.89
4742,158.457,6.681,-0.238,-0.0168,1.0076,125,5.652,13.61,109.78,54.44
4743,158.491,6.906,-1.255,-0.0347,1.0069,196,5.66,31.88,110.08,54.18
4744,158.524,6.379,-2.517,0.0607,1.0076,198,5.33,36.92,110.43,53.79
4745,158.557,6.953,-2.804,0.0738,1.0061,111,5.487,12.94,109.77,53.11
4746,158.591,6.993,-5.264,0.131,1.0081,124,5.057,9.02,109.66,52.64
4747,158.624,7.014,-6.997,0.2446,1.0105,127,5.13,8.24,108.78,52.23
4748,158.658,7.442,-6.876,0.2168,1.0107,118,5.011,9.05,107.57,51.98
4749,158.691,6.833,-6.231,0.1463,1.0116,152,5.049,13.63,107.27,51.63
4750,158.725,6.567,-5.322,0.1332,1.0108,154,4.896,14.27,107.04,51.29
4751,158.758,7.023,-5.526,0.1189,1.0111,115,5.287,11.44,105.24,50.76
4752,158.791,6.985,-7.469,0.1667,1.0142,142,5.089,15.78,103.5,49.77
4753,158.825,5.723,-5.641,0.0029,1.0145,123,4.9,22.46,102.81,48.78
4754,158.858,7.196,-5.378,0.0749,1.0138,116,5.146,25.54,101.51,47.72
4755,158.892,6.602,-4.688,0.0169,1.0142,119,4.936,20.33,100.17,46.8
4756,158.925,7.564,-3.009,0.1088,1.0095,137,4.822,23.75,99.71,45.97
4757,158.958,6.334,-1.974,-0.1452,1.0124,51,4.78,16.61,99.44,45.4
4758,158.992,6.34,0.213,-0.231,1.0102,72,4.643,6.77,99.71,44.93
4759,159.025,7.28,2.875,-0.2461,1.0075,76,4.589,4.9,99.61,44.68
4760,159.059,6.819,2.084,-0.2023,1.0086,44,4.625,11.17,99.92,44.39
4761,159.092,5.316,1.679,-0.2288,1.0077,84,4.441,12.16,100.11,44.15
4762,159.126,5.257,2.893,-0.1928,1.0085,64,4.753,6.91,101.13,43.73
4763,159.159,5.928,3.458,-0.1203,1.0081,45,4.542,4.84,102.61,43.21
4764,159.192,8.756,5.75,-0.0643,1.0032,46,4.558,4.32,104.15,42.54
4765,159.226,8.73,4.666,0.0613,1.0061,60,4.399,4.25,105.5,41.87
4766,159.259,7.407,5.11,-0.1428,1.0059,69,4.313,4.2,106.98,41.23
4767,159.293,8.177,2.696,-0.0342,1.0081,57,4.105,5.04,108.03,40.42
4768,159.326,10.602,-0.099,0.096,1.0077,43,3.91,13.57,108.56,39.48
4769,159.359,9.094,0.512,-0.0448,1.0083,57,3.834,7.01,108.43,38.42
4770,159.393,10.572,-0.516,0.2248,1.0082,49,4.205,12.5,109.17,37.31
4771,159.426,9.203,-2.445,0.0002,1.0109,52,3.867,12.79,109.67,36.13
4772,159.46,8.341,-5.657,0.0917,1.0143,37,3.782,21.0,109.43,34.82
4773,159.493,9.37,-4.921,0.1903,1.0136,38,4.169,21.86,109.9,33.63
4774,159.527,11.367,-3.014,0.1632,1.0103,44,4.401,19.38,109.94,32.4
4775,159.56,12.27,-2.126,0.1103,1.008,52,4.396,25.43,109.4,31.24
4776,159.593,9.845,-4.881,0.1923,1.0141,53,4.482,12.04,110.21,30.24
4777,159.627,11.384,-1.163,0.1131,1.0083,58,4.412,9.94,110.64,29.24
4778,159.66,9.858,-1.074,-0.0185,1.0097,67,4.48,8.7,111.31,28.54
4779,159.694,10.751,1.065,0.0486,1.0055,61,4.311,8.35,111.81,27.9
4780,159.727,13.995,-3.606,0.3624,1.0129,61,4.32,7.0,111.74,27.42
4781,159.76,13.957,0.257,0.0458,1.0082,59,4.878,6.64,110.54,27.03
4782,159.794,13.02,1.416,-0.0069,1.0047,79,4.718,6.8,108.78,26.71
4783,159.827,13.496,-4.691,0.2201,1.0157,46,4.561,6.54,106.95,26.33
4784,159.861,12.243,1.688,0.094,1.0068,63,4.611,5.23,105.89,26.29
4785,159.894,9.524,2.145,-0.1659,1.0024,50,4.47,26.65,104.61,26.82
4786,159.928,11.085,-5.897,0.2589,1.0122,81,4.241,38.97,103.73,26.87
4787,159.961,13.109,-4.554,0.4073,1.0106,71,4.592,12.76,102.91,26.67
4788,159.994,12.019,-1.377,0.2011,1.0069,66,4.485,11.84,101.88,26.87
4789,160.028,11.655,-1.816,0.2327,1.0074,72,4.254,9.89,101.08,27.06
4790,160.061,14.298,-7.795,0.5214,1.0166,55,4.816,7.93,99.84,27.43
4791,160.095,11.892,-3.363,0.1957,1.009,90,3.875,25.05,98.9,28.01
4792,160.128,11.216,-4.146,0.2741,1.0086,118,4.187,38.69,97.9,28.51
4793,160.161,11.712,-4.826,0.2893,1.0087,95,4.317,20.63,96.46,28.48
4794,160.195,14.357,-5.984,0.4477,1.0086,90,4.113,19.5,95.05,28.66
4795,160.228,12.591,-4.863,0.3496,1.0078,96,3.977,27.38,93.82,28.96
4796,160.262,11.91,-6.432,0.3438,1.0115,81,3.829,11.95,92.43,28.8
4797,160.295,11.954,-6.052,0.1271,1.012,91,3.956,18.67,90.54,28.84
4798,160.329,9.905,-5.323,-0.0353,1.01,241,3.639,9.59,89.09,28.8
4799,160.362,11.994,-8.021,0.1836,1.0113,262,3.933,7.37,87.87,28.65
4800,160.395,11.346,-8.887,0.1404,1.0126,249,4.004,6.8,86.91,28.35
4801,160.429,10.724,-7.781,0.0964,1.0116,256,3.971,6.92,85.9,27.99
4802,160.462,12.78,-6.521,0.2214,1.0093,201,3.889,6.61,84.96,27.51
4803,160.496,11.473,-7.856,0.1815,1.0122,223,3.937,7.0,84.12,26.79
4804,160.529,8.904,-7.592,-0.0241,1.0142,243,4.102,7.42,83.22,26.04
4805,160.562,12.199,-10.36,0.3263,1.0158,224,4.012,8.51,82.31,24.99
4806,160.596,10.25,-9.093,0.208,1.0162,278,4.197,13.42,81.05,24.06
4807,160.629,11.409,-8.36,0.3072,1.0139,262,4.191,13.11,79.9,22.86
4808,160.663,8.22,-8.02,0.1036,1.0153,257,4.045,12.93,78.92,21.73
4809,160.696,9.484,-7.773,0.2138,1.0139,259,3.752,13.8,79.12,20.99
4810,160.729,15.742,-4.002,0.6359,1.0038,166,3.647,17.75,79.37,20.5
4811,160.763,7.911,-10.159,0.4642,1.0154,155,3.703,19.03,80.02,20.45
4812,160.796,4.875,-10.397,0.2855,1.019,177,4.299,20.6,80.84,20.28
4813,160.83,6.562,-11.829,0.4623,1.0192,140,4.534,19.92,80.74,19.84
4814,160.863,4.652,-12.782,0.5286,1.0188,146,4.389,27.18,80.75,19.91
4815,160.897,5.432,-10.125,0.4009,1.0163,138,4.059,20.92,80.86,19.64
4816,160.93,5.739,-8.164,0.3198,1.0135,146,3.858,22.87,80.94,19.85
4817,160.963,4.18,-7.134,0.1898,1.0137,126,3.723,20.29,81.46,20.06
4818,160.997,5.44,-8.341,0.2395,1.0147,120,3.932,14.97,81.8,20.43
4819,161.03,7.616,-7.188,0.3381,1.0119,134,3.788,17.5,81.87,21.2
4820,161.064,7.648,-8.647,0.3268,1.0142,95,3.892,17.37,82.27,21.91
4821,161.097,16.116,-2.378,0.5846,1.0016,97,3.83,18.53,82.65,22.39
4822,161.13,16.02,-1.842,0.5431,1.0011,91,3.59,12.61,83.41,22.77
4823,161.164,15.318,-2.513,0.4654,1.003,73,3.758,10.02,84.49,23.22
4824,161.197,15.473,-1.437,0.42,1.0007,76,3.445,11.77,85.59,23.58
4825,161.231,14.72,-2.751,0.3663,1.0025,68,3.371,10.4,86.56,23.9
4826,161.264,14.693,-1.957,0.3486,1.0017,59,3.386,5.61,87.65,24.14
4827,161.298,11.872,-1.111,-0.0492,1.0021,156,3.437,6.22,88.73,24.73
4828,161.331,14.743,0.281,0.0756,0.996,140,3.441,6.07,89.9,25.35
4829,161.364,13.392,-1.223,0.0569,1.0007,133,3.323,4.8,91.12,25.57
4830,161.398,13.081,-1.461,0.0743,1.0015,194,3.272,5.57,92.26,25.69
4831,161.431,13.349,-1.5,-0.0589,1.0012,213,3.136,8.18,93.39,25.71
4832,161.465,14.41,-1.697,-0.003,0.9992,243,3.293,9.0,94.49,25.6
4833,161.498,14.331,-1.829,0.0746,0.9994,208,3.115,5.79,95.55,25.45
4834,161.531,13.296,-3.411,0.0792,1.0049,181,3.299,8.1,96.89,25.44
4835,161.565,11.904,-3.763,-0.1574,1.0053,137,3.482,3.09,98.23,24.74
4836,161.598,10.984,-4.862,0.0696,1.0027,144,3.675,3.01,98.96,24.37
4837,161.632,9.047,-6.891,-0.1003,1.0099,120,3.665,7.24,99.68,24.53
4838,161.665,14.675,-2.41,0.0587,1.0005,133,3.122,8.97,100.45,24.29
4839,161.699,11.873,-2.69,-0.1783,1.0034,151,2.988,4.81,101.06,23.9
4840,161.732,11.583,-4.188,0.0584,1.0021,135,3.24,3.02,101.31,23.59
4841,161.765,11.952,-4.289,0.059,1.0022,140,3.196,4.84,101.65,24.0
4842,161.799,10.534,-2.908,-0.0736,1.0025,154,2.788,6.06,101.6,24.28
4843,161.832,10.385,-3.253,0.0307,1.0036,134,2.653,10.76,101.95,24.75
4844,161.866,10.308,-5.026,0.2041,1.0056,165,2.494,6.96,101.97,24.84
4845,161.899,7.989,-3.46,-0.0717,1.0045,164,2.681,7.2,101.86,24.95
4846,161.932,10.168,-3.97,0.1412,1.0039,148,2.499,11.18,101.71,25.14
4847,161.966,8.883,-3.638,0.0977,1.0048,138,2.369,12.59,101.5,25.26
4848,161.999,9.017,-3.166,0.0552,1.0038,152,2.314,12.41,101.22,25.2
4849,162.033,10.61,-2.774,0.2947,1.002,114,2.654,16.53,100.99,25.24
4850,162.066,-0.638,-1.082,-0.0764,1.0038,110,1.506,10.14,100.81,25.24
4851,162.1,9.298,-2.806,0.1891,1.0024,88,1.843,8.08,100.72,25.28
4852,162.133,7.163,-3.951,0.073,1.0062,122,1.872,7.17,100.6,25.21
4853,162.166,-0.577,-0.588,-0.0839,1.0016,140,1.682,8.12,100.33,25.27
4854,162.2,-0.256,-0.02,-0.0399,1.0003,162,1.386,9.24,100.32,25.36
4855,162.233,0.201,0.536,-0.0477,0.9997,125,1.588,5.45,100.15,25.46
4856,162.267,9.32,-2.183,0.1441,1.0038,173,1.797,9.47,99.97,25.57
4857,162.3,9.387,-1.9,0.0696,1.0032,189,1.713,6.6,99.55,25.56
4858,162.333,11.48,-2.252,0.2147,1.0037,142,2.356,4.31,99.12,25.44
4859,162.367,9.447,-1.451,0.0414,1.0045,135,2.172,7.01,98.46,25.49
4860,162.4,-0.457,0.063,-0.0706,1.0005,127,1.941,4.24,97.83,24.94
4861,162.434,10.731,-4.47,0.213,1.0039,129,2.093,3.25,97.22,24.22
4862,162.467,11.294,-5.037,0.246,1.0039,126,2.266,2.85,96.85,23.85
4863,162.501,-0.905,-0.608,-0.134,1.0015,102,1.906,3.19,96.7,23.81
4864,162.534,-0.146,0.615,-0.102,0.9996,145,1.645,3.21,96.34,23.72
4865,162.567,10.656,-0.305,0.101,1.0,184,1.925,3.09,95.82,23.71
4866,162.601,10.432,-0.916,0.101,1.001,164,1.883,3.83,95.33,23.78
4867,162.634,10.135,-1.706,0.1214,1.0015,195,1.717,3.84,94.84,23.72
4868,162.668,8.843,-2.183,-0.0721,1.0028,71,2.006,4.32,94.44,23.56
4869,162.701,8.76,-1.859,-0.1453,1.0048,99,2.078,4.33,94.06,23.43
4870,162.734,8.587,-1.752,-0.1354,1.0038,99,2.121,4.61,93.8,23.3
4871,162.768,8.308,-0.972,-0.1346,1.0015,87,1.925,4.31,93.38,23.01
4872,162.801,9.119,0.758,-0.0103,0.9981,90,2.334,3.78,92.95,22.6
4873,162.835,9.703,0.458,0.0949,0.9972,77,2.232,4.23,92.37,22.42
4874,162.868,6.613,-0.654,-0.095,1.0012,62,1.676,3.99,92.01,22.21
4875,162.902,7.81,-0.028,0.0879,1.0003,61,1.999,3.68,91.61,22.01
4876,162.935,5.799,1.267,-0.1775,0.999,88,2.134,3.69,91.29,21.92
4877,162.968,7.766,-0.813,0.1665,0.9996,61,1.885,4.01,90.67,21.88
4878,163.002,-1.372,1.572,-1.0171,0.9963,55,1.588,4.55,90.34,21.75
4879,163.035,2.77,-2.745,-0.2892,1.0047,34,1.566,4.44,90.07,21.56
4880,163.069,-1.454,1.522,-1.1501,0.9976,60,1.931,4.39,89.56,21.34
4881,163.102,5.776,-2.995,0.0964,1.0003,43,2.079,4.37,89.09,21.04
4882,163.135,4.318,-3.994,0.0235,1.002,46,2.38,4.88,88.69,20.77
4883,163.169,5.001,-3.233,0.0755,1.0005,43,1.884,4.24,88.47,20.63
4884,163.202,-0.594,0.61,-0.849,0.9984,44,1.85,4.28,88.05,20.49
4885,163.236,6.815,-1.83,0.104,0.9982,50,2.031,4.69,87.46,20.3
4886,163.269,6.057,-2.14,0.0726,0.9993,41,1.9,5.06,87.06,20.17
4887,163.302,6.026,-1.816,0.0464,0.9982,46,1.869,5.14,86.7,20.05
4888,163.336,5.417,-2.15,-0.0095,0.9989,45,2.111,5.51,86.33,19.97
4889,163.369,5.506,-1.448,-0.0137,0.9981,44,2.108,7.14,85.95,20.01
4890,163.403,5.148,-1.956,0.0069,0.999,41,2.218,7.74,85.54,20.06
4891,163.436,5.65,-2.425,0.0281,0.9988,41,2.416,7.83,85.19,20.08
4892,163.47,5.885,-3.21,0.0673,0.9988,50,2.52,7.34,84.83,20.11
4893,163.503,5.531,-3.078,0.0422,0.9986,37,2.604,7.6,84.53,20.14
4894,163.536,5.493,-2.316,0.0099,0.9985,38,2.561,9.11,84.47,20.22
4895,163.57,5.468,-2.126,-0.0193,0.9984,41,2.609,9.53,84.58,20.29
4896,163.603,5.739,-3.199,0.0445,0.999,46,2.796,12.71,84.58,20.36
4897,163.637,5.438,-3.551,0.0277,0.9991,43,2.77,13.15,84.58,20.37
4898,163.67,6.144,-3.356,0.0657,0.9989,42,3.048,11.67,85.03,20.7
4899,163.703,7.036,-3.562,0.081,0.9992,40,3.241,7.17,85.6,20.78
4900,163.737,7.627,-4.199,0.0873,0.9994,68,2.802,6.05,86.51,20.93
4901,163.77,5.848,-6.987,0.0498,1.0005,53,2.931,9.87,86.57,20.62
4902,163.804,2.791,-11.688,-0.0445,1.0101,149,3.418,8.23,86.78,20.53
4903,163.837,5.741,-9.931,0.0605,1.0018,132,3.408,4.24,86.84,20.45
4904,163.871,7.39,-8.621,0.0776,1.0018,100,3.269,4.2,86.76,20.55
4905,163.904,6.338,-9.605,0.0807,1.0024,90,3.439,4.34,86.17,20.56
4906,163.937,3.811,-12.451,0.1149,1.0093,60,3.662,4.93,85.43,20.74
4907,163.971,3.617,-11.571,0.0327,1.0034,63,3.776,6.62,84.62,20.92
4908,164.004,2.485,-11.938,-0.0114,1.0028,78,3.65,9.9,83.9,20.92
4909,164.038,1.166,-12.949,-0.098,1.0026,75,3.857,5.68,83.23,20.51
4910,164.071,0.849,-16.936,-0.0502,1.0032,55,3.13,7.87,82.24,20.3
4911,164.104,-2.608,-20.976,-0.1382,1.0095,71,3.141,17.27,81.14,19.94
4912,164.138,-2.215,-20.342,-0.0485,1.0086,127,3.615,12.87,79.8,19.65
4913,164.171,-2.031,-17.62,-0.1089,1.0052,74,2.696,16.83,79.02,19.61
4914,164.205,-5.518,-19.258,-0.3148,1.0081,78,3.441,9.3,77.33,19.69
4915,164.238,-4.963,-18.268,-0.2625,1.003,54,2.666,10.43,76.96,20.52
4916,164.272,-3.392,-17.157,-0.1353,1.0012,59,3.075,19.0,76.21,21.36
4917,164.305,-2.779,-13.743,-0.1828,0.9989,48,2.938,13.93,75.85,22.19
4918,164.338,-3.717,-16.083,-0.041,1.0012,67,2.758,4.26,75.62,22.67
4919,164.372,-7.55,-15.758,-0.3323,1.0029,88,3.093,4.26,74.91,23.2
4920,164.405,-4.539,-13.072,-0.2484,0.9979,81,3.247,10.52,74.37,23.95
4921,164.439,-1.353,-8.381,-0.2606,0.9945,63,3.621,10.0,73.7,24.95
4922,164.472,-2.282,-11.779,-0.2005,1.0001,56,2.968,14.0,73.83,26.12
4923,164.505,-2.326,-6.797,-0.1751,0.9932,94,3.011,14.24,74.12,26.85
4924,164.539,0.261,-6.207,-0.0033,0.9912,97,3.521,14.71,74.87,27.63
4925,164.572,-0.926,-4.765,-0.1643,0.9921,124,3.586,13.44,75.84,28.44
4926,164.606,-2.045,-5.995,-0.1707,0.9933,109,3.705,12.03,76.75,29.15
4927,164.639,-5.058,-6.675,-0.3816,0.9941,112,4.057,11.11,77.99,29.86
4928,164.673,-2.898,-6.063,-0.2411,0.9945,127,4.067,9.81,79.12,30.55
4929,164.706,-4.039,-6.188,-0.3401,0.9956,127,4.368,8.92,80.6,31.19
4930,164.739,-5.162,-6.053,-0.3517,0.996,113,4.571,9.63,82.28,31.86
4931,164.773,-7.124,-6.816,-0.4237,0.9974,180,3.954,8.3,82.85,32.07
4932,164.806,-8.626,-5.442,-0.6049,0.9978,186,4.185,7.91,83.83,32.37
4933,164.84,-9.638,-2.738,-0.7547,0.996,224,4.2,12.24,84.72,32.75
4934,164.873,-8.901,-3.335,-0.6747,0.998,142,4.016,9.56,85.3,33.17
4935,164.906,-11.881,-3.978,-0.7891,0.9985,167,4.188,9.64,86.18,33.5
4936,164.94,-12.869,-5.304,-0.7941,1.0019,239,3.692,9.45,86.79,33.6
4937,164.973,-14.161,-3.147,-0.8902,1.0002,269,3.644,9.2,87.23,33.76
4938,165.007,-15.184,-1.673,-0.9502,0.9991,290,3.818,8.85,87.58,33.81
4939,165.04,-15.56,-2.589,-0.9221,1.0003,217,3.981,8.59,88.55,34.0
4940,165.074,-19.06,-2.971,-1.2127,1.0008,176,3.738,8.17,88.73,34.05
4941,165.107,-16.446,-1.535,-1.0036,0.9986,213,3.537,7.23,88.71,34.0
4942,165.14,-16.437,-2.763,-0.9299,1.0009,270,3.779,6.91,88.92,33.74
4943,165.174,-16.703,-1.859,-0.9928,1.0003,271,3.646,9.69,88.77,33.63
4944,165.207,-16.208,0.245,-1.0754,0.9992,289,3.352,11.42,88.8,33.57
4945,165.241,-24.229,-3.712,-1.4474,1.0086,185,3.676,6.21,88.86,33.46
4946,165.274,-18.856,0.066,-1.1851,1.0011,261,3.64,7.92,88.67,33.31
4947,165.307,-17.451,0.919,-1.1607,1.0003,292,3.602,19.34,88.76,33.19
4948,165.341,-18.676,0.65,-1.2169,1.0012,205,3.624,5.78,89.15,33.11
4949,165.374,-19.141,-0.85,-1.2073,1.002,268,3.717,11.22,88.29,32.68
4950,165.408,-17.971,-0.593,-1.2118,1.0026,187,3.532,8.5,87.21,32.04
4951,165.441,-18.274,1.376,-1.3483,1.0011,242,3.477,21.37,86.01,31.42
4952,165.475,-17.17,1.881,-1.1481,1.0007,214,3.402,19.29,85.36,31.0
4953,165.508,-16.775,2.071,-1.0634,1.001,222,3.077,19.35,85.08,30.82
4954,165.541,-18.266,1.733,-1.1496,1.0024,191,3.514,19.78,85.09,30.75
4955,165.575,-19.982,2.301,-1.2381,1.0007,184,3.623,10.69,84.99,30.54
4956,165.608,-22.575,1.838,-1.4066,1.0023,177,3.471,11.56,84.99,30.41
4957,165.642,-19.704,4.087,-1.2742,1.0,201,3.291,10.74,85.4,30.51
4958,165.675,-25.241,3.565,-1.5931,1.0023,175,3.451,8.29,85.57,30.62
4959,165.708,-22.607,3.815,-1.2444,0.9987,85,3.647,3.12,86.22,30.68
4960,165.742,-20.353,1.675,-0.8538,1.0013,121,3.527,2.94,87.14,30.7
4961,165.775,-28.757,3.466,-1.6362,1.0012,151,3.233,3.4,88.34,30.78
4962,165.809,-22.177,8.433,-1.3179,0.9939,148,2.944,3.83,89.13,30.82
4963,165.842,-22.316,4.02,-1.2027,1.0027,188,3.098,4.59,90.03,31.01
4964,165.876,-23.632,6.096,-1.3743,0.999,223,3.048,6.11,90.71,30.99
4965,165.909,-19.472,7.018,-1.1727,0.9978,175,3.443,5.61,92.31,31.65
4966,165.942,-23.381,8.448,-1.43,0.9994,135,2.912,5.98,93.2,31.97
4967,165.976,-17.743,9.516,-1.052,0.9948,110,3.164,5.45,94.32,32.47
4968,166.009,-26.908,8.227,-1.565,1.0002,148,2.918,4.99,95.14,32.71
4969,166.043,-17.671,9.241,-1.0532,0.9954,126,3.258,3.77,96.15,33.21
4970,166.076,-18.14,7.916,-1.0378,0.9966,36,2.572,3.81,96.97,33.46
4971,166.109,-17.617,12.761,-1.1356,0.9915,33,2.65,3.9,97.34,33.52
4972,166.143,-15.803,12.445,-0.9971,0.9915,29,2.548,3.85,97.73,33.75
4973,166.176,-13.273,6.351,-0.6927,0.997,37,2.702,3.9,98.12,33.82
4974,166.21,-14.445,5.564,-0.7639,0.9985,38,2.747,4.18,98.59,33.89
4975,166.243,-11.886,4.716,-0.6017,0.9982,39,2.583,4.4,98.61,33.82
4976,166.276,-12.044,4.5,-0.6046,0.9984,38,2.524,4.96,98.62,33.82
4977,166.31,-12.293,4.286,-0.6137,0.9985,49,2.51,5.36,98.29,33.71
4978,166.343,-13.018,4.871,-0.6867,0.9981,62,2.521,5.59,98.08,33.55
4979,166.377,-10.794,3.977,-0.5309,0.999,69,2.433,5.82,97.94,33.37
4980,166.41,-10.214,4.341,-0.5233,0.9992,69,2.378,6.23,97.66,33.25
4981,166.444,-10.084,4.3,-0.5203,0.9989,78,2.305,6.01,97.51,33.15
4982,166.477,-9.883,3.192,-0.5041,0.9998,92,2.097,6.83,97.33,33.07
4983,166.51,-9.029,3.313,-0.4838,0.9999,72,1.935,6.78,97.36,33.06
4984,166.544,-8.059,3.415,-0.4354,0.9999,77,1.844,6.56,97.47,33.09
4985,166.577,-6.064,2.456,-0.3019,1.0,78,1.761,6.54,97.56,33.13
4986,166.611,-4.979,1.967,-0.2098,0.9998,69,1.448,6.48,97.61,33.15
4987,166.644,-4.389,1.625,-0.2036,1.0003,70,0.926,6.5,97.62,33.18
4988,166.677,-1.569,1.437,-0.0569,0.9998,72,0.907,6.5,97.68,33.18
4989,166.711,-0.351,1.637,-0.0218,0.9999,79,0.939,6.76,97.7,33.14
4990,166.744,0.578,1.373,0.0146,0.9995,91,1.118,8.0,97.38,33.12
4991,166.778,2.102,0.897,0.0935,0.9993,135,0.841,7.87,97.32,33.04
4992,166.811,4.237,0.762,0.1821,0.9994,172,1.445,7.49,97.24,32.95
4993,166.845,4.748,-0.117,0.2067,1.0003,195,1.838,7.26,96.98,32.84
4994,166.878,5.271,-0.452,0.2261,0.9996,205,1.626,7.53,96.75,32.84
4995,166.911,4.973,-0.982,0.2093,1.0007,288,1.815,6.76,96.46,32.86
4996,166.945,6.009,0.069,0.1785,0.9993,337,2.189,6.16,96.3,32.85
4997,166.978,5.398,-0.924,0.1781,1.001,222,1.959,4.96,95.79,32.9
4998,167.012,-0.794,-0.566,-0.1889,1.0034,204,1.688,4.36,95.33,32.77
4999,167.045,6.772,-2.063,0.2767,1.0011,215,1.633,4.38,94.92,32.82
5000,167.078,8.0,-2.377,0.3336,1.0011,251,1.431,4.17,94.86,32.85
5001,167.112,7.831,-2.476,0.3158,1.0009,271,1.286,4.03,94.76,32.87
5002,167.145,9.832,-2.789,0.4694,1.0007,211,1.512,3.94,94.69,32.98
5003,167.179,9.896,-0.411,0.3836,0.9993,211,1.966,3.72,94.83,33.22
5004,167.212,8.2,0.028,0.2393,0.9997,256,1.672,3.94,94.99,33.34
5005,167.246,6.594,-0.368,0.2528,1.0,328,1.346,3.98,95.22,33.42
5006,167.279,4.91,-0.316,0.1933,1.0013,299,1.311,4.19,95.43,33.5
5007,167.312,2.565,0.143,0.1771,1.001,270,1.242,4.64,95.62,33.55
5008,167.346,0.572,0.469,0.0658,1.0013,318,0.93,4.62,95.73,33.49
5009,167.379,0.871,0.804,0.0955,1.0018,284,1.202,4.79,95.93,33.41
5010,167.413,2.1,1.295,0.1481,1.0012,222,1.693,5.01,96.16,33.41
5011,167.446,1.5,1.536,0.1363,1.0016,258,1.657,5.1,96.39,33.37
5012,167.479,2.086,1.885,0.1623,1.0017,284,1.968,5.29,96.64,33.39
5013,167.513,1.572,2.107,0.1122,1.0016,306,1.929,5.03,96.9,33.34
5014,167.546,1.452,2.798,0.1166,1.0004,349,1.808,4.71,97.08,33.35
5015,167.58,3.013,1.328,0.2388,1.0026,284,2.053,3.82,97.3,33.44
5016,167.613,7.827,1.507,0.3792,1.0018,299,2.674,3.69,97.68,33.56
5017,167.647,9.592,1.122,0.4418,1.0013,265,2.627,3.54,98.13,33.62
5018,167.68,9.44,0.132,0.451,1.0024,229,2.527,2.99,98.59,33.88
5019,167.713,26.058,-2.612,1.4341,1.0022,64,3.53,2.25,99.29,34.62
5020,167.747,29.475,1.441,0.9733,0.995,68,3.38,2.09,99.75,35.29
5021,167.78,39.853,-0.735,1.9643,0.9937,55,3.092,1.95,99.51,35.74
5022,167.814,46.753,-5.598,2.4214,1.0002,53,3.418,1.89,98.67,36.31
5023,167.847,40.757,-7.19,1.6435,1.0028,77,3.917,2.64,96.42,36.52
5024,167.88,38.024,-1.555,1.3533,0.9936,85,4.348,3.29,93.99,36.29
5025,167.914,38.779,-3.945,1.4329,0.9982,90,4.924,2.66,92.24,35.37
5026,167.947,38.877,-1.981,1.227,0.9967,74,5.745,2.14,90.59,34.04
5027,167.981,46.756,-3.693,1.8057,0.9985,58,5.985,2.02,89.97,32.3
5028,168.014,49.183,1.398,1.826,0.99,85,6.92,1.99,89.79,30.69
5029,168.048,50.912,-5.735,2.1137,1.0015,73,7.904,1.73,90.42,29.77
5030,168.081,57.504,1.064,2.2851,0.9889,51,9.154,2.14,93.06,31.43
5031,168.114,52.576,-6.345,2.0986,1.004,56,11.366,2.33,97.06,35.89
5032,168.148,66.324,11.753,2.6715,0.9692,46,14.801,2.69,104.11,44.12
5033,168.181,52.14,-8.963,2.4229,1.0022,45,17.048,4.56,113.65,53.73
5034,168.215,44.412,-6.666,1.9055,0.9996,68,16.432,4.48,121.97,60.8
5035,168.248,48.232,-10.837,2.2138,1.0058,72,14.624,3.85,129.31,65.12
5036,168.281,32.715,1.857,1.067,0.9921,35,13.791,3.19,135.27,67.2
5037,168.315,37.34,-7.247,1.4432,1.0069,51,15.111,3.36,144.6,67.78
5038,168.348,39.945,-3.272,1.5928,1.0023,23,14.067,3.59,148.44,66.88
5039,168.382,42.061,10.384,1.4414,0.9847,49,16.474,3.8,155.51,65.21
5040,168.415,55.551,-4.961,2.3145,1.0026,26,15.507,4.53,157.37,62.53
5041,168.449,36.635,16.872,1.1831,0.9767,32,15.941,5.12,156.99,61.33
5042,168.482,24.986,-25.34,1.3362,1.0351,27,17.464,5.89,155.76,61.28
5043,168.515,30.031,-3.625,1.234,1.0054,37,18.115,5.25,155.2,62.82
5044,168.549,28.518,-1.441,1.1352,1.005,50,18.556,5.95,155.43,63.91
5045,168.582,24.647,-4.186,0.9895,1.01,80,18.823,6.29,156.08,64.26
5046,168.616,19.113,-10.289,0.8074,1.0205,68,18.594,6.15,156.72,64.14
5047,168.649,22.926,-0.846,0.949,0.9993,57,18.098,6.4,156.73,64.31
5048,168.682,23.011,3.296,0.8193,0.9952,55,18.419,6.21,157.77,63.5
5049,168.716,18.831,0.395,0.4936,1.0104,47,18.4,7.11,157.31,63.49
5050,168.749,16.818,-7.068,0.458,1.0163,49,18.759,9.98,156.45,63.46
5051,168.783,18.262,-0.949,-0.0398,0.9997,57,19.243,9.82,156.46,63.63
5052,168.816,13.722,-1.139,0.0651,1.0055,36,20.138,11.47,153.78,65.12
5053,168.85,10.077,-0.349,0.1891,1.0059,39,15.09,33.19,152.36,64.08
5054,168.883,12.793,0.054,0.3404,1.0018,80,13.266,25.75,152.94,62.75
5055,168.916,11.784,-2.597,0.3952,1.0067,106,13.629,28.63,152.83,62.01
5056,168.95,10.27,-2.684,0.4265,1.0057,73,13.089,43.05,151.77,61.1
5057,168.983,9.374,-2.327,0.5055,1.0075,99,10.247,39.84,149.03,61.29
5058,169.017,8.989,-0.55,0.3928,1.0013,95,10.278,41.24,145.64,61.4
5059,169.05,7.343,-1.672,0.3362,1.0065,98,10.24,47.69,142.01,61.42
5060,169.083,6.77,-1.725,0.3713,1.0093,115,9.388,41.36,140.59,61.61
5061,169.117,7.059,-0.178,0.3054,1.006,123,9.793,37.49,138.65,61.4
5062,169.15,5.961,0.213,0.3883,1.0037,104,8.853,53.11,136.43,61.26
5063,169.184,3.13,-0.388,0.247,1.0076,124,7.848,61.25,134.96,61.35
5064,169.217,3.371,-0.179,0.2553,1.0066,110,7.585,60.69,134.26,61.12
5065,169.25,3.249,-0.766,0.3099,1.0038,99,7.036,63.53,133.75,61.04
5066,169.284,0.572,0.224,0.113,1.0091,109,5.973,55.44,133.63,60.82
5067,169.317,3.154,2.022,0.25,1.003,84,7.085,65.09,132.73,60.6
5068,169.351,5.079,0.755,0.3825,1.0023,88,8.474,73.56,131.61,60.34
5069,169.384,3.886,-2.2,0.3279,1.0082,106,8.814,78.83,130.08,60.14
5070,169.418,5.417,-2.164,0.4202,1.0037,117,9.477,77.91,129.26,60.0
5071,169.451,4.243,-2.107,0.2657,1.0079,125,9.895,84.79,128.34,60.06
5072,169.484,4.215,-2.537,0.2166,1.009,113,10.874,85.68,126.71,60.27
5073,169.518,5.859,-2.587,0.2131,1.0079,113,11.086,64.79,126.31,60.46
5074,169.551,6.85,-2.814,0.2241,1.0065,123,9.669,58.34,126.12,60.75
5075,169.585,6.045,-3.759,0.2317,1.009,121,8.132,64.37,126.63,60.84
5076,169.618,5.385,-3.98,0.2251,1.0087,125,7.746,40.46,127.58,60.35
5077,169.651,6.515,-4.291,0.3103,1.0085,137,8.083,56.33,128.54,59.77
5078,169.685,8.702,-3.526,0.3084,1.0088,133,9.732,54.79,129.49,59.16
5079,169.718,12.233,-3.146,0.442,1.0048,123,11.09,49.03,130.78,58.07
5080,169.752,12.056,-5.835,0.3927,1.0103,131,11.472,46.89,131.99,57.15
5081,169.785,12.812,-7.09,0.4009,1.0097,137,10.437,45.44,131.56,57.05
5082,169.819,12.93,-11.043,0.6654,1.0133,144,9.997,41.89,130.76,57.02
5083,169.852,17.923,-10.14,0.7194,1.0101,92,11.412,21.89,129.87,57.44
5084,169.885,18.998,-8.588,0.3398,1.0155,51,13.158,11.57,128.72,58.35
5085,169.919,21.948,-10.21,0.6562,1.0141,128,14.522,13.72,126.84,59.07
5086,169.952,23.225,-13.407,1.0091,1.0124,79,14.334,38.34,124.84,58.88
5087,169.986,20.947,-16.295,1.0171,1.0182,70,14.317,29.1,124.32,58.39
5088,170.019,22.83,-17.173,1.1442,1.0193,66,14.251,13.72,122.64,57.14
5089,170.052,21.019,-18.495,1.075,1.0241,89,13.397,12.35,120.85,55.49
5090,170.086,23.627,-12.776,1.0405,1.0138,68,13.574,11.28,119.47,53.67
5091,170.119,26.984,-0.323,0.4871,0.9939,44,13.739,7.12,117.95,51.79
5092,170.153,26.66,-1.316,0.5219,0.9969,32,13.074,4.82,115.67,49.37
5093,170.186,24.774,-5.595,0.8192,1.0028,49,11.785,4.04,114.57,48.78
5094,170.22,25.847,-1.489,0.9768,0.9948,33,10.909,3.83,112.14,48.09
5095,170.253,31.422,7.471,1.079,0.9734,34,10.311,3.73,110.11,47.7
5096,170.286,22.851,-4.561,0.93,0.9996,33,10.288,3.16,108.23,47.15
5097,170.32,22.034,-4.018,0.8842,0.9993,27,10.069,3.26,106.57,46.19
5098,170.353,30.577,5.553,1.4658,0.9755,30,9.884,3.02,104.13,45.43
5099,170.387,19.769,-9.141,1.1425,1.0088,24,10.69,3.33,104.0,45.7
5100,170.42,22.064,-1.774,0.3637,1.001,19,7.556,2.29,105.15,45.58
5101,170.453,29.896,1.209,1.4028,0.9905,16,6.379,2.39,109.46,45.64
5102,170.487,24.308,-1.419,1.0325,0.9981,32,5.455,6.96,113.02,43.91
5103,170.52,23.833,-6.304,1.3011,1.0087,20,5.795,4.0,117.31,41.66
5104,170.554,29.957,11.071,1.2026,0.9637,35,5.753,3.03,120.89,38.64
5105,170.587,27.195,9.128,1.0419,0.9691,36,5.852,3.35,124.91,35.86
5106,170.621,28.276,8.196,1.1348,0.9699,36,4.676,3.19,127.6,34.12
5107,170.654,26.79,5.973,1.0821,0.9749,23,3.268,2.63,129.15,33.47
5108,170.687,17.592,-0.769,0.2225,0.9996,59,2.912,2.7,129.84,33.15
5109,170.721,15.969,-4.388,0.7416,1.0052,52,2.008,2.69,130.26,33.53
5110,170.754,20.473,2.838,0.9258,0.9832,35,1.843,2.73,130.34,33.93
5111,170.788,14.629,0.187,0.6709,0.9913,46,1.88,2.88,130.37,34.27
5112,170.821,13.8,-5.226,0.7561,1.0066,53,1.858,2.99,130.34,34.11
5113,170.854,9.455,-0.578,0.3991,0.9963,53,1.276,3.03,130.21,33.87
5114,170.888,0.491,-2.015,0.0548,1.0033,69,0.848,3.02,130.24,33.77
5115,170.921,0.14,0.089,-0.0242,0.9998,61,0.866,3.72,130.13,33.68
5116,170.955,-0.191,-3.544,0.0822,1.0065,55,1.068,3.9,130.2,33.71
5117,170.988,2.166,-3.108,0.2286,1.0056,78,0.752,3.76,130.22,33.64
5118,171.022,1.695,-1.941,0.1731,1.0029,70,0.71,3.25,130.29,33.64
5119,171.055,0.964,-1.493,0.1374,1.002,85,1.094,3.23,130.12,33.44
5120,171.088,0.332,-1.916,0.0853,1.0031,68,1.058,4.02,130.47,33.53
5121,171.122,1.182,-2.546,0.1402,1.0042,76,0.814,3.7,130.59,33.51
5122,171.155,0.593,-0.851,0.0729,1.001,64,0.574,3.38,130.55,33.38
5123,171.189,0.81,-1.234,0.0728,1.0021,67,0.847,3.75,130.81,33.35
5124,171.222,1.776,-1.776,0.2077,1.0032,69,0.963,3.37,130.87,33.27
5125,171.255,2.775,-1.35,0.2447,1.0018,95,1.002,3.41,130.79,33.09
5126,171.289,2.63,-1.455,0.2181,1.0018,85,0.888,3.37,130.55,32.72
5127,171.322,3.081,-1.015,0.1881,1.0009,76,1.03,3.86,130.29,32.32
5128,171.356,3.333,-2.884,0.2543,1.0038,45,0.841,3.48,130.16,32.15
5129,171.389,4.454,-0.843,0.1629,1.0011,82,1.017,3.47,130.07,31.98
5130,171.423,4.692,-0.503,0.1287,1.0003,70,0.989,3.5,129.87,31.79
5131,171.456,5.254,-0.832,0.1672,1.0011,78,1.024,3.53,129.72,31.56
5132,171.489,4.879,-0.972,0.1848,1.0014,94,1.053,3.7,129.49,31.4
5133,171.523,5.249,-2.388,0.2482,1.0035,83,1.111,4.01,129.22,31.12
5134,171.556,4.73,-1.21,0.1801,1.0017,95,1.038,3.89,128.93,30.79
5135,171.59,4.844,-2.169,0.2105,1.0028,67,1.155,3.85,128.36,30.43
5136,171.623,4.902,-0.156,0.1206,0.9999,44,1.001,3.7,127.94,30.15
5137,171.656,3.625,-0.85,0.2424,1.0014,42,1.028,3.85,127.42,29.74
5138,171.69,3.64,-1.731,0.2237,1.0028,43,0.77,3.86,127.13,29.45
5139,171.723,2.539,-1.929,0.1559,1.0032,49,0.642,3.75,127.05,29.2
5140,171.757,3.287,-1.248,0.2194,1.0021,52,0.785,4.62,127.07,28.98
5141,171.79,2.267,-1.022,0.1282,1.0032,54,0.784,4.76,127.26,28.76
5142,171.824,2.141,-1.055,0.141,1.003,49,0.677,4.23,127.34,28.57
5143,171.857,2.11,-1.292,0.1664,1.0023,45,0.349,4.12,127.24,28.44
5144,171.89,2.587,-3.158,0.272,1.0049,36,0.546,4.28,127.08,28.36
5145,171.924,1.536,-1.225,0.1131,1.0028,54,0.675,5.73,127.07,28.32
5146,171.957,1.384,-1.142,0.0978,1.0024,58,0.755,7.15,127.27,28.27
5147,171.991,1.818,-0.808,0.084,1.003,35,2.294,10.14,128.77,28.14
5148,172.024,1.357,-1.165,0.1307,1.0019,52,0.334,9.26,128.8,28.05
5149,172.057,0.763,-1.105,0.0782,1.002,53,0.582,8.1,129.05,27.95
5150,172.091,0.662,-1.095,0.0927,1.0025,54,0.701,8.01,129.37,27.82
5151,172.124,0.358,-0.948,0.0656,1.0025,52,0.743,8.6,129.75,27.75
5152,172.158,-0.0,-0.711,0.0301,1.0025,39,0.609,8.79,130.01,27.76
5153,172.191,-0.144,-0.665,0.0123,1.0029,41,0.721,7.94,130.29,27.65
5154,172.224,-0.321,-0.593,-0.0026,1.0028,39,0.819,8.26,130.59,27.52
5155,172.258,-1.829,-0.489,-0.0454,1.004,39,0.763,9.53,130.84,27.49
5156,172.291,-4.819,-0.509,-0.0809,1.0046,38,0.891,8.08,130.99,27.52
5157,172.325,-6.783,-0.347,-0.1359,1.0044,44,1.498,9.12,131.58,27.84
5158,172.358,-7.356,0.371,-0.2138,1.003,62,1.401,6.86,132.1,28.08
5159,172.392,-7.626,0.087,-0.1709,1.0034,49,1.73,5.8,132.81,28.72
5160,172.425,-8.676,-0.253,-0.2033,1.0044,38,1.491,9.31,133.2,29.26
5161,172.458,-9.207,-0.136,-0.2392,1.0052,37,1.551,9.03,133.75,29.79
5162,172.492,-10.397,0.023,-0.2952,1.0056,53,1.959,8.53,134.58,30.58
5163,172.525,-10.212,-0.358,-0.2885,1.0063,41,2.055,8.48,135.6,31.43
5164,172.559,-9.04,-0.336,-0.2066,1.0044,37,1.778,10.79,136.32,32.1
5165,172.592,-12.496,-0.685,-0.3361,1.0078,80,1.954,10.4,137.09,32.82
5166,172.625,-14.66,-0.233,-0.439,1.0074,60,2.488,9.74,138.14,33.84
5167,172.659,-17.118,0.006,-0.5623,1.0091,68,2.71,9.66,139.34,34.88
5168,172.692,-19.048,3.998,-0.8333,1.0032,68,2.755,6.54,140.5,35.8
5169,172.726,-19.704,-0.872,-0.6266,1.0118,92,2.626,5.92,141.56,36.72
5170,172.759,-18.809,-1.035,-0.5347,1.0099,81,2.65,4.09,142.41,37.4
5171,172.793,-18.893,1.432,-0.6499,1.0064,52,2.909,3.67,143.74,38.08
5172,172.826,-14.883,3.201,-0.4532,1.0002,74,2.592,4.27,144.15,38.54
5173,172.859,-15.175,2.471,-0.4153,1.0019,77,2.57,4.24,144.94,39.01
5174,172.893,-14.621,3.525,-0.4452,0.9998,85,2.549,5.27,145.23,39.46
5175,172.926,-14.021,1.855,-0.2917,1.0012,69,2.818,5.77,145.32,39.77
5176,172.96,-17.096,6.327,-0.7918,0.9989,70,3.059,6.77,144.69,39.91
5177,172.993,-14.415,2.176,-0.3429,1.0007,90,2.543,6.98,145.51,40.4
5178,173.026,-14.403,2.271,-0.4041,1.0019,132,2.672,6.07,145.69,40.55
5179,173.06,-13.771,2.616,-0.3984,1.0001,74,2.754,4.4,145.45,40.72
5180,173.093,-14.984,2.154,-0.4931,1.0023,26,2.666,4.82,145.93,40.86
5181,173.127,-13.051,4.877,-0.5299,0.9973,28,2.623,5.21,145.88,40.89
5182,173.16,-15.035,3.19,-0.645,1.0016,40,2.476,5.76,145.88,40.81
5183,173.194,-2.351,1.058,-0.1489,1.0001,47,1.197,5.5,145.17,40.74
5184,173.227,0.659,-1.219,-0.0361,1.0026,49,0.688,5.42,144.67,40.87
5185,173.26,5.17,-1.431,0.0954,1.0023,39,1.972,6.3,142.97,40.7
5186,173.294,-0.053,-1.64,-0.2801,1.0047,42,1.367,6.18,142.32,40.49
5187,173.327,8.853,-0.349,0.2036,0.997,45,1.794,6.05,141.77,40.26
5188,173.361,8.359,-3.467,0.089,1.0063,38,2.178,5.62,141.04,39.96
5189,173.394,7.316,-1.204,-0.0952,1.0041,49,2.366,5.78,139.98,39.61
5190,173.427,8.628,-1.128,0.0243,1.0027,105,2.205,5.38,138.91,39.17
5191,173.461,8.376,-2.862,0.0157,1.0056,118,2.213,5.1,138.49,39.02
5192,173.494,7.694,-4.209,-0.0046,1.0089,102,2.322,5.59,137.44,38.53
5193,173.528,10.093,-2.383,0.1791,1.0041,66,2.777,5.91,135.39,38.17
5194,173.561,9.004,-1.011,0.0699,1.0013,122,2.003,5.84,134.46,37.86
5195,173.595,10.281,-0.319,0.1488,0.9994,97,1.968,5.68,133.78,37.56
5196,173.628,10.291,-0.507,0.16,0.9996,104,2.141,5.67,133.22,37.39
5197,173.661,8.246,-0.911,0.0561,1.0017,78,2.261,4.89,131.79,36.91
5198,173.695,9.326,-0.607,0.1235,1.0002,91,1.835,4.86,131.15,36.49
5199,173.728,9.592,-2.445,0.195,1.0038,88,1.805,4.79,130.46,36.01
5200,173.762,10.918,-3.827,0.4399,1.0052,65,1.689,4.05,129.61,35.42
5201,173.795,7.844,-4.982,0.2633,1.0092,87,1.692,3.71,128.97,34.86
5202,173.828,6.499,-3.757,0.1532,1.0083,71,1.753,3.71,128.69,34.23
5203,173.862,8.56,-2.138,0.1622,1.004,65,1.573,3.7,128.05,33.4
5204,173.895,6.94,-2.804,0.1494,1.0067,65,1.481,3.75,127.89,32.75
5205,173.929,4.884,-2.923,0.0758,1.0091,55,1.636,5.93,127.73,32.13
5206,173.962,5.632,-2.708,0.1601,1.0078,54,1.883,6.58,127.86,31.3
5207,173.996,5.155,-8.769,0.4387,1.0201,64,2.059,8.78,128.09,30.54
5208,174.029,-3.542,-0.776,-0.3186,1.0093,47,0.951,6.36,128.27,30.11
5209,174.062,3.688,0.026,0.1237,1.0025,49,1.088,7.34,128.45,29.58
5210,174.096,-4.918,-5.767,-0.0919,1.0186,39,1.483,8.25,129.17,29.12
5211,174.129,-1.081,-3.807,0.0273,1.0123,33,1.406,6.22,129.92,28.8
5212,174.163,0.937,-0.995,0.0425,1.0065,54,1.335,6.89,130.62,28.61
5213,174.196,0.954,-1.053,0.077,1.0071,49,1.021,6.86,130.82,28.24
5214,174.229,-5.417,-3.209,-0.2687,1.0146,66,1.295,9.52,131.14,27.89
5215,174.263,1.126,-1.346,0.0575,1.0069,74,1.232,6.27,131.66,27.63
5216,174.296,0.594,-1.401,0.0351,1.0063,60,1.166,5.1,132.22,27.52
5217,174.33,0.824,-1.671,0.0564,1.0062,54,1.22,4.81,132.93,27.47
5218,174.363,0.137,-2.87,0.0543,1.009,52,1.569,6.38,133.92,27.29
5219,174.397,-1.127,-2.816,-0.0479,1.0097,57,1.06,9.33,134.26,27.02
5220,174.43,-0.574,-3.255,0.0225,1.0097,66,0.954,9.97,134.37,26.8
5221,174.463,-0.665,-3.577,0.0091,1.0104,79,0.944,8.91,134.38,26.52
5222,174.497,-0.235,-3.779,0.0577,1.0105,70,1.017,9.38,134.41,26.29
5223,174.53,-0.803,-4.306,-0.0042,1.0124,51,1.169,10.53,134.36,26.15
5224,174.564,-0.416,-3.909,0.0098,1.011,69,1.21,10.49,134.67,25.95
5225,174.597,-0.239,-4.311,0.0092,1.0118,70,1.097,9.78,134.66,25.65
5226,174.63,1.275,-3.898,0.0422,1.0111,63,1.161,8.05,134.6,25.35
5227,174.664,2.067,-4.369,0.1013,1.0121,57,1.092,6.7,134.54,25.08
5228,174.697,0.683,-4.331,0.0304,1.0128,34,1.477,7.88,134.82,24.95
5229,174.731,-0.693,-2.966,-0.1148,1.0127,35,1.172,8.03,134.84,24.57
5230,174.764,-0.771,-4.016,-0.0967,1.015,39,1.275,7.36,134.82,24.23
5231,174.797,1.623,-3.761,0.0337,1.013,32,1.396,5.73,134.77,23.95
5232,174.831,0.57,-0.988,-0.0363,1.0,7,1.516,5.68,134.65,23.87
5233,174.864,-1.151,-4.323,-0.1236,1.0177,32,1.494,6.45,134.64,23.61
5234,174.898,0.626,-3.395,-0.1026,1.0153,54,1.53,8.57,134.53,23.39
5235,174.931,2.369,-4.288,-0.0054,1.0168,53,1.714,9.45,134.53,23.23
5236,174.965,6.42,-5.32,0.2288,1.0159,61,1.775,8.39,134.47,22.91
5237,174.998,7.749,-3.155,0.2259,1.0115,53,1.67,5.54,134.14,22.75
5238,175.031,6.982,-3.688,0.1893,1.0125,42,1.393,5.3,133.93,22.58
5239,175.065,14.178,-3.086,0.6574,1.0082,42,1.425,6.26,133.86,22.4
5240,175.098,13.839,-6.171,0.7113,1.013,35,1.379,3.6,133.79,22.36
5241,175.132,15.232,-5.683,0.7821,1.011,149,1.324,2.95,133.43,22.47
5242,175.165,12.263,-3.308,0.5035,1.0081,102,1.145,6.35,133.24,22.57
5243,175.198,11.779,-3.671,0.5118,1.0084,53,1.188,6.48,133.2,22.57
5244,175.232,12.977,-6.748,0.6538,1.0127,63,1.285,5.75,133.01,22.53
5245,175.265,14.317,-5.317,0.7185,1.0102,61,1.355,6.48,132.8,22.52
5246,175.299,13.928,-5.984,0.6778,1.0105,62,1.127,6.5,133.03,22.55
5247,175.332,11.671,-6.154,0.5262,1.0116,78,1.057,5.73,133.07,22.57
5248,175.366,16.639,-6.815,0.9052,1.0116,79,1.092,5.85,133.03,22.6
5249,175.399,17.455,-7.507,0.953,1.0119,82,1.225,4.47,132.85,22.67
5250,175.432,18.108,-6.708,0.9954,1.0104,84,0.992,3.94,132.76,22.82
5251,175.466,13.751,-6.284,0.6495,1.0102,82,1.018,3.66,132.63,23.05
5252,175.499,18.339,-7.119,0.9659,1.0118,82,1.118,3.95,132.73,23.29
5253,175.533,19.098,-5.087,0.9912,1.009,23,1.181,4.64,132.48,23.44
5254,175.566,17.062,-2.772,0.8507,1.0049,22,1.378,6.41,132.19,23.6
5255,175.599,14.91,0.188,0.5608,0.9992,25,1.496,7.89,131.74,23.93
5256,175.633,15.152,1.834,0.5885,0.9959,26,1.544,6.25,131.53,24.17
5257,175.666,15.315,0.833,0.5668,0.9984,31,1.775,7.99,131.76,24.44
5258,175.7,15.75,3.426,0.5867,0.993,43,2.084,10.57,131.81,24.75
5259,175.733,14.407,2.062,0.4456,0.9968,53,2.143,13.34,132.12,25.05
5260,175.767,15.13,-2.198,0.6344,1.0053,52,2.206,19.7,132.35,25.4
5261,175.8,14.563,-1.218,0.5253,1.0029,48,2.33,18.14,132.55,25.82
5262,175.833,14.79,-0.34,0.5444,1.0008,47,2.811,21.37,133.01,26.29
5263,175.867,14.413,-1.627,0.5387,1.0035,61,2.93,18.44,133.01,26.64
5264,175.9,13.516,0.195,0.4251,0.9999,69,3.413,22.58,133.14,27.09
5265,175.934,14.512,-0.467,0.5222,1.001,61,3.866,37.26,133.41,27.94
5266,175.967,13.8,0.351,0.4237,0.9989,76,4.328,39.11,133.65,28.89
5267,176.0,13.472,0.565,0.4024,0.9981,95,4.932,45.36,133.52,29.97
5268,176.034,13.808,-0.441,0.4705,0.9997,104,4.744,47.18,133.82,31.05
5269,176.067,13.915,0.254,0.4777,0.998,97,5.133,53.67,134.08,32.21
5270,176.101,13.918,-0.81,0.5173,1.0,99,5.668,64.7,133.99,33.29
5271,176.134,13.604,-1.195,0.5234,1.0007,109,6.495,75.33,133.65,34.14
5272,176.168,13.261,-1.034,0.4895,1.0004,117,7.131,114.73,133.52,34.87
5273,176.201,12.557,-0.889,0.4289,1.0004,122,7.448,89.52,133.89,35.58
5274,176.234,11.787,-1.24,0.3771,1.0012,139,8.013,95.71,134.36,36.34
5275,176.268,11.89,-0.707,0.3878,0.9999,139,8.748,123.01,134.48,37.26
5276,176.301,10.892,-0.774,0.3044,1.0004,153,9.32,133.5,135.31,38.26
5277,176.335,10.244,-1.454,0.2824,1.0017,164,9.369,134.26,136.31,39.04
5278,176.368,9.67,-1.648,0.2525,1.0017,177,9.175,154.63,136.06,39.67
5279,176.401,9.554,-1.076,0.2498,1.0006,190,10.202,182.73,134.82,40.41
5280,176.435,8.696,-1.986,0.1818,1.0023,208,11.119,153.32,132.82,41.07
5281,176.468,8.411,-1.899,0.2035,1.0027,181,9.455,132.49,132.72,41.69
5282,176.502,9.872,-1.816,0.3676,1.0022,185,10.907,139.08,130.09,42.29
5283,176.535,7.654,-1.722,0.1641,1.0033,211,8.857,151.27,130.23,43.14
5284,176.569,8.473,-1.802,0.2405,1.003,204,9.904,162.87,129.1,44.01
5285,176.602,8.157,-1.193,0.1749,1.0019,212,9.155,194.76,128.96,44.47
5286,176.635,8.607,-1.256,0.2085,1.0018,237,9.562,195.15,129.25,45.42
5287,176.669,10.078,-0.325,0.3003,0.999,203,9.912,167.28,129.11,46.17
5288,176.702,8.677,-0.163,0.1239,0.9992,253,9.81,191.8,128.99,46.89
5289,176.736,9.125,-0.57,0.1766,0.9999,271,10.153,206.06,128.84,47.76
5290,176.769,9.442,-1.431,0.2236,1.0012,274,10.625,221.94,128.8,48.8
5291,176.802,9.191,-1.757,0.2246,1.0016,288,10.72,191.71,129.24,49.81
5292,176.836,8.76,-1.529,0.1609,1.0007,293,10.511,169.14,128.83,50.7
5293,176.869,8.584,-2.096,0.1862,1.0019,270,10.622,182.19,128.54,51.18
5294,176.903,8.872,-1.833,0.1993,1.0012,280,10.593,200.78,128.28,51.43
5295,176.936,9.827,-1.806,0.2981,1.0004,272,10.946,169.93,128.58,51.81
5296,176.97,9.178,-2.141,0.2548,1.0009,313,11.471,167.9,127.37,52.19
5297,177.003,9.621,-1.689,0.2449,1.0,308,11.102,179.39,126.93,52.25
5298,177.036,8.342,-2.497,0.1959,1.002,313,11.316,168.76,126.37,52.56
5299,177.07,7.335,-3.312,0.231,1.0039,273,10.494,153.38,125.01,53.35
5300,177.103,9.045,-2.921,0.3167,1.0021,297,10.367,150.29,124.9,53.48
5301,177.137,7.684,-2.997,0.2403,1.0027,280,10.218,146.5,124.98,53.73
5302,177.17,5.926,-2.78,0.0672,1.0033,269,10.139,140.39,124.39,54.05
5303,177.203,6.406,-2.095,0.0776,1.0025,259,9.527,136.73,123.79,54.14
5304,177.237,6.671,-2.371,0.1958,1.0028,270,9.296,131.07,123.57,54.37
5305,177.27,5.843,-2.601,0.1983,1.0039,280,8.855,127.79,123.04,54.72
5306,177.304,5.796,-3.277,0.2586,1.0052,209,8.414,143.84,122.11,54.8
5307,177.337,4.847,-1.868,0.1771,1.0035,266,7.809,148.43,121.62,54.78
5308,177.371,5.069,-1.119,0.1641,1.0017,259,7.134,135.48,121.56,54.81
5309,177.404,4.153,-2.29,0.2065,1.0039,237,6.876,138.65,120.9,54.83
5310,177.437,4.203,-1.633,0.1714,1.0027,269,6.931,150.28,119.86,55.02
5311,177.471,3.864,-1.572,0.1536,1.0027,279,6.216,144.44,119.56,55.08
5312,177.504,3.13,-2.671,0.1743,1.0044,236,6.153,141.57,118.93,55.04
5313,177.538,3.243,-1.539,0.1029,1.0028,277,6.257,145.48,118.37,55.02
5314,177.571,2.791,-1.533,0.0669,1.0032,272,6.882,158.35,117.17,55.14
5315,177.604,3.471,-2.107,0.1619,1.0039,291,7.062,163.97,116.49,55.08
5316,177.638,4.531,-1.238,0.166,1.0018,294,7.414,158.68,115.98,55.02
5317,177.671,3.952,-1.289,0.0996,1.003,304,8.374,147.51,114.85,55.13
5318,177.705,5.63,-1.137,0.1947,1.0018,287,8.501,156.92,114.32,54.88
5319,177.738,5.412,-1.293,0.1666,1.0026,321,8.936,161.58,114.15,54.75
5320,177.771,5.227,-1.893,0.174,1.0041,298,9.21,154.71,114.13,54.6
5321,177.805,5.61,-1.69,0.1721,1.004,334,9.506,142.82,114.32,54.42
5322,177.838,5.849,-2.157,0.2068,1.0044,307,9.719,139.27,114.31,54.25
5323,177.872,6.335,-2.653,0.2574,1.005,292,10.207,148.3,113.63,54.12
5324,177.905,6.439,-2.54,0.2344,1.0047,323,10.188,161.17,113.4,54.04
5325,177.939,6.663,-2.631,0.2362,1.0046,301,10.428,147.48,113.51,53.91
5326,177.972,7.002,-3.014,0.2589,1.0051,303,10.603,143.75,113.66,53.74
5327,178.005,6.859,-3.533,0.2735,1.0066,241,11.57,159.47,113.16,53.76
5328,178.039,6.761,-2.919,0.1964,1.0057,238,10.742,167.92,113.68,53.41
5329,178.072,6.863,-3.287,0.2276,1.0064,206,11.01,146.79,114.53,53.34
5330,178.106,6.947,-3.536,0.2227,1.0068,267,11.071,127.8,114.77,53.36
5331,178.139,8.007,-4.154,0.305,1.0075,214,11.138,112.07,114.95,53.19
5332,178.172,7.727,-3.757,0.2404,1.0071,234,11.532,108.0,115.04,53.17
5333,178.206,7.739,-3.837,0.2335,1.0077,220,11.509,103.73,115.28,52.98
5334,178.239,7.543,-3.911,0.1996,1.0081,223,11.532,97.2,115.45,52.86
5335,178.273,7.417,-4.233,0.2059,1.0089,188,11.784,92.52,115.46,52.77
5336,178.306,6.993,-4.24,0.1672,1.009,176,11.522,76.45,115.6,52.7
5337,178.34,8.428,-4.607,0.2892,1.0081,188,11.267,92.61,115.36,52.44
5338,178.373,7.478,-5.98,0.3013,1.0108,162,11.158,78.19,115.49,52.09
5339,178.406,8.527,-3.97,0.2504,1.0067,142,11.381,96.49,114.74,51.49
5340,178.44,7.689,-5.399,0.2662,1.01,153,11.565,83.78,114.47,51.19
5341,178.473,7.774,-5.595,0.2614,1.0103,140,11.515,84.74,113.74,50.75
5342,178.507,7.795,-5.639,0.2462,1.0103,150,10.869,82.84,113.98,50.64
5343,178.54,8.343,-5.375,0.2523,1.0095,146,10.826,77.58,114.47,50.51
5344,178.573,8.271,-5.633,0.2352,1.0096,191,10.526,74.66,115.02,50.52
5345,178.607,9.057,-5.916,0.2819,1.0094,188,9.921,75.73,115.46,50.59
5346,178.64,7.837,-6.086,0.2031,1.0106,137,9.7,74.35,116.09,50.89
5347,178.674,8.747,-5.863,0.2447,1.0094,124,8.93,68.67,116.35,50.74
5348,178.707,9.05,-5.606,0.2338,1.0087,109,7.802,63.87,115.5,49.47
5349,178.741,8.35,-5.97,0.1929,1.0103,124,7.005,66.27,114.0,47.97
5350,178.774,9.974,-6.184,0.3042,1.0095,149,6.599,63.67,112.4,46.35
5351,178.807,10.014,-6.064,0.3009,1.0094,132,6.351,56.09,110.88,44.74
5352,178.841,9.728,-5.982,0.2682,1.0099,112,6.235,50.44,109.12,42.42
5353,178.874,10.527,-6.541,0.3611,1.01,91,6.169,52.23,107.3,39.83
5354,178.908,10.036,-6.479,0.3329,1.0103,80,5.904,50.22,106.04,36.88
5355,178.941,10.06,-6.73,0.3304,1.0107,76,5.846,40.46,104.76,33.37
5356,178.974,11.1,-8.05,0.4575,1.0111,62,5.694,36.45,103.16,29.3
5357,179.008,11.894,-7.253,0.4848,1.009,44,5.292,34.97,102.05,25.59
5358,179.041,9.939,-6.711,0.3385,1.0107,29,4.861,30.28,101.5,23.69
5359,179.075,10.442,-7.028,0.3812,1.0105,26,4.254,10.25,101.88,22.65
5360,179.108,14.888,-5.91,0.6538,1.0059,21,2.949,6.63,102.93,22.26
5361,179.142,8.499,-9.027,0.875,1.0046,17,2.576,4.95,104.2,21.72
5362,179.175,7.602,-9.155,0.8043,1.0048,20,1.808,3.58,104.98,21.47
5363,179.208,6.152,-11.157,0.7705,1.0075,24,1.396,2.65,105.62,21.62
5364,179.242,4.815,-8.799,0.549,1.0057,64,1.291,2.37,106.35,21.94
5365,179.275,6.889,-9.896,0.7542,1.0054,44,1.958,2.42,107.69,22.2
5366,179.309,5.023,-5.928,0.4965,1.0025,54,0.801,3.46,107.76,22.2
5367,179.342,6.494,-9.347,0.7206,1.0047,41,1.057,4.22,108.18,22.11
5368,179.375,14.932,8.272,0.4838,0.9824,63,3.142,3.86,110.81,23.14
5369,179.409,14.757,8.347,0.4646,0.9821,64,1.987,3.38,112.32,23.47
5370,179.442,14.541,8.709,0.4624,0.9817,43,2.142,3.55,114.03,23.7
5371,179.476,13.742,8.187,0.3869,0.9828,42,2.147,3.58,115.7,23.98
5372,179.509,14.508,9.847,0.3917,0.98,41,1.874,3.9,117.11,24.14
5373,179.543,15.172,9.441,0.4149,0.9806,43,0.722,3.68,117.25,24.07
5374,179.576,15.101,9.365,0.4025,0.9808,45,0.965,3.57,117.62,24.06
5375,179.609,15.878,10.623,0.4169,0.9788,41,0.775,3.63,117.86,23.95
5376,179.643,11.706,6.552,0.2519,0.9874,49,0.962,3.87,118.28,23.98
5377,179.676,9.732,0.295,0.2121,0.9977,38,0.937,3.91,118.69,24.03
5378,179.71,12.073,9.922,0.3059,0.9815,48,0.812,3.93,119.21,23.84
5379,179.743,10.088,5.017,0.1653,0.9905,48,0.865,5.92,119.57,23.75
5380,179.776,12.556,6.007,0.269,0.988,43,1.034,7.09,119.95,23.84
5381,179.81,12.245,4.842,0.2636,0.99,49,1.088,6.55,120.44,24.02
5382,179.843,10.881,2.63,0.2144,0.9941,45,1.203,5.73,121.03,24.18
5383,179.877,12.018,4.294,0.1964,0.9914,44,1.464,6.71,121.9,24.32
5384,179.91,12.936,5.436,0.202,0.9894,40,1.055,6.7,122.24,24.39
5385,179.944,12.664,3.257,0.2283,0.9929,43,1.418,6.61,122.97,24.69
5386,179.977,17.057,-0.421,0.5789,0.9966,27,2.6,4.64,124.68,24.99
5387,180.01,13.248,3.796,0.2013,0.992,33,0.776,5.0,124.9,25.02
5388,180.044,15.296,-1.413,0.4617,0.9993,40,1.73,6.0,126.02,25.48
5389,180.077,17.406,2.454,0.4667,0.9928,41,1.706,6.34,127.15,25.64
5390,180.111,14.179,1.289,0.2982,0.9963,33,1.454,5.12,128.07,25.86
5391,180.144,13.841,-3.852,0.4143,1.0038,47,1.954,5.2,129.45,26.23
5392,180.177,17.873,2.738,0.4692,0.9926,48,1.943,7.51,130.83,26.56
5393,180.211,13.34,-5.277,0.4353,1.0066,39,1.155,11.75,131.3,26.55
5394,180.244,16.548,-7.533,0.7434,1.0079,34,0.993,8.58,131.66,26.5
5395,180.278,13.491,-5.458,0.4702,1.0069,34,1.166,5.05,132.14,26.51
5396,180.311,13.75,-4.079,0.4395,1.0048,40,1.306,8.07,132.56,26.73
5397,180.345,14.098,-8.002,0.6134,1.0094,42,1.416,9.63,132.96,26.77
5398,180.378,19.746,-1.912,0.7812,0.9978,43,1.62,9.2,133.36,26.93
5399,180.411,16.319,-8.606,0.771,1.0087,37,1.209,7.09,133.43,26.71
5400,180.445,19.197,-2.448,0.729,0.9992,48,1.875,7.38,133.9,26.9
5401,180.478,18.491,-3.382,0.6792,1.0009,54,1.709,7.41,134.53,26.85
5402,180.512,18.749,-3.328,0.6809,1.0008,47,1.694,7.68,135.05,26.84
5403,180.545,18.815,-4.911,0.7143,1.003,44,2.008,6.86,135.83,27.14
5404,180.578,19.407,-2.554,0.6878,0.9995,35,1.797,8.49,135.73,27.68
5405,180.612,19.303,-3.569,0.6959,1.0011,38,2.76,10.38,135.95,28.59
5406,180.645,18.185,-0.531,0.5207,0.9979,45,2.852,11.68,135.73,29.44
5407,180.679,17.93,0.276,0.469,0.9971,45,3.208,12.36,134.88,30.19
5408,180.712,17.806,1.034,0.5079,0.9937,53,3.807,14.04,134.16,30.79
5409,180.745,16.295,-0.624,0.3725,0.9981,75,4.545,16.97,133.94,31.37
5410,180.779,15.026,1.662,0.2104,0.9921,62,4.374,18.87,133.46,31.56
5411,180.812,15.766,-0.422,0.3495,0.9985,34,4.537,18.62,132.82,31.64
5412,180.846,14.805,-0.763,0.3047,0.9998,29,4.548,17.94,132.56,31.34
5413,180.879,15.282,-1.027,0.3697,0.999,31,4.523,18.93,132.25,31.32
5414,180.913,14.854,-2.03,0.3851,1.0002,26,4.564,18.2,132.13,31.19
5415,180.946,13.908,-1.534,0.3186,1.0001,25,4.534,19.31,132.05,30.99
5416,180.979,14.018,0.068,0.2688,0.9957,28,4.196,19.13,131.92,30.74
5417,181.013,14.16,0.431,0.279,0.9947,24,4.353,18.16,131.86,30.7
5418,181.046,14.381,-0.15,0.3226,0.9952,25,4.466,18.28,131.93,30.76
5419,181.08,13.236,-0.16,0.2378,0.9958,26,4.512,20.06,132.2,30.74
5420,181.113,13.876,0.11,0.2633,0.995,28,4.145,19.73,132.1,30.57
5421,181.146,14.423,0.169,0.2904,0.9939,28,4.398,19.69,132.13,30.62
5422,181.18,13.456,-1.135,0.2891,0.9973,27,4.306,19.94,132.2,30.53
5423,181.213,13.593,-0.586,0.2535,0.9961,33,4.525,20.57,132.56,30.58
5424,181.247,12.788,-1.439,0.1956,0.9986,33,4.251,19.69,132.56,30.48
5425,181.28,13.263,-1.002,0.2267,0.997,31,4.247,20.38,132.52,30.36
5426,181.314,13.807,-0.99,0.2688,0.9966,34,4.544,20.59,132.86,30.33
5427,181.347,13.89,-1.853,0.263,0.9987,31,4.845,20.44,133.34,30.48
5428,181.38,13.793,-1.946,0.2562,0.9992,31,4.601,20.64,133.47,30.47
5429,181.414,13.304,-1.825,0.1893,0.9994,29,4.409,19.61,133.43,30.41
5430,181.447,13.548,-1.935,0.2009,0.9999,31,4.722,19.06,133.64,30.63
5431,181.481,13.786,-3.163,0.2868,1.0014,24,5.077,20.21,134.05,31.01
5432,181.514,13.085,-3.028,0.2318,1.0018,28,4.506,19.95,133.94,31.05
5433,181.547,14.396,-3.613,0.3826,1.001,28,4.674,20.61,134.09,31.36
5434,181.581,13.039,-3.512,0.2679,1.0027,28,4.458,20.29,133.88,31.49
5435,181.614,12.71,-3.717,0.2748,1.0029,29,4.766,20.67,134.02,31.93
5436,181.648,13.119,-3.458,0.2868,1.0022,31,4.542,21.35,133.83,32.24
5437,181.681,12.189,-3.549,0.2533,1.0035,31,4.785,21.42,133.97,32.65
5438,181.715,11.283,-2.961,0.1485,1.0037,36,4.402,21.32,133.73,32.75
5439,181.748,13.324,-1.437,0.1565,0.9983,33,4.746,21.76,133.79,33.2
5440,181.781,12.531,-3.494,0.2771,1.0028,24,4.107,20.26,133.57,33.44
5441,181.815,12.6,-3.402,0.2758,1.0023,27,4.031,18.16,133.72,33.55
5442,181.848,11.78,-4.009,0.2734,1.0044,26,4.073,16.81,134.09,33.57
5443,181.882,12.194,-4.526,0.3194,1.0054,21,4.133,17.59,134.33,33.68
5444,181.915,13.191,-4.061,0.3597,1.0037,22,4.286,17.76,134.61,33.88
5445,181.948,13.078,-4.095,0.3538,1.0038,19,3.714,13.13,135.75,34.1
5446,181.982,13.205,-4.283,0.3525,1.0045,12,3.659,9.32,136.92,34.41
5447,182.015,0.324,0.104,0.3371,1.0,11,2.562,5.05,138.04,34.13
5448,182.049,14.95,3.646,0.3377,0.9892,22,2.359,5.01,139.05,33.62
5449,182.082,12.461,-6.009,0.5127,1.0073,23,2.171,4.73,140.08,32.92
5450,182.116,13.869,-4.922,0.393,1.004,27,1.284,4.15,140.12,33.17
5451,182.149,13.832,-0.887,0.3433,0.9979,60,1.007,4.23,140.25,33.51
5452,182.182,14.554,-2.347,0.4228,1.0001,69,1.428,4.36,140.17,34.08
5453,182.216,16.514,-1.333,0.5594,0.9977,64,1.446,4.36,140.03,34.42
5454,182.249,15.337,-1.32,0.4792,0.9984,86,1.444,4.17,140.56,35.0
5455,182.283,14.894,-1.062,0.372,0.9985,118,1.559,4.05,141.52,35.5
5456,182.316,15.213,-1.405,0.4125,0.9993,129,1.669,4.04,142.47,35.89
5457,182.349,14.749,-2.079,0.3805,1.0008,136,1.87,3.97,143.58,36.4
5458,182.383,15.267,-0.965,0.3876,0.999,129,1.83,3.97,144.5,36.71
5459,182.416,17.271,-4.533,0.5675,1.0037,102,1.745,3.97,145.35,36.93
5460,182.45,17.225,-4.498,0.5589,1.0035,128,2.232,4.2,146.64,37.21
5461,182.483,17.029,-4.949,0.5661,1.0043,94,2.26,4.27,147.87,37.52
5462,182.517,16.629,-2.625,0.5092,1.0011,106,2.198,4.31,148.52,37.59
5463,182.55,16.235,-3.393,0.484,1.0025,102,2.187,4.37,149.06,37.45
5464,182.583,16.426,-8.351,0.6147,1.0095,91,2.288,4.22,149.42,37.36
5465,182.617,14.808,-1.835,0.2344,1.002,93,2.574,4.16,149.44,37.57
5466,182.65,21.616,-1.623,0.6504,0.9981,110,2.635,4.22,149.81,37.57
5467,182.684,17.4,-2.247,0.3203,1.0021,143,2.615,4.23,149.97,37.53
5468,182.717,15.231,-0.395,0.0519,1.0006,67,2.617,3.84,148.99,37.3
5469,182.75,24.758,-0.15,0.7245,0.9945,68,2.751,3.67,148.21,37.39
5470,182.784,24.684,1.014,0.6341,0.9932,52,2.943,3.75,147.05,37.19
5471,182.817,15.072,-0.061,-0.029,0.9972,62,2.792,3.82,146.62,37.23
5472,182.851,15.822,-0.225,-0.0194,0.9951,56,2.714,3.97,145.55,36.98
5473,182.884,14.9,-0.734,-0.0913,0.9971,49,2.886,3.89,144.14,36.79
5474,182.918,25.922,-6.036,0.9,1.0026,56,2.709,3.8,143.16,36.76
5475,182.951,29.112,-3.087,1.0146,0.9973,40,2.837,3.61,141.73,36.62
5476,182.984,31.071,-6.652,1.0331,1.0021,57,2.751,3.77,140.2,36.55
5477,183.018,-0.297,-0.685,-0.0188,1.0007,49,2.732,3.81,138.53,36.16
5478,183.051,23.372,-2.315,0.7428,0.9979,47,2.772,3.68,137.09,36.14
5479,183.085,23.475,-3.173,0.5196,0.9992,68,2.645,3.73,135.87,36.03
5480,183.118,26.402,-2.816,0.9394,0.9975,63,2.371,3.8,134.95,35.97
5481,183.151,25.646,-2.592,0.8643,0.9971,101,2.444,3.85,133.8,35.72
5482,183.185,24.475,-0.205,0.6965,0.9938,117,2.355,3.61,132.76,35.69
5483,183.218,22.921,-3.612,0.6369,0.9991,146,2.313,3.65,131.67,35.56
5484,183.252,24.043,-4.621,0.7609,1.0006,137,1.95,3.45,131.18,35.66
5485,183.285,26.179,-5.139,0.9549,0.9998,113,2.258,3.5,130.15,35.72
5486,183.319,22.929,-3.206,0.6274,0.9988,167,1.785,3.47,129.67,35.84
5487,183.352,19.862,-3.489,0.5744,0.9999,92,1.902,3.57,129.57,36.17
5488,183.385,19.454,-2.337,0.5138,0.9976,92,1.969,3.63,129.14,36.19
5489,183.419,18.954,-2.337,0.4547,0.998,91,1.982,3.59,129.22,36.46
5490,183.452,18.173,-2.033,0.3253,0.9985,126,1.947,3.6,128.81,36.48
5491,183.486,24.599,-1.222,0.8964,0.9935,73,2.112,3.57,129.16,36.85
5492,183.519,17.816,-3.664,0.513,1.0002,54,2.033,3.53,129.46,36.89
5493,183.552,17.479,-3.524,0.4729,1.0,71,1.955,3.53,129.43,36.84
5494,183.586,19.463,-3.251,0.5986,0.9987,53,1.873,3.57,129.23,36.8
5495,183.619,16.933,-4.856,0.4793,1.0023,54,1.854,3.82,128.82,36.61
5496,183.653,15.503,-3.548,0.3985,1.0,63,1.667,3.83,128.8,36.51
5497,183.686,13.073,-4.931,0.2969,1.005,48,1.75,3.83,129.08,36.47
5498,183.719,16.089,-1.717,0.5531,0.9965,45,1.336,3.94,128.82,36.24
5499,183.753,12.755,-2.93,0.3968,0.9998,41,1.305,4.62,129.04,35.88
5500,183.786,11.964,-1.99,0.3594,0.9987,53,1.232,4.31,128.88,35.52
5501,183.82,11.266,-2.249,0.3163,0.9994,47,1.143,4.04,128.66,35.21
5502,183.853,11.473,-1.15,0.3687,0.9976,50,0.93,5.35,128.39,34.96
5503,183.887,10.626,-0.329,0.35,0.9967,49,0.835,5.47,128.19,34.77
5504,183.92,7.813,0.423,0.1699,0.9965,57,0.811,5.37,128.06,34.57
5505,183.953,6.493,0.694,0.2138,0.9961,48,0.765,6.24,127.99,34.41
5506,183.987,4.217,1.519,0.1086,0.9966,48,1.183,5.8,127.87,34.21
5507,184.02,0.831,0.322,-0.0105,0.9998,56,0.164,5.98,127.86,34.14
5508,184.054,0.684,0.73,0.0116,0.9987,63,0.098,5.93,127.89,34.1
5509,184.087,-0.216,1.22,0.0449,0.9987,55,0.335,6.15,128.11,34.14
5510,184.12,1.19,1.595,0.1756,0.9972,48,0.848,6.16,128.77,34.35
5511,184.154,-8.501,3.993,-0.2211,0.997,31,1.715,5.13,130.11,34.54
5512,184.187,-13.726,2.677,-0.3759,1.0014,29,2.123,4.54,131.71,35.09
5513,184.221,-23.713,-10.142,-0.6133,1.0264,23,2.721,5.13,133.85,35.53
5514,184.254,-15.507,6.653,-0.4367,0.9952,47,1.961,5.09,135.01,35.91
5515,184.288,-18.053,5.68,-0.5325,0.998,40,1.904,4.36,136.06,36.37
5516,184.321,-20.212,5.021,-0.5231,0.9989,52,2.184,4.06,137.02,36.81
5517,184.354,-21.834,6.959,-0.605,0.9957,41,2.535,4.08,137.98,37.15
5518,184.388,-22.409,0.18,-0.3475,1.0064,36,2.743,4.11,138.86,37.52
5519,184.421,-28.254,8.397,-0.9454,0.9961,47,3.054,3.97,139.49,37.7
5520,184.455,-27.456,0.352,-0.6445,1.0076,48,3.037,4.02,140.02,37.88
5521,184.488,-31.038,4.936,-0.9901,1.0017,49,3.253,3.75,139.74,37.74
5522,184.521,-28.925,13.146,-1.1144,0.9891,38,3.344,3.67,139.66,37.7
5523,184.555,-29.132,11.919,-0.8973,0.9901,51,3.057,3.39,138.75,37.32
5524,184.588,-32.895,9.937,-1.2524,0.9955,38,2.639,3.47,138.38,37.07
5525,184.622,-31.994,10.893,-1.0891,0.993,83,2.549,3.51,137.74,36.7
5526,184.655,-35.425,2.365,-1.001,1.0051,65,2.762,3.3,136.9,36.45
5527,184.689,-33.213,7.057,-1.0587,0.9977,86,2.8,3.31,136.69,36.37
5528,184.722,-25.148,2.029,-0.2966,0.9993,106,2.798,3.3,136.76,36.28
5529,184.755,-34.659,3.982,-1.0702,1.0029,88,2.837,3.1,136.12,35.86
5530,184.789,-21.879,2.164,-0.0877,0.9977,64,3.053,3.08,136.33,35.8
5531,184.822,-35.583,8.232,-1.3117,0.998,60,3.11,2.91,134.64,35.19
5532,184.856,-34.433,14.152,-1.3405,0.9896,64,2.747,2.88,134.14,35.18
5533,184.889,-27.31,6.93,-0.6596,0.9946,77,2.906,2.92,132.93,34.83
5534,184.922,-33.387,5.98,-1.0589,0.9998,97,2.904,2.92,132.25,34.61
5535,184.956,-35.186,6.17,-1.1924,1.0005,80,3.106,2.83,131.71,34.47
5536,184.989,-30.57,4.938,-0.8727,0.9992,81,2.695,2.8,131.08,34.49
5537,185.023,-38.307,-0.479,-1.2772,1.0111,60,2.792,2.71,131.58,34.97
5538,185.056,-38.344,1.023,-1.281,1.0089,82,2.515,2.61,131.24,34.99
5539,185.09,-32.543,0.175,-0.7986,1.0074,73,2.897,2.62,131.63,35.35
5540,185.123,-34.202,1.692,-0.9616,1.0061,105,2.812,2.53,131.23,35.3
5541,185.156,-35.751,-2.266,-1.0293,1.0131,125,2.782,2.55,130.81,35.28
5542,185.19,-33.746,-0.856,-0.9867,1.0102,136,2.553,2.6,130.04,35.0
5543,185.223,-30.996,7.262,-1.0376,0.9978,144,2.766,2.58,128.98,34.68
5544,185.257,-35.245,0.219,-1.1217,1.0104,139,2.422,2.57,128.15,34.31
5545,185.29,-29.003,6.745,-0.8155,0.9973,145,2.711,2.73,126.75,33.9
5546,185.323,-30.788,-0.162,-0.7359,1.0094,131,1.992,2.83,126.32,33.66
5547,185.357,-29.152,-0.187,-0.634,1.0078,141,2.316,2.86,125.22,32.99
5548,185.39,-28.606,3.64,-0.8662,1.0027,63,2.34,3.48,124.26,32.78
5549,185.424,-30.302,0.835,-0.8336,1.0085,46,3.996,4.15,121.83,33.82
5550,185.457,-1.023,-0.563,-0.8063,1.0,8,4.671,8.93,120.38,33.72
5551,185.491,-25.522,7.398,-0.584,0.9965,16,5.563,12.06,119.74,33.62
5552,185.524,-21.896,9.134,-0.6105,0.9896,25,6.316,14.05,119.9,33.8
5553,185.557,-22.929,9.206,-0.686,0.9904,24,6.501,15.84,119.9,33.69
5554,185.591,-22.364,7.753,-0.5752,0.9929,21,6.693,16.61,120.06,33.48
5555,185.624,-23.481,8.094,-0.6786,0.9939,19,7.248,18.16,120.87,33.06
5556,185.658,-22.909,7.394,-0.5971,0.9945,21,7.239,17.64,121.6,32.68
5557,185.691,-21.666,7.641,-0.4666,0.9907,22,7.078,19.32,122.13,32.55
5558,185.724,-23.851,6.997,-0.669,0.997,23,6.897,21.02,122.81,32.49
5559,185.758,-22.916,5.084,-0.4896,0.9991,23,6.839,20.12,123.09,32.4
5560,185.791,-22.791,3.499,-0.4029,1.0023,21,6.936,20.66,123.15,32.48
5561,185.825,-24.107,4.352,-0.5609,1.0013,22,7.05,18.73,123.31,32.5
5562,185.858,-22.848,2.778,-0.3645,1.0034,21,6.873,19.19,123.64,32.5
5563,185.892,-24.871,3.291,-0.5522,1.0035,25,6.677,18.21,124.32,32.63
5564,185.925,-24.967,2.551,-0.4985,1.0047,26,6.854,18.2,124.92,32.78
5565,185.958,-25.627,1.778,-0.437,1.0062,24,7.166,18.51,125.47,32.92
5566,185.992,-26.59,1.45,-0.4378,1.0068,25,7.934,16.94,126.04,33.07
5567,186.025,-27.964,0.414,-0.5734,1.0102,25,7.313,16.6,126.61,33.29
5568,186.059,-28.694,0.498,-0.5767,1.0098,24,7.741,17.44,127.11,33.63
5569,186.092,-29.128,-0.661,-0.5405,1.0131,20,7.78,17.49,128.12,33.37
5570,186.125,-28.114,-1.653,-0.3909,1.0141,40,7.349,11.32,129.15,32.53
5571,186.159,-29.54,4.325,-0.6123,0.9984,21,6.37,7.11,131.26,30.74
5572,186.192,-43.133,10.991,-1.6275,1.0007,20,5.111,4.73,132.63,28.38
5573,186.226,-41.764,8.104,-1.4585,1.0029,33,3.519,4.56,132.82,27.46
5574,186.259,-45.614,8.626,-1.6711,1.0051,32,2.996,4.35,132.43,27.33
5575,186.292,-43.514,10.701,-1.6966,1.0019,37,2.619,4.24,131.65,27.48
5576,186.326,-42.1,11.615,-1.6456,1.0,61,1.869,4.1,130.81,27.79
5577,186.359,-38.503,9.857,-1.3771,0.9998,60,1.928,4.45,129.31,28.04
5578,186.393,-44.312,5.314,-1.5473,1.0086,69,2.037,4.12,127.77,27.99
5579,186.426,-41.877,6.781,-1.4363,1.0056,59,1.871,4.04,126.7,27.87
5580,186.46,-44.054,5.223,-1.4811,1.0091,51,1.626,3.54,126.33,27.76
5581,186.493,-45.475,3.691,-1.5237,1.0116,73,2.215,3.24,125.33,27.13
5582,186.526,-41.753,1.106,-1.217,1.0133,74,2.037,3.04,125.37,26.99
5583,186.56,-45.749,1.573,-1.4971,1.0149,67,2.28,3.12,125.74,26.75
5584,186.593,-46.302,1.444,-1.5354,1.0151,83,2.282,3.02,126.2,26.46
5585,186.627,-33.414,10.749,-1.0204,0.9965,90,2.128,3.0,126.73,26.25
5586,186.66,-27.216,14.942,-0.7756,0.988,70,2.675,2.81,127.88,26.26
5587,186.693,-46.262,-16.194,-1.2199,1.0392,68,2.636,2.92,129.0,26.17
5588,186.727,-35.265,-1.065,-0.7832,1.0153,52,2.983,2.92,130.64,26.17
5589,186.76,-24.814,17.737,-0.6057,0.9841,81,2.008,2.31,131.42,25.77
5590,186.794,-34.075,10.438,-1.0659,0.9994,54,2.586,2.06,132.86,25.57
5591,186.827,-32.704,12.879,-0.9798,0.995,88,2.464,1.53,134.28,25.23
5592,186.861,-34.474,11.721,-1.0601,0.997,81,2.403,1.31,135.79,24.79
5593,186.894,-36.025,12.198,-1.19,0.9985,73,1.994,1.29,137.11,24.11
5594,186.927,-35.314,2.784,-0.9739,1.0109,66,2.123,1.3,138.65,23.29
5595,186.961,-37.619,7.058,-1.2208,1.0068,48,2.404,1.47,140.44,22.62
5596,186.994,-0.09,0.028,0.0006,0.9999,56,1.32,1.21,141.34,21.35
5597,187.028,-0.041,-0.091,-0.0072,1.0001,49,1.284,1.09,142.28,19.78
5598,187.061,-0.026,-0.013,0.0003,1.0,64,1.103,1.01,143.12,17.89
5599,187.094,-0.029,-0.006,0.0001,1.0,67,1.122,1.07,143.93,15.85
5600,187.128,-0.102,-0.082,-0.0052,1.0002,74,1.137,1.02,144.68,13.76
5601,187.161,-0.033,-0.037,0.0023,1.0001,112,0.855,0.96,145.24,11.67
5602,187.195,-0.019,-0.033,0.004,1.0002,114,0.699,0.92,145.76,9.79
5603,187.228,-0.026,-0.066,0.0008,1.0001,127,0.497,0.87,146.05,8.68
5604,187.262,-0.14,-0.039,-0.0106,1.0002,122,0.784,1.47,146.0,9.09
5605,187.295,-0.2,-0.08,-0.0079,1.0004,119,4.294,1.9,142.56,16.98
5606,187.328,-33.555,5.413,-0.765,1.0071,12,8.07,25.06,143.05,23.55
5607,187.362,-29.17,5.962,-0.7696,0.9982,34,11.103,34.24,146.46,30.35
5608,187.395,-29.666,5.275,-0.7976,1.0004,72,11.645,59.08,149.64,35.64
5609,187.429,-22.008,-0.428,-0.2749,1.004,153,11.68,110.12,152.61,39.7
5610,187.462,-19.09,-3.075,-0.0949,1.0067,205,13.374,146.76,157.15,42.24
5611,187.495,-17.718,-3.477,-0.0526,1.0076,238,13.042,157.34,160.82,44.04
5612,187.529,-16.319,-3.548,-0.0419,1.0085,294,12.911,74.06,163.92,45.34
5613,187.562,-15.258,-3.709,-0.0137,1.0093,308,12.794,86.85,166.54,46.51
5614,187.596,-14.473,-4.774,0.0438,1.011,336,13.077,137.11,168.56,47.65
5615,187.629,-13.951,-5.632,0.0985,1.0122,337,13.537,167.18,169.2,49.43
5616,187.663,-11.967,-5.95,0.1318,1.0134,337,14.081,99.68,168.35,51.63
5617,187.696,-10.148,-6.174,0.1942,1.0138,294,14.529,116.51,166.61,54.31
5618,187.729,-8.588,-6.72,0.2516,1.0148,264,15.158,149.44,164.53,57.21
5619,187.763,-8.313,-7.368,0.2569,1.0167,294,15.865,259.01,162.84,60.12
5620,187.796,-8.593,-7.727,0.2315,1.0182,278,17.198,347.66,160.3,63.44
5621,187.83,-7.641,-7.673,0.254,1.0182,277,17.725,425.97,157.93,66.53
5622,187.863,-6.356,-6.962,0.2767,1.017,299,18.674,512.5,155.69,68.95
5623,187.896,-3.22,-5.936,0.3933,1.0146,323,19.692,599.54,153.51,71.07
5624,187.93,-2.948,-5.483,0.3392,1.0139,365,18.908,495.17,152.23,72.55
5625,187.963,-2.033,-4.597,0.3161,1.0121,312,17.027,243.15,149.92,73.86
5626,187.997,-1.348,-3.542,0.2526,1.0098,379,14.814,226.55,148.16,75.0
5627,188.03,-0.609,-3.463,0.2703,1.0098,380,14.318,260.11,146.41,75.4
5628,188.064,-0.475,-3.961,0.2932,1.0109,383,15.219,499.56,144.86,75.87
5629,188.097,-0.151,-4.368,0.3193,1.0114,381,15.877,533.39,143.39,75.9
5630,188.13,0.082,-4.259,0.3046,1.0115,393,15.938,647.0,141.82,75.63
5631,188.164,0.917,-4.575,0.3252,1.0117,381,16.144,687.05,140.15,75.13
5632,188.197,1.092,-4.299,0.3051,1.0111,393,13.049,734.68,138.56,75.0
5633,188.231,1.582,-4.262,0.3085,1.0107,391,10.37,747.87,138.27,74.5
5634,188.264,1.915,-4.144,0.2984,1.0104,383,10.546,752.6,137.36,73.93
5635,188.297,1.727,-3.773,0.243,1.0099,365,9.233,765.97,136.52,73.5
5636,188.331,1.65,-5.509,0.2767,1.0119,318,9.797,769.24,135.15,72.91
5637,188.364,0.286,-0.428,0.0291,1.0004,317,5.021,795.5,134.92,72.38
5638,188.398,5.094,-2.326,0.403,1.0003,172,8.126,797.97,133.63,71.81
5639,188.431,2.245,-2.515,0.1541,1.008,228,9.683,789.99,131.35,71.14
5640,188.465,1.563,-4.552,0.184,1.0115,258,10.268,772.35,129.86,70.57
5641,188.498,0.364,-0.008,0.0232,0.9999,315,4.201,792.75,130.24,70.11
5642,188.531,0.175,-0.046,0.0135,1.0,318,4.195,809.15,130.22,69.42
5643,188.565,0.24,-0.178,0.0212,1.0001,244,7.135,814.8,129.77,68.67
5644,188.598,0.181,-0.607,0.0307,1.0007,282,6.079,822.66,129.64,67.71
5645,188.632,0.329,-0.293,0.0292,1.0002,364,3.398,842.97,130.22,66.75
5646,188.665,0.157,-0.232,0.0184,1.0002,369,3.212,866.58,130.98,65.61
5647,188.698,0.243,-0.328,0.0268,1.0003,354,4.112,882.49,132.06,64.12
5648,188.732,0.248,-0.153,0.0204,1.0001,361,3.816,890.74,133.01,62.88
5649,188.765,0.138,-0.122,0.0116,1.0001,355,3.746,906.63,133.62,61.37
5650,188.799,0.143,-0.136,0.0142,1.0001,360,3.47,916.29,134.37,59.94
5651,188.832,0.153,-0.144,0.0133,1.0002,364,3.477,924.17,135.17,58.65
5652,188.866,0.056,-0.105,0.0074,1.0002,378,2.99,936.13,135.38,57.57
5653,188.899,0.105,-0.072,0.0091,1.0001,379,2.717,945.52,136.07,56.57
5654,188.932,0.068,-0.025,0.0051,1.0001,364,2.644,957.58,136.3,55.72
5655,188.966,0.058,0.033,0.0037,1.0,382,2.019,963.89,136.43,55.13
5656,188.999,0.014,0.034,0.0002,1.0,364,1.952,969.6,136.43,54.84
5657,189.033,0.015,0.161,-0.0044,0.9999,364,1.771,974.56,136.22,54.85
5658,189.066,-0.033,0.348,-0.0141,0.9997,380,1.707,975.06,135.87,54.72
5659,189.099,-0.024,0.412,-0.0141,0.9996,363,1.862,981.34,135.61,54.75
5660,189.133,-0.035,0.356,-0.0142,0.9997,364,1.749,986.48,135.27,54.82
5661,189.166,-0.098,0.47,-0.0227,0.9996,349,1.798,1001.79,135.0,54.73
5662,189.2,0.002,0.534,-0.0164,0.9994,331,2.177,1006.05,134.76,54.68
5663,189.233,-0.114,0.648,-0.0288,0.9993,335,2.352,1016.64,134.43,54.48
5664,189.266,-0.144,0.235,-0.0144,0.9998,263,3.018,1040.07,134.16,54.39
5665,189.3,-0.076,0.144,-0.0071,0.9999,224,3.609,1046.22,133.94,54.2
5666,189.333,-0.085,0.098,-0.0053,0.9999,239,4.048,1055.39,133.66,53.9
5667,189.367,-0.116,0.142,-0.0083,0.9999,213,4.585,1064.77,133.38,53.82
5668,189.4,-0.045,0.037,-0.0007,1.0,199,4.797,1066.87,133.1,53.64
5669,189.434,-0.086,0.073,-0.0038,1.0,189,5.198,1077.54,132.82,53.51
5670,189.467,-0.031,0.031,-0.0013,1.0,180,5.313,1100.95,132.48,53.39
5671,189.5,-0.113,0.056,-0.0059,1.0001,182,5.411,1113.62,132.34,53.56
5672,189.534,-0.099,0.038,-0.0032,1.0001,188,5.342,1114.54,132.1,53.69
5673,189.567,-0.041,0.081,-0.0013,1.0,175,5.758,1120.35,131.76,53.74
5674,189.601,-0.1,0.021,0.0011,1.0001,176,6.078,1142.16,131.38,54.05
5675,189.634,-0.09,0.014,-0.0012,1.0001,188,5.693,1155.08,130.87,54.2
5676,189.667,-0.139,0.002,-0.0044,1.0001,207,5.79,1168.3,130.45,54.5
5677,189.701,-0.085,0.014,0.0015,1.0001,170,6.609,1188.18,129.14,54.75
5678,189.734,-0.06,-0.008,0.0027,1.0001,225,5.763,1199.85,128.29,54.84
5679,189.768,-0.12,0.068,-0.0042,1.0001,213,5.355,1217.35,127.82,54.89
5680,189.801,-0.132,0.025,0.0011,1.0002,234,5.366,1226.88,126.8,55.13
5681,189.835,-0.09,0.038,0.0035,1.0001,241,5.213,1249.94,126.06,55.15
5682,189.868,-0.205,0.178,-0.0101,1.0001,299,4.476,1271.24,125.29,55.28
5683,189.901,-0.209,0.227,-0.0082,1.0001,309,3.982,1290.11,124.44,55.49
5684,189.935,-0.23,0.204,-0.0094,1.0002,306,4.224,1311.17,123.59,55.68
5685,189.968,-0.183,0.215,-0.0097,1.0,400,2.037,1318.35,122.99,55.92
5686,190.002,0.648,0.65,0.2126,0.9999,92,22.365,74.9,113.61,59.99
5687,190.035,0.056,-0.047,0.0096,1.0,270,0.057,77.12,113.59,60.0
5688,190.068,0.015,-0.19,0.0127,1.0002,259,0.245,80.9,113.57,60.03
5689,190.102,0.122,-0.668,0.0374,1.0008,267,0.679,91.26,113.52,60.04
5690,190.135,0.335,-0.972,0.0681,1.0009,251,1.202,97.88,113.55,60.03
5691,190.169,0.473,-1.048,0.0756,1.0005,239,1.578,117.89,113.24,59.89
5692,190.202,0.519,-0.601,0.0272,0.9996,242,1.921,140.55,112.97,59.89
5693,190.236,0.469,-1.003,0.0688,1.0003,307,1.987,160.63,112.87,59.87
5694,190.269,0.363,-0.657,0.0365,0.9999,288,2.249,179.07,112.53,59.79
5695,190.302,0.34,-0.594,0.0364,0.9999,319,2.147,202.7,112.38,59.91
5696,190.336,0.4,-0.663,0.0474,0.9999,336,2.13,225.97,112.13,59.86
5697,190.369,0.465,-0.656,0.0518,0.9998,352,2.202,253.99,111.78,59.97
5698,190.403,0.361,-0.755,0.0626,1.0001,359,2.367,274.52,111.52,60.17
5699,190.436,0.433,-0.578,0.0557,0.9997,359,2.582,292.11,111.03,60.33
5700,190.469,4.2,-3.841,0.6636,0.9983,94,16.395,116.77,102.5,63.06
5701,190.503,1.554,-2.022,0.3262,0.9996,288,3.2,104.44,102.44,63.35
5702,190.536,1.353,-1.64,0.2817,0.9988,220,3.758,99.07,102.51,63.81
5703,190.57,0.917,-1.333,0.2973,0.9975,267,4.902,110.26,101.82,64.52
5704,190.603,-2.555,-1.464,0.0667,1.0008,283,5.376,100.83,102.04,64.82
5705,190.637,-1.224,-0.656,0.1502,0.9984,277,5.547,92.04,102.23,65.07
5706,190.67,-1.247,-0.705,0.1611,0.998,275,5.916,83.68,102.51,65.41
5707,190.703,0.106,-1.0,0.3037,0.9963,231,6.077,80.37,102.61,65.7
5708,190.737,-1.499,-0.232,0.1051,0.9972,263,6.031,80.2,102.88,66.04
5709,190.77,-0.171,-1.169,0.2545,0.998,215,5.393,76.53,103.32,66.29
5710,190.804,1.194,-2.534,0.5958,1.0004,163,5.628,74.94,103.79,66.42
5711,190.837,-3.891,-0.584,-0.0368,0.9995,131,5.961,72.42,104.08,66.75
5712,190.87,-1.282,-1.165,0.1853,0.9996,281,5.032,73.0,104.6,66.94
5713,190.904,-0.09,-1.524,0.3032,0.9983,308,4.686,71.35,104.95,67.08
5714,190.937,0.025,-1.382,0.3692,0.9985,210,4.957,69.05,105.37,67.07
5715,190.971,1.292,-0.76,0.3565,0.9961,255,5.198,68.16,105.89,67.13
5716,191.004,0.292,-0.206,0.2419,0.9959,241,5.631,79.7,106.05,67.35
5717,191.038,-2.139,-1.217,0.1898,1.0015,322,5.622,84.97,106.44,67.5
5718,191.071,-1.382,-1.179,0.2808,0.9996,299,6.153,84.1,107.03,67.59
5719,191.104,-2.263,-0.538,0.1389,0.9989,339,6.402,81.54,107.72,67.56
5720,191.138,-2.789,-0.399,0.1068,0.9985,352,7.101,80.69,108.18,67.55
5721,191.171,-3.453,-0.679,0.1161,1.0,373,7.054,83.39,108.94,67.65
5722,191.205,-3.294,-0.697,0.1387,0.9993,356,7.721,84.35,109.46,67.76
5723,191.238,-3.857,-0.3,0.0657,0.9998,365,7.919,86.52,110.2,67.75
5724,191.271,-4.467,-0.508,0.065,1.0004,372,8.679,93.78,110.95,67.71
5725,191.305,-4.148,-0.12,0.0638,0.9999,366,8.714,97.03,111.7,67.75
5726,191.338,-4.111,0.036,0.0314,0.9988,362,9.109,97.69,112.32,67.75
5727,191.372,-4.863,0.412,-0.0526,0.9993,297,9.063,103.62,113.09,67.76
5728,191.405,-3.553,-0.499,0.0845,0.9999,375,8.538,107.3,114.0,67.74
5729,191.439,-3.342,-0.732,0.1211,0.9999,361,8.731,128.58,114.48,67.88
5730,191.472,-2.417,-0.962,0.1791,1.0002,360,7.618,135.34,114.92,67.99
5731,191.505,-5.391,-2.272,0.0139,1.0045,223,7.84,126.74,115.43,68.13
5732,191.539,-0.643,-2.465,0.3818,1.0043,221,5.72,119.7,115.78,68.29
5733,191.572,-1.644,-3.266,0.3121,1.0049,250,5.508,133.26,115.95,68.61
5734,191.606,-1.153,-2.278,0.2728,1.0031,329,5.398,136.65,116.14,68.93
5735,191.639,0.971,-0.833,0.2447,0.9986,212,5.2,143.73,115.95,69.22
5736,191.672,-0.604,-3.911,0.3288,1.0067,234,4.833,151.51,115.8,69.31
5737,191.706,-1.283,-2.754,0.1636,1.0055,221,5.191,157.59,115.62,69.45
5738,191.739,-4.089,-3.641,-0.0005,1.0082,215,6.107,165.96,115.54,69.43
5739,191.773,-3.126,-4.046,-0.0641,1.0087,230,7.419,170.06,115.36,69.64
5740,191.806,-0.878,-4.826,0.2394,1.0084,162,8.888,192.05,115.26,70.02
5741,191.84,-1.217,-6.107,0.2266,1.0116,165,9.949,213.27,115.27,70.34
5742,191.873,-0.383,-5.442,0.2286,1.0098,129,11.387,257.41,115.0,70.81
5743,191.906,-0.135,-5.095,0.2259,1.0084,170,11.176,231.35,115.3,70.86
5744,191.94,0.735,-4.718,0.2159,1.0084,148,12.113,218.77,115.72,71.07
5745,191.973,1.904,-3.943,0.2757,1.0062,179,12.017,202.78,116.01,71.2
5746,192.007,1.415,-2.614,0.2523,1.0025,137,13.601,355.24,114.24,72.41
5747,192.04,0.874,-4.741,0.2152,1.0071,186,12.096,306.71,114.85,72.66
5748,192.073,2.099,-3.561,0.2166,1.0041,181,13.072,280.95,115.3,72.82
5749,192.107,2.089,-1.574,0.051,1.0004,179,13.423,262.68,115.62,72.89
5750,192.14,1.93,-1.45,0.0641,1.0007,184,12.682,244.76,115.96,73.0
5751,192.174,1.67,-1.985,0.0291,1.0016,175,12.801,231.43,116.11,72.94
5752,192.207,0.718,-4.588,0.0458,1.0087,182,12.709,227.21,116.04,72.8
5753,192.24,1.669,-1.451,-0.0327,1.001,187,12.308,231.06,115.87,72.92
5754,192.274,1.243,-0.715,-0.0777,1.0005,203,11.272,227.3,115.6,72.88
5755,192.307,1.795,-3.122,0.0941,1.0046,223,11.199,240.61,115.03,72.84
5756,192.341,1.392,-1.587,-0.0184,1.0019,215,10.902,227.67,114.69,72.91
5757,192.374,1.74,-0.778,-0.0077,1.0006,228,9.943,217.86,114.17,72.95
5758,192.408,0.586,-1.117,-0.0923,1.0025,243,8.859,206.74,113.87,73.02
5759,192.441,1.28,-1.136,-0.0388,1.0017,254,8.475,212.37,113.4,73.07
5760,192.474,1.49,-0.776,-0.0351,1.0008,252,8.226,227.93,112.94,73.31
5761,192.508,-1.51,-2.601,-0.1908,1.0063,325,7.113,226.42,112.64,73.4
5762,192.541,-2.442,-2.687,-0.2559,1.0072,329,6.602,221.22,112.27,73.35
5763,192.575,1.436,-0.507,-0.0129,1.0005,289,6.435,224.12,111.93,73.36
5764,192.608,0.874,0.063,-0.0829,1.0002,284,6.14,222.6,111.46,73.32
5765,192.641,0.447,-0.623,-0.081,1.0019,284,6.024,223.25,111.09,73.34
5766,192.675,-1.663,-1.509,-0.2421,1.0047,372,6.208,237.4,110.56,73.37
5767,192.708,-0.088,-0.951,-0.1065,1.0032,329,6.064,229.46,110.31,73.41
5768,192.742,-0.312,-0.85,-0.1038,1.0034,327,5.597,233.63,110.11,73.48
5769,192.775,-0.277,-0.377,-0.1195,1.0017,307,5.248,217.15,109.81,73.37
5770,192.809,0.032,-1.4,-0.1068,1.0032,309,6.406,207.03,109.48,73.46
5771,192.842,1.8,-0.866,0.0223,1.001,338,6.331,202.9,109.08,73.58
5772,192.875,1.488,-1.355,0.021,1.0018,321,6.662,223.5,108.43,73.72
5773,192.909,-0.027,-2.041,-0.1119,1.0044,380,7.497,268.69,107.71,73.83
5774,192.942,0.449,-1.198,-0.0944,1.0028,326,7.406,252.18,107.02,73.95
5775,192.976,0.564,-2.052,-0.0493,1.0041,343,7.678,253.03,106.42,74.06
5776,193.009,0.246,-2.515,-0.0523,1.005,347,7.922,241.95,105.87,74.14
5777,193.042,1.855,-2.783,0.0908,1.0043,336,8.461,271.07,105.21,74.17
5778,193.076,1.215,-2.74,0.0412,1.0048,358,8.67,280.42,104.76,74.23
5779,193.109,0.574,-1.143,-0.0888,1.0028,322,8.755,286.32,104.44,74.33
5780,193.143,1.064,-1.61,-0.0298,1.0029,325,9.013,290.17,103.99,74.53
5781,193.176,0.443,-3.714,0.0517,1.0069,328,9.247,318.45,103.68,74.58
5782,193.21,0.373,-1.709,-0.0775,1.0042,338,9.25,296.91,103.63,74.61
5783,193.243,0.642,-3.391,0.0576,1.0061,322,9.344,306.43,103.3,74.63
5784,193.276,1.472,-1.264,0.0027,1.0014,298,9.706,307.95,103.13,74.58
5785,193.31,1.292,-1.208,-0.0162,1.0016,306,10.049,369.77,102.56,74.55
5786,193.343,1.226,-1.585,0.0269,1.0021,300,9.832,386.29,102.51,74.51
5787,193.377,0.222,-0.789,-0.1135,1.0019,318,9.475,365.27,102.63,74.4
5788,193.41,0.59,-0.699,-0.0797,1.0011,313,9.158,351.26,102.76,74.33
5789,193.443,0.081,-0.47,-0.0931,1.0011,313,8.246,345.73,103.13,74.31
5790,193.477,0.109,-0.913,-0.0509,1.0013,318,7.937,353.47,103.44,74.19
5791,193.51,0.158,-0.956,-0.0479,1.0012,321,7.692,350.63,103.65,74.08
5792,193.544,0.214,-0.651,-0.0611,1.0006,302,7.453,346.21,103.83,73.95
5793,193.577,0.125,-0.656,-0.0431,1.0007,300,7.074,354.36,103.87,73.84
5794,193.611,-0.063,-0.432,-0.0524,1.0001,298,6.74,358.98,103.97,73.79
5795,193.644,-0.156,-0.548,-0.0352,1.0002,304,6.337,343.17,104.11,73.79
5796,193.677,-0.434,-1.583,0.0429,1.0022,319,5.9,351.4,104.26,73.67
5797,193.711,-0.828,-1.816,0.061,1.0028,323,5.834,354.6,104.6,73.59
5798,193.744,-1.048,-0.168,-0.0765,1.0,308,5.764,376.41,104.85,73.49
5799,193.778,-1.197,-0.529,-0.0586,1.0009,325,5.728,364.17,105.25,73.5
5800,193.811,-1.882,-0.637,-0.0215,1.0011,329,6.893,368.79,105.85,73.62
5801,193.844,-2.417,0.166,-0.0899,0.9997,316,7.372,372.28,106.45,73.56
5802,193.878,-2.774,0.256,-0.0924,0.9998,320,7.885,364.21,107.2,73.48
5803,193.911,-3.217,0.43,-0.1159,0.9999,334,8.314,388.95,108.15,73.37
5804,193.945,-3.362,0.511,-0.1167,0.9999,338,8.646,400.26,109.18,73.39
5805,193.978,-3.444,0.74,-0.1267,0.9997,326,8.738,389.16,110.3,73.26
5806,194.012,-3.659,0.618,-0.1347,1.0001,334,10.194,503.31,110.92,72.76
5807,194.045,-3.747,0.697,-0.1444,0.9999,343,8.606,445.31,112.12,72.62
5808,194.078,-3.838,0.958,-0.1691,0.9998,347,8.624,403.68,113.37,72.44
5809,194.112,-3.956,1.368,-0.1999,0.9992,345,8.828,397.85,114.5,72.28
5810,194.145,-4.328,1.069,-0.1913,1.0001,342,9.187,394.74,115.55,72.15
5811,194.179,-4.219,1.25,-0.1827,0.9995,349,9.626,421.05,116.47,71.86
5812,194.212,-4.348,1.121,-0.1806,0.9999,345,9.935,408.37,117.38,71.66
5813,194.245,-4.436,1.399,-0.185,0.9996,352,10.326,397.34,118.52,71.6
5814,194.279,-4.713,1.29,-0.1862,0.9998,350,10.464,379.25,119.45,71.48
5815,194.312,-4.73,1.44,-0.1897,0.9993,358,10.744,399.8,119.93,71.29
5816,194.346,-4.841,1.455,-0.1943,0.9993,359,10.296,388.41,120.57,71.23
5817,194.379,-5.029,1.435,-0.1947,0.9996,362,10.691,381.99,120.92,71.02
5818,194.413,-5.182,1.401,-0.1773,0.9996,366,10.83,362.8,121.79,70.84
5819,194.446,-5.615,1.277,-0.1908,1.0,371,11.248,359.67,122.28,70.6
5820,194.479,-5.984,1.356,-0.2035,1.0002,376,11.781,392.22,122.49,70.36
5821,194.513,-6.214,1.126,-0.1769,1.0002,375,12.304,428.57,122.96,70.13
5822,194.546,-6.352,1.07,-0.1625,0.9999,373,12.547,433.85,123.63,70.13
5823,194.58,-6.754,1.11,-0.1722,1.0,376,12.668,426.68,124.18,70.0
5824,194.613,-6.863,1.242,-0.1776,0.9997,372,12.961,438.6,124.86,69.95
5825,194.646,-7.08,1.196,-0.1676,0.9999,372,13.553,443.83,125.45,69.82
5826,194.68,-7.353,1.38,-0.1784,0.9998,361,13.832,452.35,126.12,69.77
5827,194.713,-7.486,1.296,-0.172,0.9999,370,14.051,444.71,126.52,69.74
5828,194.747,-7.592,1.182,-0.1804,1.0002,374,13.828,461.48,126.63,69.79
5829,194.78,-7.591,1.265,-0.1873,1.0001,372,13.92,469.04,126.69,69.86
5830,194.813,-7.659,1.276,-0.1828,1.0002,367,14.18,489.05,126.88,69.94
5831,194.847,-7.763,1.3,-0.1768,1.0001,350,14.405,474.14,127.3,69.92
5832,194.88,-7.941,1.167,-0.1709,1.0005,359,14.434,464.51,127.74,69.81
5833,194.914,-8.294,0.536,-0.1714,1.0022,363,14.502,473.86,127.83,69.79
5834,194.947,-8.176,1.336,-0.1817,1.0006,364,14.622,494.55,127.67,69.86
5835,194.981,-8.402,1.48,-0.1897,1.0007,357,15.069,516.05,127.57,69.89
5836,195.014,-8.582,1.533,-0.1866,1.0009,360,15.411,498.63,127.67,69.94
5837,195.047,-9.014,1.598,-0.2098,1.0012,354,15.698,482.17,127.79,69.97
5838,195.081,-9.118,1.801,-0.2074,1.001,364,15.726,462.09,127.92,69.95
5839,195.114,-9.304,1.952,-0.203,1.0009,360,16.018,485.74,127.68,69.81
5840,195.148,-9.907,1.721,-0.2071,1.0019,358,16.024,493.1,127.55,69.75
5841,195.181,-10.343,2.171,-0.2336,1.0012,367,16.01,510.25,127.35,69.68
5842,195.214,-11.425,2.085,-0.2352,1.0019,362,16.604,507.77,126.94,69.6
5843,195.248,-12.543,1.883,-0.2183,1.0024,377,17.401,507.15,126.35,69.44
5844,195.281,-13.294,2.051,-0.2218,1.0023,366,17.845,502.38,125.51,69.45
5845,195.315,-14.14,1.829,-0.2341,1.0032,366,18.332,515.98,124.17,69.5
5846,195.348,-15.754,2.047,-0.4042,1.0039,315,18.692,566.93,122.13,69.7
5847,195.382,-14.945,1.675,-0.232,1.004,356,19.184,570.2,119.89,69.88
5848,195.415,-15.251,1.857,-0.2379,1.004,365,19.38,521.73,117.87,70.13
5849,195.448,-15.529,1.967,-0.2666,1.0039,370,19.813,505.71,115.79,70.48
5850,195.482,-15.751,1.822,-0.2763,1.0047,361,20.276,509.66,113.47,70.94
5851,195.515,-15.854,2.493,-0.2809,1.0035,374,20.543,520.5,111.41,71.38
5852,195.549,-16.23,2.221,-0.2901,1.0044,369,21.13,516.44,109.07,71.71
5853,195.582,-16.231,2.341,-0.267,1.0041,362,21.779,485.58,106.21,72.17
5854,195.615,-16.59,2.641,-0.2826,1.0037,370,22.177,459.03,103.3,72.56
5855,195.649,-17.34,2.251,-0.2932,1.005,382,22.675,475.3,100.44,72.87
5856,195.682,-18.023,1.397,-0.2741,1.0069,339,23.175,448.77,97.82,73.01
5857,195.716,-18.844,0.858,-0.2559,1.0083,345,23.965,404.72,95.38,72.97
5858,195.749,-19.419,2.163,-0.2856,1.0054,311,24.746,377.47,92.92,72.89
5859,195.783,-20.127,1.424,-0.2905,1.0072,323,25.546,384.14,90.71,72.51
5860,195.816,-20.132,1.326,-0.2384,1.0073,307,26.193,381.91,88.86,72.01
5861,195.849,-21.295,0.26,-0.2759,1.0099,318,26.444,351.54,86.8,70.96
5862,195.883,-21.419,1.082,-0.3286,1.0081,300,26.121,324.17,84.95,70.09
5863,195.916,-21.516,0.605,-0.3304,1.0095,296,25.495,314.09,83.36,69.26
5864,195.95,-22.789,-0.189,-0.4228,1.0112,258,24.689,301.02,82.66,68.69
5865,195.983,-22.531,-0.512,-0.4045,1.0119,254,24.388,322.92,82.5,68.15
5866,196.016,-21.458,1.33,-0.3926,1.0079,261,24.455,411.9,82.94,67.68
5867,196.05,-17.821,6.217,-0.2311,0.9958,236,23.725,371.72,83.06,67.21
5868,196.083,-17.242,6.253,-0.2007,0.9954,242,23.008,345.15,83.03,66.75
5869,196.117,-19.353,3.661,-0.2928,1.0022,259,21.513,325.83,82.35,65.87
5870,196.15,-17.94,4.893,-0.2177,0.9989,273,21.43,332.89,81.4,64.75
5871,196.184,-16.435,6.662,-0.2203,0.9948,255,21.246,321.52,80.96,64.01
5872,196.217,-17.057,4.921,-0.2367,0.9988,272,20.797,321.29,80.85,63.44
5873,196.25,-15.688,6.579,-0.2484,0.9957,271,20.464,299.46,80.78,62.92
5874,196.284,-16.565,4.193,-0.2156,1.0011,307,20.233,272.07,80.54,62.28
5875,196.317,-13.841,6.463,-0.2001,0.9944,243,20.139,270.21,80.32,61.7
5876,196.351,-14.381,4.852,-0.1637,0.9981,310,19.878,287.7,80.47,61.4
5877,196.384,-13.964,4.347,-0.1614,0.9997,304,19.451,278.67,80.63,61.21
5878,196.417,-12.733,4.397,-0.1284,0.9991,316,19.044,269.82,80.41,60.8
5879,196.451,-11.93,3.074,-0.0664,1.0013,342,18.579,269.22,80.48,60.42
5880,196.484,-11.014,3.027,-0.0609,1.0008,314,18.1,278.72,80.96,60.19
5881,196.518,-10.055,3.487,-0.0338,0.9997,312,17.379,273.11,81.86,60.33
5882,196.551,-9.56,4.277,-0.0668,0.9982,344,16.522,270.5,82.9,60.71
5883,196.585,-9.203,3.489,-0.0088,0.9994,335,15.866,260.19,83.63,60.99
5884,196.618,-9.31,3.22,-0.0172,1.0001,360,15.794,268.58,84.53,61.26
5885,196.651,-8.516,3.846,0.0081,0.9978,330,15.656,266.41,85.55,61.49
5886,196.685,-9.532,2.045,0.0112,1.0027,303,15.596,258.98,86.43,61.93
5887,196.718,-9.163,3.204,0.0302,0.9997,328,15.461,246.18,87.13,62.27
5888,196.752,-9.036,2.347,0.1024,1.0015,309,15.203,237.31,88.03,62.71
5889,196.785,-9.833,3.878,0.0004,0.999,330,15.307,246.78,89.62,63.54
5890,196.818,-9.047,4.079,0.0803,0.998,326,15.02,251.58,91.07,64.06
5891,196.852,-8.714,3.912,0.1188,0.998,309,14.844,240.63,92.46,64.41
5892,196.885,-8.837,4.071,0.0915,0.998,323,14.279,229.83,93.78,64.58
5893,196.919,-9.385,2.258,0.1323,1.0023,300,13.82,222.25,94.88,64.76
5894,196.952,-9.217,2.245,0.1263,1.0019,282,13.518,210.73,95.71,64.87
5895,196.986,-9.419,3.872,0.0346,0.998,340,13.305,218.5,96.61,65.17
5896,197.019,-9.009,2.72,0.0838,1.0003,312,12.658,209.58,97.1,65.35
5897,197.052,-9.162,2.367,0.0804,1.0015,333,12.311,208.93,97.38,65.5
5898,197.086,-9.892,2.204,0.0532,1.0023,314,12.205,208.82,97.81,65.74
5899,197.119,-10.241,2.381,0.0185,1.0016,304,12.198,200.05,97.97,65.83
5900,197.153,-10.268,2.436,0.0111,1.0016,323,11.705,185.49,97.94,65.94
5901,197.186,-10.038,2.472,0.0191,1.0018,335,11.236,184.25,98.1,66.16
5902,197.219,-10.015,2.09,0.0519,1.0025,345,11.363,221.41,98.47,66.65
5903,197.253,-9.992,2.331,0.0381,1.0018,359,11.221,216.81,98.53,67.01
5904,197.286,-9.887,1.502,0.0666,1.0035,341,11.043,194.08,98.4,67.23
5905,197.32,-10.242,1.728,0.0216,1.0032,344,11.319,185.12,98.52,67.68
5906,197.353,-10.351,1.43,0.0365,1.0036,347,11.559,185.37,98.58,68.13
5907,197.387,-10.438,0.108,0.0727,1.0062,301,12.01,188.75,98.64,68.58
5908,197.42,-10.506,0.839,0.0395,1.0044,324,12.255,204.31,98.58,68.96
5909,197.453,-10.609,0.363,0.0306,1.0054,306,12.179,198.61,98.35,69.13
5910,197.487,-10.929,0.522,0.0111,1.0049,297,12.756,215.8,98.29,69.72
5911,197.52,-10.659,0.754,0.0379,1.004,302,12.899,218.63,97.93,70.0
5912,197.554,-11.085,1.603,-0.0182,1.0025,302,13.228,198.3,97.33,70.11
5913,197.587,-10.916,2.467,-0.0451,1.0004,296,13.38,171.73,96.47,70.07
5914,197.62,-11.118,0.471,0.0357,1.004,304,13.519,175.2,95.66,70.06
5915,197.654,-11.258,-0.258,0.0235,1.0056,302,13.728,200.39,95.11,70.33
5916,197.687,-11.112,1.502,-0.0192,1.0022,302,13.496,187.9,94.35,70.31
5917,197.721,-10.626,1.939,-0.005,1.0012,289,13.216,170.97,93.57,70.26
5918,197.754,-10.579,2.161,-0.0097,1.001,296,13.015,169.47,92.86,70.17
5919,197.787,-10.643,1.276,0.0023,1.0027,277,12.95,183.4,92.48,70.24
5920,197.821,-10.676,2.107,-0.0173,1.0011,283,12.802,186.14,92.16,70.34
5921,197.854,-10.734,-0.255,0.0442,1.0051,243,12.646,194.85,91.77,70.33
5922,197.888,-10.39,0.432,0.0395,1.0033,239,12.715,186.07,91.49,70.38
5923,197.921,-10.524,-0.202,0.0433,1.0042,230,13.052,185.24,91.15,70.36
5924,197.955,-11.691,-3.158,0.0021,1.0097,224,13.478,181.21,90.87,70.37
5925,197.988,-12.104,-1.836,-0.0534,1.0071,215,13.741,181.25,90.55,70.4
5926,198.021,-11.373,0.034,-0.0267,1.0031,175,14.131,210.78,89.2,69.86
5927,198.055,-10.172,3.86,0.0341,0.9953,252,13.735,196.23,89.06,69.86
5928,198.088,-9.934,4.146,-0.0621,0.9943,229,13.843,207.26,88.89,69.86
5929,198.122,-11.612,0.945,-0.0802,1.0005,285,13.81,193.0,88.84,69.72
5930,198.155,-11.506,1.019,-0.0687,1.0002,276,13.813,175.73,88.52,69.51
5931,198.188,-11.29,0.055,-0.0175,1.0017,275,13.953,168.7,87.9,69.39
5932,198.222,-10.833,-0.654,0.0344,1.0013,273,14.2,175.35,86.96,69.22
5933,198.255,-11.047,-1.172,0.058,1.0024,222,14.376,166.6,86.02,68.97
5934,198.289,-10.417,-1.266,0.055,1.0009,225,14.521,160.41,84.89,68.75
5935,198.322,-10.884,-1.623,0.0436,1.002,239,14.52,150.04,83.8,68.62
5936,198.356,-11.029,-2.143,0.0651,1.0025,211,14.704,144.58,82.57,68.59
5937,198.389,-10.907,-2.337,0.0604,1.0027,203,14.363,133.59,81.13,68.26
5938,198.422,-10.579,-2.024,0.0822,1.0016,205,14.194,137.06,79.42,67.42
5939,198.456,-10.663,-1.198,0.0384,0.9998,205,14.513,130.13,77.57,66.48
5940,198.489,-11.034,-0.326,-0.0224,0.9985,249,14.99,125.8,75.78,65.54
5941,198.523,-11.267,-0.421,-0.022,0.9983,242,15.392,127.0,73.75,64.31
5942,198.556,-11.144,-0.893,0.0123,0.9983,249,15.481,118.59,71.8,63.26
5943,198.589,-11.18,-1.859,0.0859,0.9995,208,15.625,112.69,70.22,62.24
5944,198.623,-11.998,-4.332,-0.0819,1.0029,176,15.672,111.39,68.51,61.17
5945,198.656,-10.94,-4.151,-0.0493,1.0011,200,15.79,119.5,67.19,60.05
5946,198.69,-11.527,-4.104,-0.1415,1.0012,190,15.708,121.95,65.91,58.89
5947,198.723,-9.839,-5.796,0.0137,1.0021,184,15.863,115.82,64.83,57.73
5948,198.757,-11.06,-5.073,-0.1538,1.0012,168,16.075,110.08,64.32,56.34
5949,198.79,-9.996,-8.242,0.0118,1.0056,167,16.254,108.56,64.36,55.0
5950,198.823,-9.507,-8.154,-0.0082,1.0044,183,16.291,96.92,64.28,53.55
5951,198.857,-10.084,-9.361,-0.0422,1.0072,155,16.436,91.64,64.81,52.3
5952,198.89,-9.523,-10.08,-0.0272,1.0072,155,16.037,78.91,65.03,51.04
5953,198.924,-9.42,-9.921,-0.0624,1.0063,159,16.152,75.1,65.94,49.92
5954,198.957,-8.852,-9.593,-0.0903,1.0041,151,15.875,71.09,66.86,49.12
5955,198.99,-8.704,-9.617,-0.1459,1.0037,149,15.574,68.71,68.0,48.43
5956,199.024,-8.797,-10.927,-0.151,1.0071,147,14.858,64.39,68.57,47.89
5957,199.057,-8.091,-9.36,-0.187,1.0028,131,14.801,66.34,70.26,47.61
5958,199.091,-8.437,-10.344,-0.2297,1.0052,135,14.746,68.47,72.08,47.48
5959,199.124,-8.088,-11.023,-0.2161,1.006,158,14.431,76.18,73.64,47.28
5960,199.158,-8.65,-11.781,-0.2937,1.0089,115,13.998,78.04,74.79,47.09
5961,199.191,-5.97,-10.265,-0.1522,1.0032,123,13.595,77.32,76.3,47.23
5962,199.224,-5.491,-7.48,-0.2062,0.9972,105,13.455,79.42,78.43,46.98
5963,199.258,-4.759,-10.598,-0.1159,1.0033,131,12.865,82.09,79.99,46.7
5964,199.291,-3.878,-8.787,-0.1347,0.9993,152,12.345,87.98,81.4,46.19
5965,199.325,-4.476,-5.847,-0.2487,0.9952,141,12.217,89.59,82.64,46.19
5966,199.358,-4.279,-5.982,-0.2629,0.9958,145,11.94,93.83,84.2,46.04
5967,199.391,-3.273,-7.23,-0.1891,0.9975,158,11.904,100.08,85.94,46.12
5968,199.425,-2.86,-10.11,-0.1409,1.0016,181,11.239,104.06,87.19,46.12
5969,199.458,-2.644,-8.289,-0.1791,1.0009,197,10.545,104.17,88.05,46.35
5970,199.492,-2.206,-6.542,-0.1932,0.9993,189,10.465,103.38,89.36,46.44
5971,199.525,-2.215,-6.343,-0.215,1.0001,207,10.2,99.94,90.45,46.07
5972,199.559,-1.496,-9.305,-0.128,1.0044,195,10.369,103.91,91.61,46.09
5973,199.592,-1.03,-8.055,-0.1384,1.0036,253,9.879,87.62,91.83,45.87
5974,199.625,-0.587,-9.717,-0.1079,1.0065,221,9.743,83.09,92.13,45.33
5975,199.659,-0.601,-6.91,-0.1674,1.0037,270,9.859,83.75,92.32,45.01
5976,199.692,-0.419,-6.937,-0.1483,1.0039,297,10.278,59.76,93.42,44.73
5977,199.726,-0.268,-7.092,-0.1497,1.0046,342,11.361,64.76,95.88,44.82
5978,199.759,-0.078,-5.671,-0.1583,1.0033,323,11.046,78.84,96.96,44.7
5979,199.792,-0.124,-7.207,-0.1418,1.0057,339,11.143,86.65,98.24,44.43
5980,199.826,-0.081,-5.295,-0.1616,1.0034,355,11.647,84.85,99.94,44.27
5981,199.859,0.077,-5.319,-0.1315,1.0038,368,11.392,86.61,101.19,43.88
5982,199.893,0.353,-5.082,-0.1095,1.0038,362,11.231,84.39,102.0,43.73
5983,199.926,-0.036,-5.702,-0.1159,1.0057,376,10.735,86.43,102.94,43.4
5984,199.96,-0.215,-6.177,-0.1011,1.0073,386,10.306,88.38,103.81,43.07
5985,199.993,0.041,-5.507,-0.0798,1.0071,383,10.265,96.42,104.91,42.8
5986,200.026,-0.266,-5.481,-0.0978,1.0078,390,10.419,124.28,106.78,42.48
5987,200.06,-0.878,-8.082,-0.0219,1.0157,373,10.533,120.46,106.39,41.93
5988,200.093,-1.13,-5.653,-0.0535,1.0097,386,7.663,115.25,106.14,41.6
5989,200.127,-1.594,-5.503,-0.0359,1.0104,392,7.574,146.03,106.16,41.44
5990,200.16,-2.017,-4.761,-0.0449,1.01,388,7.674,163.53,106.3,41.3
5991,200.193,-2.234,-4.265,-0.0291,1.0097,393,7.961,160.24,106.77,41.27
5992,200.227,-3.219,-4.197,-0.0202,1.0108,389,9.158,160.21,107.78,41.28
5993,200.26,-3.489,-4.579,0.0058,1.0116,384,10.172,152.42,108.63,41.05
5994,200.294,-3.073,-3.623,-0.009,1.0103,388,9.075,150.11,109.34,41.11
5995,200.327,-2.712,-2.893,-0.0175,1.0095,389,8.26,141.45,109.61,40.95
5996,200.361,-2.897,-2.37,-0.0296,1.0093,393,8.512,148.09,110.28,40.97
5997,200.394,-2.795,-1.761,-0.0341,1.0086,384,8.167,139.17,110.93,40.98
5998,200.427,-2.644,-1.558,-0.0407,1.0084,384,7.808,140.32,111.34,40.94
5999,200.461,-2.248,-1.265,-0.042,1.0079,389,6.781,138.39,111.27,40.77
6000,200.494,-2.311,-1.119,-0.0505,1.0078,391,6.875,127.49,111.47,40.63
6001,200.528,-2.822,-1.097,-0.0792,1.008,374,6.723,116.44,111.6,40.52
6002,200.561,-2.454,-1.156,-0.068,1.0082,389,6.581,124.51,111.52,40.3
6003,200.594,-2.441,-1.326,-0.0688,1.0087,382,6.468,122.98,111.49,40.15
6004,200.628,-2.874,-1.527,-0.0842,1.0092,382,6.808,116.3,111.42,40.03
6005,200.661,-2.961,-2.303,-0.0724,1.0106,382,7.156,112.33,111.39,39.88
6006,200.695,-2.678,-2.61,-0.0514,1.0108,379,7.201,109.73,111.49,39.81
6007,200.728,-2.727,-3.218,-0.041,1.0119,371,7.541,115.65,111.62,39.88
6008,200.761,-2.65,-3.502,-0.0403,1.0126,364,7.648,109.96,111.75,39.86
6009,200.795,-2.728,-3.721,-0.0508,1.0133,367,7.719,110.91,111.97,39.95
6010,200.828,-2.793,-2.967,-0.0821,1.0125,346,7.788,112.66,112.33,40.12
6011,200.862,-2.155,-3.744,-0.0376,1.0138,352,7.787,106.75,112.94,40.48
6012,200.895,-1.572,-2.977,-0.0433,1.0127,346,7.357,88.65,113.41,40.73
6013,200.929,-1.856,-2.654,-0.0897,1.0118,308,7.289,81.78,114.09,40.98
6014,200.962,-1.244,-1.951,-0.0444,1.0116,364,7.565,87.96,114.85,41.33
6015,200.995,-1.01,-1.732,-0.0047,1.0126,344,7.952,100.61,115.48,41.71
6016,201.029,-0.756,-1.004,0.0088,1.0121,317,8.18,93.45,115.9,41.94
6017,201.062,-1.127,-1.339,-0.0017,1.0123,338,7.773,90.13,116.18,42.13
6018,201.096,-1.467,-1.437,-0.0184,1.0121,321,7.602,87.71,116.51,42.28
6019,201.129,-2.079,-2.802,-0.0396,1.0136,268,6.712,78.18,116.94,42.35
6020,201.162,-1.619,-1.338,-0.0261,1.0101,279,5.835,76.32,117.28,42.47
6021,201.196,-1.25,-2.125,0.0228,1.0103,344,5.326,71.32,117.77,42.62
6022,201.229,-1.928,-3.01,0.0343,1.0112,290,5.334,82.8,118.09,42.8
6023,201.263,-3.369,-2.805,-0.0419,1.0111,300,6.415,88.31,118.21,42.89
6024,201.296,-4.035,-2.627,-0.0809,1.0105,317,7.107,89.89,118.4,43.04
6025,201.33,-4.614,-3.097,-0.131,1.0118,325,6.96,85.78,118.46,43.15
6026,201.363,-4.93,-3.49,-0.1181,1.0119,268,7.869,85.75,118.57,43.36
6027,201.396,-5.467,-2.878,-0.1391,1.0116,266,8.723,89.76,118.44,43.58
6028,201.43,-3.73,-3.355,0.0208,1.0119,234,8.889,86.46,118.41,43.8
6029,201.463,-5.377,-2.761,-0.1226,1.0116,276,8.775,80.64,118.37,43.92
6030,201.497,-5.78,-4.052,-0.1313,1.0132,305,9.083,82.22,118.26,44.03
6031,201.53,-6.484,-3.964,-0.1524,1.0137,260,9.743,101.01,117.82,44.14
6032,201.563,-5.681,-2.006,-0.0944,1.0107,204,9.92,95.98,117.62,44.18
6033,201.597,-6.805,-2.528,-0.1734,1.0118,203,9.883,93.59,117.15,44.33
6034,201.63,-5.147,-3.234,-0.067,1.0118,240,9.8,89.19,117.02,44.42
6035,201.664,-5.588,-3.333,-0.0961,1.0121,246,9.722,87.2,116.44,44.5
6036,201.697,-8.296,-4.642,-0.2313,1.0155,187,10.079,91.4,115.8,44.59
6037,201.731,-8.121,-4.13,-0.2212,1.0142,161,11.221,94.24,114.95,44.49
6038,201.764,-8.616,-4.651,-0.1902,1.0165,144,11.145,89.83,114.29,44.47
6039,201.797,-7.199,-1.745,-0.0698,1.0133,133,11.633,88.38,113.7,44.47
6040,201.831,-10.721,4.234,-0.3389,1.0055,120,11.828,95.12,112.89,44.42
6041,201.864,-12.19,-3.485,-0.313,1.0193,111,12.115,98.03,112.03,44.27
6042,201.898,-15.104,-4.802,-0.465,1.0234,74,12.235,88.83,110.94,43.93
6043,201.931,-10.533,-3.67,-0.0568,1.0211,82,12.383,88.28,109.45,43.72
6044,201.964,-11.091,-4.47,-0.0555,1.022,100,12.201,86.22,107.82,43.51
6045,201.998,-9.848,-2.949,-0.0166,1.0201,89,12.209,82.68,105.94,43.24
6046,202.031,-13.9,-9.18,-0.2818,1.0272,86,11.428,94.31,104.38,42.89
6047,202.065,-8.98,-4.0,-0.0535,1.0173,95,11.389,101.61,102.86,42.29
6048,202.098,-11.119,-8.268,-0.0421,1.0252,106,11.566,120.52,101.59,41.79
6049,202.132,-14.876,-10.335,-0.2892,1.029,102,11.537,108.34,101.02,41.13
6050,202.165,-15.593,-10.388,-0.3933,1.0325,93,10.923,49.57,100.7,40.28
6051,202.198,-6.281,-1.912,-0.1687,1.0063,114,10.525,45.53,100.17,39.55
6052,202.232,-15.777,-9.815,-0.3975,1.0303,93,10.859,73.95,100.1,39.09
6053,202.265,-9.528,-5.079,0.0355,1.0193,84,10.883,108.39,100.62,38.87
6054,202.299,-11.678,-8.749,-0.1035,1.0256,70,10.068,110.84,101.33,38.55
6055,202.332,-13.779,-11.656,-0.2343,1.0328,64,9.521,98.28,102.33,38.23
6056,202.365,-7.178,-3.585,-0.1203,1.0104,57,8.816,95.6,102.97,37.81
6057,202.399,-6.908,-2.944,-0.127,1.0087,63,8.556,107.98,103.99,37.58
6058,202.432,-7.045,-3.95,-0.1177,1.0108,74,7.725,116.64,104.76,37.33
6059,202.466,-6.226,-3.543,-0.1194,1.009,86,6.962,120.47,105.23,37.1
6060,202.499,-5.835,-3.568,-0.1001,1.0085,72,6.624,117.47,105.64,36.82
6061,202.533,-5.616,-3.168,-0.1324,1.0081,78,6.268,119.14,106.42,36.58
6062,202.566,-4.807,-2.747,-0.1157,1.0076,80,5.489,103.75,107.37,36.42
6063,202.599,-3.169,-2.334,-0.0852,1.0034,77,4.487,104.34,108.07,36.24
6064,202.633,-3.313,-1.798,-0.1136,1.0058,69,3.847,102.51,108.93,36.06
6065,202.666,-3.434,-3.437,-0.0759,1.008,75,3.661,102.52,109.9,35.79
6066,202.7,0.359,5.293,-0.0234,0.9977,92,3.32,103.79,110.95,35.49
6067,202.733,0.047,1.569,-0.0195,0.9993,81,2.648,106.26,111.86,35.24
6068,202.766,-1.226,-2.429,-0.0169,1.0046,89,2.147,107.03,112.38,34.98
6069,202.8,-0.016,-1.138,0.0095,1.0001,80,2.413,106.67,113.04,34.73
6070,202.833,-1.323,-1.334,-0.0065,1.0061,87,2.427,114.17,113.7,34.31
6071,202.867,-3.432,-5.962,-0.0417,1.0112,78,2.457,108.1,114.33,34.0
6072,202.9,-2.995,-4.792,-0.0575,1.0094,75,1.995,112.87,114.81,33.83
6073,202.934,-2.187,-5.527,0.038,1.0121,50,2.213,30.73,115.32,33.18
6074,202.967,-2.42,-6.0,0.0183,1.0131,87,1.835,24.55,115.74,32.74
6075,203.0,-2.577,-5.514,-0.0161,1.0111,75,2.017,101.68,115.73,32.61
6076,203.034,-4.03,-8.912,0.0001,1.0214,52,1.73,93.14,115.78,32.44
6077,203.067,-1.935,-6.439,-0.0052,1.0097,42,1.567,88.39,115.88,32.37
6078,203.101,-1.209,-2.352,-0.0486,1.0042,81,1.221,103.96,115.82,32.4
6079,203.134,-1.001,-2.965,0.0291,1.0007,72,1.508,118.93,115.94,32.57
6080,203.167,-2.982,-1.797,-0.0539,1.0071,60,2.121,120.47,116.03,32.62
6081,203.201,-2.965,-2.82,-0.0262,1.0056,62,2.456,116.66,116.15,32.62
6082,203.234,-3.657,-4.564,-0.042,1.0089,62,2.172,113.77,116.31,32.62
6083,203.268,-1.753,-0.376,-0.0457,1.0018,31,2.632,44.48,117.08,32.59
6084,203.301,-1.944,-0.182,-0.0385,0.9999,127,2.628,34.42,117.79,32.64
6085,203.335,-2.213,-0.483,-0.0105,1.0025,72,2.99,90.13,118.38,33.08
6086,203.368,-4.303,-1.034,-0.0548,1.0085,76,3.61,92.87,119.19,33.32
6087,203.401,-0.689,4.735,-0.0449,0.9923,69,3.67,80.62,120.21,33.51
6088,203.435,-1.05,2.408,-0.0837,0.9933,46,3.14,93.46,120.89,33.73
6089,203.468,-2.567,-1.522,-0.0257,1.004,55,3.128,103.36,121.74,33.91
6090,203.502,-3.188,-2.504,-0.0123,1.0083,53,2.858,101.53,122.47,34.09
6091,203.535,-2.83,-2.271,-0.0251,1.0061,65,3.145,107.33,123.5,34.18
6092,203.568,-2.736,-3.506,0.0189,1.008,39,2.923,113.9,124.42,34.27
6093,203.602,-0.16,-0.449,0.0132,1.001,54,1.383,92.04,125.28,34.17
6094,203.635,2.439,2.292,0.0357,0.9921,40,2.277,85.92,125.93,34.19
6095,203.669,0.551,-2.06,0.0435,1.0024,34,2.698,25.77,127.19,33.89
6096,203.702,1.741,0.324,-0.0453,0.9937,29,2.2,10.14,127.99,33.51
6097,203.735,-2.29,-3.517,-0.1575,1.0088,59,1.416,9.71,128.17,33.59
6098,203.769,1.676,-3.516,0.0231,1.0066,36,2.74,90.83,127.4,34.86
6099,203.802,-0.344,-5.239,0.0879,1.0113,73,2.736,35.12,127.61,35.03
6100,203.836,-3.649,-11.992,0.1066,1.0297,45,2.961,18.32,127.56,35.16
6101,203.869,-4.797,-11.441,0.0793,1.032,32,2.647,48.26,127.25,35.74
6102,203.903,0.601,3.342,-0.0112,0.9965,40,2.066,72.92,127.21,36.39
6103,203.936,-6.359,-3.273,-0.1409,1.0158,25,3.455,71.65,127.47,36.97
6104,203.969,-9.792,5.91,-0.3314,1.0061,21,7.055,86.26,127.87,37.9
6105,204.003,-21.319,-0.026,-0.659,1.0279,20,9.622,59.5,128.82,38.95
6106,204.036,-27.681,3.055,-0.8784,1.0342,24,11.349,25.53,130.11,40.01
6107,204.07,-35.792,3.161,-1.2001,1.0374,17,14.401,9.99,131.97,41.2
6108,204.103,-50.562,-10.075,-1.4903,1.0809,12,16.138,5.54,133.21,42.33
6109,204.136,-21.737,42.365,-0.0794,0.9569,12,17.127,4.84,132.87,41.9
6110,204.17,-2.681,-0.671,0.0347,1.0074,26,19.178,4.28,130.96,39.9
6111,204.203,-1.393,-0.182,0.0369,1.0045,44,18.141,4.49,131.33,38.91
6112,204.237,-1.11,-0.391,0.0631,1.0037,56,13.701,4.55,132.78,38.7
6113,204.27,-5.114,0.932,-0.3358,1.0027,16,7.835,3.84,133.64,37.36
6114,204.304,-5.611,-0.256,-0.0798,1.004,25,3.543,3.81,134.95,35.08
6115,204.337,-7.332,-0.925,-0.1127,1.0088,27,2.039,4.98,136.04,33.69
6116,204.37,1.244,6.999,-0.0951,0.9888,26,1.457,4.78,136.24,33.72
6117,204.404,-8.075,-4.313,-0.1943,1.019,22,1.567,5.0,136.32,34.07
6118,204.437,-8.384,-0.262,0.0041,1.0066,22,1.656,5.86,136.15,34.24
6119,204.471,-9.287,-1.023,-0.1686,1.0105,26,1.685,6.02,135.78,34.3
6120,204.504,-10.51,-1.025,-0.1559,1.0107,29,1.713,5.82,135.53,34.21
6121,204.537,-1.453,6.189,-0.2411,0.9939,28,1.462,4.8,135.52,34.36
6122,204.571,0.507,1.87,0.0255,0.9982,91,1.564,5.53,135.38,34.66
6123,204.604,-10.021,-1.124,0.0331,1.0103,97,1.741,5.9,135.13,34.77
6124,204.638,-9.488,3.632,-0.141,1.0002,88,1.655,4.36,134.95,34.92
6125,204.671,0.241,0.424,0.0317,0.9996,84,1.911,4.04,134.1,35.11
6126,204.705,-0.007,0.151,-0.0019,0.9997,85,2.093,4.32,132.84,35.44
6127,204.738,0.125,0.41,0.013,0.9992,77,1.968,5.52,131.73,35.66
6128,204.771,-13.253,1.615,-0.0095,1.0022,75,2.215,5.0,130.27,35.88
6129,204.805,-13.428,3.537,-0.3732,1.0027,98,1.579,5.27,129.79,35.97
6130,204.838,-11.094,3.246,-0.2546,1.0017,90,1.574,5.76,129.35,36.08
6131,204.872,-12.458,2.646,-0.3514,1.0034,157,1.633,6.01,128.8,35.92
6132,204.905,-12.67,0.906,-0.288,1.0085,110,1.371,5.67,128.48,35.87
6133,204.938,-11.503,1.154,-0.2427,1.0066,155,1.402,5.63,128.41,35.86
6134,204.972,-12.111,1.332,-0.3661,1.0067,139,1.473,5.58,128.16,35.86
6135,205.005,-10.247,1.628,-0.0842,1.0034,96,1.546,5.56,127.62,35.81
6136,205.039,-11.32,-0.871,-0.1717,1.011,118,1.417,4.76,127.33,35.86
6137,205.072,-8.436,1.95,-0.0882,1.003,161,1.379,4.82,127.27,35.96
6138,205.106,-10.344,0.402,-0.0973,1.008,158,1.579,4.74,127.05,35.92
6139,205.139,-11.436,1.234,-0.2522,1.0079,112,1.584,4.66,126.65,35.76
6140,205.172,-11.995,0.165,-0.2407,1.011,107,1.638,3.42,126.14,35.72
6141,205.206,-13.419,1.276,-0.4186,1.01,119,1.572,3.16,125.83,35.66
6142,205.239,-11.421,0.855,-0.2162,1.009,148,1.585,4.38,125.57,35.54
6143,205.273,-14.505,3.117,-0.6359,1.008,101,2.002,4.86,124.85,35.06
6144,205.306,-13.448,4.777,-0.6413,1.0048,103,1.823,5.05,124.26,34.48
6145,205.339,-16.198,4.028,-0.7281,1.008,107,1.98,5.22,123.28,33.83
6146,205.373,-15.11,3.423,-0.6371,1.0063,122,1.401,5.06,123.02,33.5
6147,205.406,-15.658,1.965,-0.5503,1.0094,145,1.701,4.9,122.42,33.03
6148,205.44,-13.017,1.277,-0.3648,1.009,126,1.467,4.98,122.41,32.75
6149,205.473,-12.229,4.516,-0.436,1.003,84,1.719,4.52,123.32,32.27
6150,205.507,-0.097,-0.003,-0.0038,1.0004,101,1.346,4.15,123.67,31.63
6151,205.54,-0.049,0.118,-0.0074,1.0,108,1.573,4.07,124.85,31.21
6152,205.573,-11.969,3.05,-0.4296,1.0047,71,1.561,4.39,125.73,30.83
6153,205.607,-0.143,0.189,-0.0225,1.0,74,1.564,4.88,126.8,30.59
6154,205.64,-11.229,2.97,-0.3835,1.0042,65,1.183,5.24,127.12,30.23
6155,205.674,-10.092,1.312,-0.1861,1.0057,84,0.95,5.02,127.3,30.11
6156,205.707,-11.193,2.528,-0.369,1.0047,73,1.184,4.92,127.77,29.97
6157,205.74,-0.296,0.007,-0.0244,1.0005,72,1.269,4.88,128.55,29.79
6158,205.774,-10.844,3.029,-0.3894,1.0032,85,1.226,4.85,129.31,29.66
6159,205.807,-11.071,1.775,-0.3161,1.0054,72,1.033,4.63,129.94,29.63
6160,205.841,-11.258,1.991,-0.3567,1.005,51,1.655,4.98,131.16,29.5
6161,205.874,-10.269,1.308,-0.2855,1.0059,44,1.346,4.43,132.14,29.4
6162,205.908,-9.861,2.235,-0.3067,1.0041,65,1.098,4.07,132.53,29.24
6163,205.941,-10.523,2.744,-0.3681,1.0035,58,0.848,3.87,132.47,29.12
6164,205.974,-9.995,4.309,-0.356,1.0006,57,0.877,3.76,132.51,29.04
6165,206.008,-11.559,1.577,-0.2807,1.0072,42,1.938,3.57,132.45,28.98
6166,206.041,-11.118,1.488,-0.219,1.0071,48,0.832,3.93,132.82,28.86
6167,206.075,-12.446,2.152,-0.3512,1.0072,53,1.262,8.55,132.83,28.73
6168,206.108,-10.927,3.08,-0.2594,1.0043,34,1.409,12.11,132.48,29.08
6169,206.141,-11.324,3.029,-0.3133,1.0046,46,1.958,10.57,131.78,29.6
6170,206.175,-10.548,2.134,-0.1921,1.0058,31,2.14,6.53,131.02,30.29
6171,206.208,-11.684,1.025,-0.2496,1.0077,44,2.054,8.36,130.27,30.84
6172,206.242,-11.607,1.145,-0.2304,1.0064,45,2.184,12.07,130.02,31.46
6173,206.275,-12.603,0.512,-0.2968,1.0076,30,2.591,16.34,129.96,32.14
6174,206.308,-11.539,-0.315,-0.165,1.0087,13,2.384,7.74,129.8,32.52
6175,206.342,-10.907,1.069,-0.1694,1.0059,14,2.298,8.87,129.36,32.94
6176,206.375,-9.836,1.294,-0.1638,1.0042,15,2.147,13.77,128.9,33.51
6177,206.409,-10.037,2.475,-0.2456,1.0028,17,2.765,15.42,128.71,34.12
6178,206.442,-10.005,2.946,-0.2997,1.0017,18,2.66,17.71,128.8,34.31
6179,206.476,-9.768,2.707,-0.279,1.0018,21,3.117,16.38,129.17,34.55
6180,206.509,-10.119,2.511,-0.2799,1.0026,24,3.081,17.75,129.2,34.73
6181,206.542,-10.48,2.801,-0.3216,1.0025,28,3.353,17.48,129.22,34.72
6182,206.576,-10.01,1.985,-0.2652,1.003,29,3.842,16.94,129.57,35.16
6183,206.609,-10.434,2.112,-0.3119,1.0038,28,4.08,16.43,130.06,35.85
6184,206.643,-10.246,0.999,-0.2189,1.0054,30,4.082,16.77,130.25,36.6
6185,206.676,-10.246,1.516,-0.2821,1.0048,33,3.825,15.59,130.29,37.14
6186,206.709,-10.378,1.717,-0.3007,1.0047,35,4.024,14.67,130.17,37.73
6187,206.743,-10.078,1.124,-0.2478,1.0052,31,3.976,15.82,130.14,38.12
6188,206.776,-10.489,0.904,-0.2665,1.0069,32,3.927,13.86,130.23,38.57
6189,206.81,-10.68,1.227,-0.2926,1.0065,33,3.841,16.79,130.44,39.11
6190,206.843,-10.717,0.704,-0.2502,1.0081,30,4.079,12.45,130.58,39.47
6191,206.877,-10.146,1.438,-0.2575,1.0067,31,4.011,8.55,130.62,39.61
6192,206.91,-9.226,0.792,-0.1749,1.0066,29,4.051,10.1,130.45,40.09
6193,206.943,-9.366,0.551,-0.2101,1.0074,30,3.66,13.71,130.4,40.64
6194,206.977,-9.961,0.6,-0.2595,1.008,32,3.795,16.56,130.39,41.01
6195,207.01,-9.072,0.507,-0.2034,1.0065,31,4.007,27.18,130.23,41.51
6196,207.044,-9.322,0.51,-0.2348,1.0067,28,4.273,34.01,130.11,41.82
6197,207.077,-9.192,0.447,-0.2309,1.0068,29,4.077,14.59,130.26,41.79
6198,207.11,-8.893,0.131,-0.2239,1.007,30,3.85,13.05,130.49,41.87
6199,207.144,-8.57,-0.488,-0.1537,1.0076,32,4.311,17.33,129.82,42.06
6200,207.177,-8.773,-0.801,-0.1922,1.0083,30,4.491,29.32,129.23,42.37
6201,207.211,-8.314,-0.792,-0.1986,1.0075,30,4.338,36.61,128.41,42.66
6202,207.244,-7.973,-0.811,-0.2078,1.0078,31,3.864,38.49,127.96,42.91
6203,207.278,-8.006,-1.092,-0.1994,1.0084,35,4.443,40.4,126.79,43.3
6204,207.311,-7.961,-1.645,-0.1695,1.0092,34,4.682,48.09,125.45,43.76
6205,207.344,-8.11,-1.906,-0.1613,1.0102,34,4.739,53.92,124.18,44.17
6206,207.378,-8.187,-2.041,-0.1565,1.0109,36,4.339,56.21,123.55,44.48
6207,207.411,-8.183,-1.918,-0.1561,1.011,35,4.146,55.42,123.38,44.91
6208,207.445,-8.328,-2.128,-0.1424,1.0117,41,4.316,55.82,123.11,45.27
6209,207.478,-8.24,-2.076,-0.1282,1.0118,37,4.57,58.09,122.79,45.67
6210,207.511,-8.5,-1.796,-0.1519,1.0118,34,4.472,56.49,122.65,46.14
6211,207.545,-9.134,-1.685,-0.1741,1.0123,37,5.069,46.93,122.57,46.24
6212,207.578,-9.429,-1.788,-0.1478,1.0132,39,5.178,39.35,122.46,46.66
6213,207.612,-9.042,-1.631,-0.1169,1.0131,43,5.305,51.31,122.44,47.41
6214,207.645,-8.916,-1.365,-0.1317,1.0127,41,5.396,59.64,121.97,47.65
6215,207.679,-8.636,-1.564,-0.107,1.0129,37,5.148,57.22,121.89,48.05
6216,207.712,-8.385,-1.537,-0.1211,1.0122,41,5.101,54.0,122.05,48.64
6217,207.745,-8.146,-1.706,-0.1213,1.0116,39,5.221,43.08,121.85,48.85
6218,207.779,-7.953,-1.315,-0.1352,1.0115,38,5.162,45.55,121.71,49.45
6219,207.812,-8.033,-2.366,-0.131,1.012,35,5.005,34.14,122.0,49.78
6220,207.846,-8.183,-2.527,-0.1285,1.0124,44,5.415,32.32,121.93,49.91
6221,207.879,-8.022,-2.476,-0.1238,1.0121,43,5.346,39.91,121.96,50.37
6222,207.912,-7.614,-2.684,-0.0997,1.0123,42,5.319,46.99,122.31,50.91
6223,207.946,-7.999,-2.756,-0.122,1.0126,44,5.557,49.38,122.28,51.23
6224,207.979,-7.737,-2.828,-0.0891,1.0133,40,5.618,49.15,122.43,51.57
6225,208.013,-7.714,-3.155,-0.1271,1.0133,35,6.424,66.18,123.03,52.14
6226,208.046,-7.673,-2.852,-0.1199,1.0131,41,5.903,66.82,122.74,52.44
6227,208.08,-8.232,-2.811,-0.151,1.0143,32,6.352,68.32,122.51,52.88
6228,208.113,-8.26,-2.809,-0.1738,1.0133,36,6.424,61.3,122.67,53.31
6229,208.146,-9.12,-3.235,-0.2025,1.0151,36,6.934,58.48,122.42,53.57
6230,208.18,-9.316,-3.278,-0.2237,1.0156,47,7.152,57.83,122.53,54.21
6231,208.213,-8.23,-2.834,-0.1773,1.0138,35,7.279,58.65,122.51,54.78
6232,208.247,-9.072,-4.513,-0.1619,1.0177,37,7.607,53.88,122.62,55.23
6233,208.28,-9.716,-4.437,-0.2156,1.0181,37,7.589,47.35,122.69,55.64
6234,208.313,-6.832,-1.787,-0.0648,1.0105,36,7.348,44.18,122.52,56.15
6235,208.347,-6.227,-1.366,-0.0128,1.0094,29,7.867,32.8,121.87,56.44
6236,208.38,-7.225,-2.31,-0.0438,1.0118,42,7.785,25.3,122.08,57.01
6237,208.414,-6.841,-2.694,0.0083,1.012,35,6.986,19.3,121.79,57.41
6238,208.447,-6.356,-1.255,0.0014,1.0103,38,6.677,36.97,121.42,58.08
6239,208.481,-7.113,-1.989,-0.0869,1.0122,28,6.399,36.83,121.48,58.77
6240,208.514,-7.616,-2.404,-0.134,1.0125,34,6.462,37.07,121.15,59.16
6241,208.547,-7.59,-2.097,-0.0815,1.0121,40,6.651,28.67,121.44,59.42
6242,208.581,-6.586,-1.615,-0.0371,1.0108,48,6.649,36.57,121.17,59.98
6243,208.614,-6.571,-2.065,-0.0241,1.0114,33,6.796,33.47,121.02,60.53
6244,208.648,-7.833,-3.994,0.0288,1.0151,32,7.353,14.59,121.05,60.75
6245,208.681,-7.857,-4.949,0.0027,1.0162,42,6.918,15.8,120.87,61.46
6246,208.714,-7.019,-3.379,-0.0396,1.0117,35,6.518,28.89,120.52,62.04
6247,208.748,-7.241,-3.534,-0.0367,1.0129,49,6.336,28.56,120.26,62.43
6248,208.781,-6.88,-3.134,-0.037,1.0111,36,5.904,32.77,119.86,63.06
6249,208.815,-5.541,-3.753,-0.0337,1.012,78,5.033,32.49,119.49,63.21
6250,208.848,-3.168,-1.92,0.0501,1.0075,65,4.215,29.85,119.57,63.27
6251,208.882,-3.27,-3.264,0.0153,1.0124,51,4.02,31.28,119.54,63.5
6252,208.915,-4.568,-3.644,-0.0413,1.0142,60,3.716,31.85,120.32,63.39
6253,208.948,-3.267,-2.831,-0.0194,1.0131,63,3.565,24.24,121.45,63.08
6254,208.982,-1.289,-2.93,0.0698,1.0126,57,3.147,22.97,122.42,62.8
6255,209.015,-1.402,-3.172,0.0615,1.014,44,3.203,22.65,123.64,62.41
6256,209.049,-1.002,-2.182,0.0285,1.0129,54,3.239,19.45,125.03,61.86
6257,209.082,0.306,-2.465,0.1422,1.0135,42,3.551,17.25,126.37,61.49
6258,209.115,-0.634,-2.162,0.0535,1.0145,44,3.652,16.27,128.24,60.87
6259,209.149,-0.197,-2.25,0.053,1.0115,47,3.397,15.74,129.96,59.88
6260,209.182,0.909,-1.672,0.0791,1.0101,48,4.202,11.88,131.77,59.01
6261,209.216,2.601,-1.859,0.1955,1.012,74,4.444,10.56,133.32,58.66
6262,209.249,3.025,-0.112,0.2261,1.0092,51,3.612,15.58,134.38,58.26
6263,209.282,2.516,-0.818,0.2051,1.0111,42,3.471,11.3,134.85,58.27
6264,209.316,2.283,0.29,0.0539,1.0075,46,3.581,7.53,134.66,58.54
6265,209.349,4.112,0.731,0.1244,0.9986,56,3.015,11.33,134.31,58.75
6266,209.383,3.788,-2.268,0.2637,1.0119,54,2.76,15.72,133.27,59.29
6267,209.416,3.347,-1.804,0.1966,1.0102,50,2.448,15.63,132.51,59.68
6268,209.45,4.358,-1.384,0.2292,1.0091,56,3.059,16.33,131.61,60.32
6269,209.483,5.086,-1.11,0.2451,1.0076,47,3.096,17.59,130.57,60.9
6270,209.516,4.151,-1.971,0.1489,1.0089,51,3.27,17.8,129.84,61.59
6271,209.55,4.623,-2.289,0.1797,1.0092,72,3.09,17.55,128.92,62.05
6272,209.583,4.645,-2.605,0.2125,1.0097,45,3.456,18.34,128.51,62.79
6273,209.617,3.967,-2.774,0.1767,1.0107,43,3.035,19.62,127.76,63.45
6274,209.65,3.762,-2.527,0.1484,1.0101,40,3.284,20.58,127.23,64.46
6275,209.683,5.703,-2.514,0.2893,1.0095,30,3.027,22.0,126.02,65.26
6276,209.717,4.528,-1.928,0.1697,1.0092,30,3.198,22.29,124.98,66.12
6277,209.75,4.491,-2.532,0.1944,1.0112,29,3.103,25.21,123.13,66.79
6278,209.784,4.513,-3.04,0.1478,1.0113,31,3.4,27.46,121.81,67.62
6279,209.817,3.938,-2.083,0.0195,1.012,34,3.347,22.41,120.05,68.23
6280,209.851,5.587,-0.779,0.1756,1.0088,37,3.895,14.91,119.03,69.06
6281,209.884,6.469,0.138,0.1759,1.0075,62,4.323,12.37,118.11,69.96
6282,209.917,7.077,0.511,0.2392,1.0065,61,4.327,14.51,117.05,70.83
6283,209.951,6.682,0.182,0.192,1.0084,50,4.753,26.46,115.99,71.7
6284,209.984,7.076,-0.274,0.2271,1.0088,42,5.0,30.61,114.61,72.26
6285,210.018,9.447,-0.515,0.4164,1.0078,28,5.881,34.15,113.4,73.01
6286,210.051,5.289,-0.695,-0.002,1.0092,36,4.499,27.98,111.09,73.01
6287,210.084,10.095,-1.367,0.3744,1.007,32,5.226,33.64,108.91,73.24
6288,210.118,5.258,-2.984,-0.392,1.0196,30,5.573,30.71,107.01,73.52
6289,210.151,7.712,-2.569,0.1379,1.0097,17,6.148,18.66,104.53,73.25
6290,210.185,8.554,-4.653,0.1843,1.0115,39,7.379,22.69,101.48,72.85
6291,210.218,10.389,-4.963,0.2574,1.009,51,7.863,44.35,97.88,71.92
6292,210.252,10.703,-4.835,0.3043,1.0103,45,8.662,27.92,94.53,70.72
6293,210.285,11.18,-5.851,0.2061,1.0125,36,9.769,21.53,91.26,69.28
6294,210.318,14.756,-5.31,0.3171,1.0085,59,11.295,28.32,87.79,67.45
6295,210.352,15.565,-4.835,0.2363,1.0063,47,12.988,31.75,84.49,65.42
6296,210.385,17.004,-6.032,0.3774,1.0114,50,14.943,32.72,81.12,63.05
6297,210.419,18.777,-5.618,0.3945,1.0094,60,16.384,29.41,77.77,60.28
6298,210.452,18.579,-6.322,0.3108,1.0067,56,17.061,27.17,74.56,57.19
6299,210.485,14.43,-10.222,0.3425,1.0199,35,14.999,18.0,74.32,57.88
6300,210.519,13.856,-7.388,0.0156,1.0199,44,12.989,16.7,76.14,60.1
6301,210.552,14.163,-9.74,0.2149,1.0223,44,11.538,16.3,78.52,62.13
6302,210.586,12.764,-3.649,-0.8611,1.0221,33,11.255,15.62,80.3,64.0
6303,210.619,17.964,-6.234,-0.0297,1.0133,32,11.125,13.99,84.45,66.86
6304,210.653,19.9,-6.772,0.5325,1.0072,32,9.589,14.54,89.08,68.77
6305,210.686,20.324,-7.521,0.5524,1.008,40,9.412,14.56,93.85,69.78
6306,210.719,18.484,-3.768,-0.3049,1.0091,38,9.382,12.37,98.73,70.15
6307,210.753,19.804,-8.445,0.5111,1.0124,46,9.79,10.82,104.17,70.51
6308,210.786,21.924,-7.607,0.6694,1.008,38,9.921,10.3,109.67,70.18
6309,210.82,20.824,-12.161,0.7582,1.0174,28,10.045,9.53,115.44,69.79
6310,210.853,21.937,-11.819,0.7865,1.0111,29,9.953,8.61,120.81,68.78
6311,210.886,19.401,-10.892,0.6194,1.0138,24,10.17,9.5,125.15,67.22
6312,210.92,21.519,-5.259,0.7333,1.0044,28,10.429,10.7,130.71,66.08
6313,210.953,19.677,-0.993,0.4955,0.9972,20,11.283,14.59,135.59,63.91
6314,210.987,18.062,-1.487,0.2893,0.9991,38,11.07,18.38,142.01,61.89
6315,211.02,17.933,-1.224,0.4455,0.9973,35,10.874,21.11,147.84,58.79
6316,211.054,17.036,-0.693,0.4061,0.9964,34,10.553,25.61,153.29,54.79
6317,211.087,16.335,-2.159,0.4258,1.0008,49,10.477,25.68,158.71,49.7
6318,211.12,14.617,-1.294,0.3198,0.9987,49,10.664,32.27,162.33,43.94
6319,211.154,13.249,-3.109,0.2779,1.0044,53,10.418,44.45,164.82,38.42
6320,211.187,12.328,-0.995,0.2108,0.9989,66,10.144,59.04,165.1,34.16
6321,211.221,10.955,-1.465,0.1876,1.0006,76,9.888,56.51,163.67,31.46
6322,211.254,10.497,-0.386,0.227,0.9972,76,8.776,78.18,161.99,30.26
6323,211.287,9.049,-1.574,0.1231,1.0013,83,7.607,90.87,160.38,30.44
6324,211.321,6.517,-2.226,0.0877,1.0039,84,7.934,106.69,157.26,31.02
6325,211.354,4.692,-2.248,0.0319,1.0052,84,6.932,123.27,154.52,31.92
6326,211.388,3.889,-2.894,0.0523,1.0069,94,5.143,130.95,153.66,32.13
6327,211.421,3.472,-1.995,0.0223,1.0054,105,4.759,106.23,153.3,32.46
6328,211.455,2.877,-2.453,0.0144,1.0063,96,4.212,75.64,152.99,32.72
6329,211.488,2.878,-2.135,0.0423,1.0054,93,4.155,118.55,152.22,32.71
6330,211.521,2.753,-3.155,0.0834,1.0084,121,4.676,124.92,151.1,32.94
6331,211.555,2.803,-2.607,0.0383,1.0075,130,4.724,143.12,150.42,33.12
6332,211.588,3.352,-2.351,0.0436,1.0062,145,4.897,116.51,149.66,33.57
6333,211.622,3.251,-2.589,0.0053,1.0069,140,5.253,138.49,148.82,33.83
6334,211.655,3.563,-2.618,0.0139,1.0063,157,5.735,143.23,147.77,34.33
6335,211.688,3.442,-2.83,-0.0151,1.0062,143,6.369,169.38,146.14,34.9
6336,211.722,2.972,-3.479,-0.0339,1.0082,153,6.428,123.5,145.02,35.41
6337,211.755,2.877,-3.771,-0.0134,1.008,140,6.295,113.84,144.0,35.9
6338,211.789,2.791,-3.823,-0.0264,1.008,137,6.701,121.52,142.18,36.05
6339,211.822,2.801,-3.889,-0.0638,1.0082,144,6.656,146.42,140.88,36.23
6340,211.856,3.431,-3.284,-0.018,1.0062,145,6.442,141.77,140.44,36.28
6341,211.889,3.413,-3.42,-0.0216,1.0064,132,6.88,150.08,139.22,36.48
6342,211.922,2.844,-3.878,-0.0727,1.0082,146,7.001,166.91,138.1,36.71
6343,211.956,2.937,-3.878,-0.0376,1.0081,153,7.938,168.33,135.9,36.93
6344,211.989,2.96,-3.189,-0.0356,1.007,141,6.637,164.69,134.92,37.12
6345,212.023,2.966,-3.041,-0.0067,1.0065,143,7.121,159.49,133.64,37.08
6346,212.056,2.668,-3.198,-0.0057,1.0068,149,5.791,98.52,133.56,37.43
6347,212.089,1.225,-4.572,-0.0594,1.012,151,5.581,93.12,133.02,37.87
6348,212.123,2.251,-2.781,0.0436,1.006,166,5.25,126.34,132.19,38.09
6349,212.156,0.605,-4.179,0.0652,1.0108,158,5.193,123.83,131.3,38.73
6350,212.19,1.094,-2.452,0.0342,1.0068,175,3.984,117.44,131.64,38.92
6351,212.223,0.241,-3.079,0.0358,1.0095,183,3.445,127.93,131.64,39.33
6352,212.256,-0.202,-2.412,0.0361,1.009,148,3.6,116.63,131.47,39.73
6353,212.29,0.054,-1.853,0.0587,1.0063,190,3.355,106.13,130.46,39.54
6354,212.323,-0.061,-1.838,0.0162,1.0069,161,3.042,124.54,129.68,39.34
6355,212.357,-0.352,-1.705,-0.0357,1.0067,176,3.12,109.68,129.11,39.69
6356,212.39,-0.282,-1.18,-0.0526,1.0058,176,3.73,91.89,127.4,40.14
6357,212.424,0.004,-0.763,-0.0204,1.0042,184,2.916,111.78,126.43,40.16
6358,212.457,-0.296,-1.534,0.0067,1.006,160,2.458,102.35,126.11,40.2
6359,212.49,-0.033,-1.641,0.076,1.0052,169,2.677,106.11,125.27,40.18
6360,212.524,-0.526,-1.792,0.0235,1.0064,167,2.963,131.32,124.24,40.1
6361,212.557,-0.517,-1.999,0.0292,1.0065,164,2.838,138.44,123.4,39.87
6362,212.591,-0.489,-2.185,0.0458,1.0064,195,2.95,130.34,122.67,39.88
6363,212.624,-0.392,-2.281,0.0446,1.0067,175,3.104,130.48,121.67,39.95
6364,212.657,-0.697,-1.68,-0.037,1.0062,159,3.482,151.26,120.28,40.09
6365,212.691,-0.484,-2.228,0.0181,1.007,190,3.145,154.79,119.73,40.43
6366,212.724,-0.549,-2.097,-0.0132,1.0069,173,3.209,144.43,119.19,40.73
6367,212.758,-0.324,-2.439,0.0406,1.0072,163,2.999,132.43,118.82,41.04
6368,212.791,-0.838,-1.592,-0.0969,1.0068,207,3.326,132.58,118.12,41.5
6369,212.825,-0.663,-1.675,-0.062,1.0074,220,4.374,148.17,116.96,41.95
6370,212.858,-0.949,-1.278,-0.1298,1.0068,228,4.657,152.2,116.07,42.26
6371,212.891,-0.625,-1.729,-0.0614,1.0078,220,4.474,142.39,115.45,42.66
6372,212.925,-0.779,-1.569,-0.075,1.0079,216,4.598,144.88,115.77,42.95
6373,212.958,-1.261,-1.562,-0.1044,1.0089,199,4.607,153.4,115.37,43.22
6374,212.992,-0.098,-1.255,0.0096,1.006,180,4.725,161.26,114.27,43.7
6375,213.025,-0.877,-1.746,-0.0458,1.0088,202,4.806,156.7,114.1,43.94
6376,213.058,-1.018,-1.512,-0.088,1.0086,236,4.851,145.53,114.22,44.05
6377,213.092,-0.776,-1.036,-0.1022,1.0074,242,4.813,147.75,113.31,44.5
6378,213.125,-0.61,-1.447,-0.0518,1.0077,216,4.826,155.5,113.79,44.61
6379,213.159,-0.469,-1.834,0.02,1.0077,228,4.748,169.49,114.36,44.59
6380,213.192,-1.113,-1.299,-0.0631,1.007,233,4.378,155.06,114.12,44.75
6381,213.226,-0.644,-2.066,0.0415,1.0072,194,4.726,151.88,113.37,44.88
6382,213.259,-1.028,-2.783,0.077,1.0086,240,5.031,174.01,112.92,44.91
6383,213.292,-1.515,-2.776,0.0212,1.0092,227,4.793,175.88,112.99,44.92
6384,213.326,-1.547,-3.078,0.0354,1.0094,234,4.791,163.67,114.03,44.93
6385,213.359,-1.158,-2.651,0.0461,1.0083,232,4.855,163.24,114.33,45.07
6386,213.393,-1.43,-2.895,0.0384,1.0093,233,4.833,172.41,114.05,45.29
6387,213.426,-1.564,-2.843,0.0172,1.0089,239,4.867,176.37,114.52,45.48
6388,213.459,-1.498,-2.778,0.0274,1.0087,240,5.069,169.87,113.96,45.93
6389,213.493,-1.413,-3.197,0.0721,1.0095,247,5.747,163.97,112.96,46.64
6390,213.526,-1.501,-2.75,0.0427,1.0092,244,5.801,168.45,114.04,46.8
6391,213.56,-1.611,-3.052,0.0599,1.0102,270,5.848,176.64,113.45,47.2
6392,213.593,-1.916,-2.949,0.0346,1.0104,274,5.88,170.83,113.2,47.61
6393,213.627,-2.667,-2.312,-0.0431,1.0106,264,5.784,159.11,114.65,47.58
6394,213.66,-1.91,-0.886,-0.0762,1.0066,244,5.712,162.04,113.69,48.02
6395,213.693,-0.486,-0.97,0.0906,1.005,237,5.835,178.78,112.65,48.3
6396,213.727,-1.048,-1.546,0.0837,1.0068,276,5.972,183.44,113.7,48.05
6397,213.76,-0.711,-1.294,0.0825,1.0063,260,5.579,167.08,113.88,48.21
6398,213.794,-1.115,-2.261,0.0995,1.0091,290,5.657,163.08,113.31,48.62
6399,213.827,-1.323,-1.139,-0.027,1.0067,282,5.177,165.42,114.13,48.64
6400,213.86,-1.897,-2.085,-0.0073,1.0095,294,5.235,170.52,114.45,48.87
6401,213.894,-1.404,-2.145,0.0434,1.0085,306,5.836,167.42,113.9,49.33
6402,213.927,-2.704,-2.414,-0.0566,1.0104,313,5.568,166.47,114.99,49.45
6403,213.961,-1.344,-1.899,0.0295,1.0072,269,5.711,185.84,115.33,49.75
6404,213.994,-1.754,-2.779,0.0412,1.0093,333,6.21,189.19,114.48,50.28
6405,214.028,-2.265,-3.218,0.0369,1.0112,270,7.073,217.73,115.27,50.0
6406,214.061,-2.279,-3.893,0.0759,1.0116,305,5.737,189.45,116.3,50.13
6407,214.094,0.131,-2.34,0.224,1.0058,297,6.302,184.15,115.89,50.68
6408,214.128,-2.19,-3.184,0.0358,1.0112,304,6.375,187.84,117.22,50.81
6409,214.161,-1.833,-3.574,0.0785,1.0111,316,6.533,185.35,118.01,51.23
6410,214.195,-0.813,-2.637,0.0942,1.0075,286,7.026,172.82,117.42,51.95
6411,214.228,-1.147,-3.264,0.1116,1.0093,264,6.771,171.85,118.07,52.23
6412,214.261,-0.088,-2.585,0.1924,1.0078,271,7.603,185.24,118.09,52.76
6413,214.295,-2.853,-4.227,-0.0039,1.0145,280,8.538,197.01,117.41,53.63
6414,214.328,-0.798,-2.803,0.1127,1.0097,275,8.395,193.91,118.45,53.89
6415,214.362,-1.121,-1.505,-0.0309,1.0081,260,8.343,192.45,118.73,54.47
6416,214.395,-3.939,-3.338,-0.122,1.0149,242,9.309,204.91,118.08,55.39
6417,214.429,-1.598,-1.312,-0.0616,1.0083,268,8.875,211.34,118.59,55.74
6418,214.462,-0.509,-1.787,0.1102,1.0077,265,8.668,207.2,118.73,56.27
6419,214.495,-1.891,-1.488,-0.0784,1.0096,273,9.243,192.5,118.59,57.02
6420,214.529,-0.98,-0.339,-0.0689,1.0059,253,8.992,209.51,118.9,57.34
6421,214.562,-0.734,-0.998,0.0128,1.0067,248,9.223,231.23,118.71,57.86
6422,214.596,-3.031,-3.568,0.03,1.0142,262,9.664,233.08,118.68,58.59
6423,214.629,-0.559,-0.969,0.0263,1.0058,233,9.284,224.62,119.57,58.86
6424,214.662,-0.667,-1.454,0.049,1.0071,267,9.479,217.35,120.05,59.34
6425,214.696,-0.472,-1.088,0.0526,1.0061,243,9.775,244.05,120.51,59.78
6426,214.729,-0.355,-1.366,0.0738,1.0061,274,9.705,257.91,121.45,59.87
6427,214.763,0.001,-0.829,0.0807,1.0049,266,9.689,245.13,122.65,59.76
6428,214.796,-0.122,-0.801,0.0554,1.0052,256,9.898,236.83,124.13,59.42
6429,214.83,-0.308,-0.422,0.0147,1.0054,251,10.297,254.14,125.54,58.78
6430,214.863,-0.538,-0.195,-0.0307,1.0053,243,10.579,261.04,127.32,57.96
6431,214.896,-0.44,0.043,-0.0352,1.0046,238,10.846,246.08,129.92,56.77
6432,214.93,-0.499,-0.495,0.0045,1.0058,251,10.908,229.47,132.61,55.33
6433,214.963,0.149,0.228,0.0285,1.0047,251,11.012,222.9,134.38,54.03
6434,214.997,0.242,0.878,0.0024,1.0038,255,10.813,233.73,135.63,53.08
6435,215.03,0.279,0.81,0.0235,1.0046,258,10.575,223.99,136.8,52.41
6436,215.063,-0.215,1.02,-0.0148,1.0054,263,10.507,205.55,138.24,51.64
6437,215.097,0.024,0.694,0.066,1.006,271,10.365,205.82,138.69,51.18
6438,215.13,-0.012,1.71,-0.026,1.0048,286,10.597,222.01,138.6,50.93
6439,215.164,0.091,1.407,0.0104,1.0055,305,10.606,226.04,138.97,50.82
6440,215.197,0.351,1.253,0.0268,1.0057,303,10.562,216.28,139.48,50.3
6441,215.23,-0.158,1.577,-0.0362,1.0057,305,9.71,190.13,140.92,48.8
6442,215.264,0.572,1.741,-0.0068,1.0049,307,9.287,171.21,140.93,48.01
6443,215.297,0.116,2.059,-0.0677,1.0049,305,8.763,176.77,140.66,47.65
6444,215.331,0.566,1.995,-0.0105,1.0043,312,8.535,168.93,141.11,46.92
6445,215.364,0.195,1.51,-0.0168,1.0053,322,8.82,155.67,141.24,46.2
6446,215.398,1.069,2.131,0.0111,1.003,271,8.877,170.36,140.8,46.09
6447,215.431,0.603,1.351,-0.0007,1.005,323,8.856,177.28,140.64,45.98
6448,215.464,1.234,1.77,0.0039,1.0037,330,9.108,171.21,140.67,45.97
6449,215.498,0.945,1.167,0.02,1.0046,322,9.04,163.51,140.91,45.99
6450,215.531,0.783,1.156,0.002,1.005,318,9.517,175.14,140.35,46.28
6451,215.565,0.956,1.277,0.0011,1.0049,320,9.637,198.89,140.6,46.46
6452,215.598,0.995,1.42,-0.0295,1.0048,308,9.919,211.96,141.06,46.61
6453,215.631,1.183,1.928,-0.0539,1.0039,322,9.645,195.26,141.28,46.67
6454,215.665,1.127,1.278,-0.0376,1.0053,316,9.623,187.47,141.24,46.76
6455,215.698,1.317,1.584,-0.0495,1.0051,331,9.902,194.08,141.09,46.81
6456,215.732,0.969,1.598,-0.0844,1.0056,330,10.131,190.97,140.85,46.98
6457,215.765,0.795,1.268,-0.0937,1.0066,337,10.113,172.91,141.0,46.87
6458,215.799,1.511,1.547,-0.0666,1.0054,322,10.694,161.34,140.61,46.53
6459,215.832,0.81,0.71,-0.0653,1.0079,325,10.36,167.36,140.71,46.37
6460,215.865,0.504,0.711,-0.0931,1.0088,300,10.577,180.44,140.43,46.28
6461,215.899,1.076,0.959,-0.0617,1.007,327,10.603,172.87,140.34,46.05
6462,215.932,0.806,0.763,-0.0897,1.0075,333,10.359,164.38,139.91,46.12
6463,215.966,1.761,1.373,-0.0654,1.0059,322,10.225,161.01,139.19,46.32
6464,215.999,2.184,1.002,-0.0144,1.0055,318,10.339,170.16,138.03,46.54
6465,216.032,1.963,1.27,-0.0615,1.0052,292,11.166,200.42,136.05,46.47
6466,216.066,0.913,-1.674,0.0018,1.0097,288,9.092,170.69,136.19,46.23
6467,216.099,1.526,0.118,-0.0478,1.0066,325,9.087,156.25,135.93,46.12
6468,216.133,1.322,-1.093,-0.0059,1.008,328,9.061,159.78,135.48,46.11
6469,216.166,1.243,-0.51,-0.05,1.0069,321,8.862,167.96,134.86,46.2
6470,216.2,1.281,-0.72,-0.0426,1.0066,312,8.573,155.72,134.31,46.07
6471,216.233,0.842,-1.491,-0.017,1.008,284,8.735,145.94,133.17,46.01
6472,216.266,1.618,-0.609,-0.0189,1.0054,303,7.743,148.21,132.68,45.99
6473,216.3,1.209,-0.644,-0.0504,1.0054,301,7.917,161.52,131.67,46.09
6474,216.333,1.155,-0.893,-0.0593,1.0054,287,7.33,152.36,131.59,45.85
6475,216.367,0.999,-0.762,-0.0822,1.0054,286,7.155,141.16,131.41,45.53
6476,216.4,1.341,-1.181,-0.038,1.0055,278,7.336,138.37,130.53,45.57
6477,216.433,1.596,-1.398,-0.0156,1.0053,276,7.137,150.81,129.52,45.61
6478,216.467,1.498,-1.428,-0.0112,1.0056,276,6.983,144.79,128.79,45.6
6479,216.5,1.397,-1.115,-0.0321,1.0051,257,6.597,137.39,128.27,45.65
6480,216.534,1.339,-1.307,-0.0292,1.0055,268,6.905,135.6,127.31,45.64
6481,216.567,1.83,-1.048,-0.0152,1.0047,269,7.117,142.86,126.04,45.74
6482,216.601,1.222,-1.556,-0.0152,1.0062,258,6.991,149.8,124.95,45.9
6483,216.634,1.427,-1.309,-0.0234,1.0055,255,6.892,143.73,124.18,45.83
6484,216.667,1.525,-1.044,-0.0357,1.005,265,6.201,132.71,124.09,45.76
6485,216.701,1.657,-1.732,0.0169,1.0059,266,5.933,130.18,123.96,45.65
6486,216.734,1.611,-1.69,0.0092,1.0058,255,5.843,133.07,123.73,45.53
6487,216.768,1.9,-1.688,0.0236,1.0051,237,5.392,123.99,123.65,45.38
6488,216.801,2.255,-1.715,0.037,1.0049,238,5.483,119.43,123.35,45.24
6489,216.834,1.978,-1.91,0.0237,1.0055,243,5.47,121.5,122.88,45.11
6490,216.868,1.943,-2.053,0.0118,1.0055,237,5.535,132.24,122.26,45.03
6491,216.901,2.709,-1.685,0.0133,1.0045,219,5.671,126.47,121.92,44.88
6492,216.935,3.117,-2.132,0.0371,1.0049,221,5.904,120.18,121.64,44.72
6493,216.968,3.572,-2.237,0.0441,1.0048,208,6.241,115.54,121.58,44.55
6494,217.002,3.639,-4.064,0.1406,1.0076,197,6.516,118.18,121.67,44.35
6495,217.035,4.064,-2.738,0.0623,1.0053,211,6.506,119.47,121.77,44.21
6496,217.068,3.622,-3.446,0.0389,1.0068,191,6.774,114.17,121.96,44.09
6497,217.102,4.564,-2.59,0.0232,1.0052,193,7.027,106.62,122.25,43.82
6498,217.135,4.749,-3.219,0.0469,1.006,195,6.97,105.74,122.15,43.62
6499,217.169,4.589,-3.644,0.0216,1.007,184,7.32,111.53,122.22,43.52
6500,217.202,5.363,-3.507,0.0593,1.0061,179,7.165,108.88,122.01,43.35
6501,217.235,4.611,-4.851,0.0701,1.0086,170,7.124,108.63,121.82,43.09
6502,217.269,4.74,-5.09,0.0914,1.0088,153,7.137,114.4,121.7,42.86
6503,217.302,4.851,-4.332,0.0444,1.0077,152,7.046,116.32,121.94,42.59
6504,217.336,5.084,-5.1,0.0959,1.0087,141,6.704,102.68,122.21,42.05
6505,217.369,5.201,-4.498,0.0748,1.008,145,6.872,95.4,123.08,41.66
6506,217.403,5.338,-4.247,0.0603,1.008,147,6.473,103.7,123.78,40.54
6507,217.436,5.153,-4.07,0.0298,1.0082,138,6.39,98.41,124.41,39.4
6508,217.469,5.643,-4.359,0.0693,1.0084,123,6.145,84.17,124.77,38.34
6509,217.503,5.839,-5.103,0.106,1.0094,97,5.976,72.14,125.47,37.58
6510,217.536,5.849,-4.342,0.0601,1.009,105,5.365,57.19,125.77,36.96
6511,217.57,6.144,-4.648,0.0873,1.0091,95,5.067,60.09,125.92,36.51
6512,217.603,6.256,-4.902,0.0781,1.0094,84,4.82,58.76,126.54,36.32
6513,217.636,6.739,-4.892,0.0803,1.0091,75,4.673,55.71,127.64,36.01
6514,217.67,6.743,-5.59,0.1086,1.0097,63,4.269,49.37,128.94,35.38
6515,217.703,7.131,-5.113,0.0706,1.0085,43,4.037,45.25,130.21,34.69
6516,217.737,7.229,-5.25,0.0575,1.0085,42,3.869,34.17,131.53,34.35
6517,217.77,7.4,-5.134,0.0475,1.0082,37,3.268,28.89,132.63,33.91
6518,217.803,7.136,-5.101,0.0053,1.0088,36,3.052,23.74,134.17,33.48
6519,217.837,8.531,-4.758,0.1221,1.0064,33,2.612,21.98,135.67,32.99
6520,217.87,7.557,-4.721,0.0164,1.0078,31,1.964,21.15,136.62,32.87
6521,217.904,8.059,-4.614,0.0646,1.007,28,1.358,19.83,136.6,32.88
6522,217.937,7.674,-4.518,0.0221,1.0072,21,1.345,18.84,136.41,32.99
6523,217.971,7.894,-4.9,0.0764,1.0068,23,1.277,16.38,136.18,33.16
6524,218.004,8.055,-5.023,0.0722,1.0071,22,1.258,16.51,135.88,33.35
6525,218.037,8.356,-5.448,0.1304,1.0067,20,2.119,17.22,135.34,33.24
6526,218.071,7.925,-6.17,0.2105,1.0078,24,0.844,14.87,135.09,33.32
6527,218.104,14.982,-5.173,0.5122,1.0024,24,0.845,11.28,135.0,33.22
6528,218.138,7.94,-5.847,0.1185,1.0075,23,1.952,11.23,136.38,32.48
6529,218.171,8.041,-4.931,0.0348,1.0059,23,1.246,8.14,137.0,32.43
6530,218.204,6.672,-5.486,0.0273,1.0083,18,2.109,6.89,138.6,31.92
6531,218.238,5.909,-9.327,0.6708,1.0137,24,1.3,6.1,139.37,31.72
6532,218.271,6.949,-4.25,-0.0343,1.0039,17,2.083,6.33,140.97,31.41
6533,218.305,6.756,-3.625,-0.0682,1.0037,24,1.489,7.5,141.99,31.16
6534,218.338,6.732,-3.828,0.0618,1.0034,23,1.496,7.41,143.04,30.93
6535,218.372,5.611,-3.342,-0.0128,1.0044,33,1.337,6.21,144.0,30.55
6536,218.405,4.54,-5.982,0.4105,1.0082,35,1.167,7.19,144.77,30.35
6537,218.438,2.392,-3.918,0.2425,1.0037,44,1.181,7.67,145.67,30.32
6538,218.472,0.57,-1.553,0.037,1.0019,37,0.702,5.27,145.98,30.14
6539,218.505,5.306,-3.218,0.1567,1.0029,34,1.101,7.37,146.7,29.69
6540,218.539,4.868,-3.662,0.117,1.004,43,0.698,9.28,146.92,29.58
6541,218.572,5.294,-3.649,0.1913,1.0034,47,0.783,10.14,147.21,29.43
6542,218.605,4.884,-3.544,0.117,1.0038,38,0.958,8.11,147.75,29.16
6543,218.639,4.936,-3.489,0.1069,1.003,44,0.577,8.37,147.76,29.14
6544,218.672,2.747,-4.781,0.23,1.0052,47,0.549,9.31,147.77,29.1
6545,218.706,3.658,-4.395,0.133,1.0048,41,0.686,7.38,147.75,29.05
6546,218.739,3.594,-5.22,0.2448,1.0056,43,0.791,8.97,147.85,29.07
6547,218.773,3.936,-4.679,0.2166,1.0048,41,0.567,11.47,147.82,29.1
6548,218.806,3.794,-4.435,0.1479,1.0051,52,0.655,11.73,147.76,29.11
6549,218.839,3.288,-4.55,0.1034,1.0062,45,0.668,11.56,147.67,29.13
6550,218.873,7.636,-2.984,0.3579,1.0013,46,0.8,11.31,147.45,29.09
6551,218.906,3.176,-5.208,0.155,1.0069,67,0.777,13.68,147.33,29.08
6552,218.94,5.578,-2.877,0.3009,1.002,51,0.702,14.47,147.26,29.09
6553,218.973,2.703,-5.95,0.1412,1.0079,60,0.664,12.72,147.19,29.08
6554,219.006,2.563,-5.98,0.1181,1.0081,46,0.805,10.81,147.15,29.01
6555,219.04,2.353,-6.474,0.1258,1.0092,60,0.764,9.98,147.05,29.03
6556,219.073,2.038,-6.622,0.1019,1.0099,27,0.701,14.24,146.96,29.08
6557,219.107,1.683,-5.45,-0.0354,1.0102,15,0.674,11.29,146.89,29.1
6558,219.14,2.13,-5.449,0.0014,1.0102,14,0.916,10.6,146.57,29.21
6559,219.174,6.148,-4.415,-0.0868,1.0,10,0.835,9.15,146.34,29.18
6560,219.207,0.324,0.114,0.0,1.0,9,0.787,5.72,146.13,29.03
6561,219.24,0.671,1.349,0.0399,1.0,9,0.604,6.38,146.09,28.97
6562,219.274,0.235,3.323,0.0,1.0,0,0.702,6.43,145.94,28.9
6563,219.307,-0.295,1.466,0.0,1.0,0,0.751,6.37,145.96,28.84
6564,219.341,-0.802,0.147,0.0,1.0,0,0.774,7.81,146.24,28.84
6565,219.374,-0.007,0.154,0.0,1.0,0,0.547,5.65,146.47,28.78
6566,219.407,-0.39,0.167,0.0,1.0,0,0.505,5.51,146.63,28.76
6567,219.441,-0.363,0.141,0.0,1.0,0,0.58,5.56,146.84,28.76
6568,219.474,-0.252,0.221,0.0,1.0,0,0.492,5.38,146.99,28.75
6569,219.508,-0.268,0.277,0.0,1.0,0,0.543,5.9,147.17,28.78
6570,219.541,-0.472,0.154,0.0,1.0,0,0.529,5.93,147.35,28.77
6571,219.575,-0.356,0.299,0.0,1.0,0,0.656,5.77,147.46,28.86
6572,219.608,-0.375,0.202,0.0,1.0,0,0.711,5.85,147.62,28.98
6573,219.641,-0.292,0.164,0.0,1.0,0,0.648,5.84,147.85,29.07
6574,219.675,-0.306,-0.059,0.0,1.0,0,0.618,7.05,148.02,29.17
6575,219.708,0.368,-0.024,0.2984,1.0,8,0.7,7.56,148.14,29.33
6576,219.742,0.123,0.149,0.0,1.0,0,0.681,5.5,148.32,29.45
6577,219.775,9.892,-1.455,0.3801,0.9996,17,0.863,5.84,148.51,29.71
6578,219.808,9.679,-2.331,0.3419,1.001,16,0.655,6.6,148.67,29.85
6579,219.842,0.557,-0.02,0.9593,1.0,11,0.765,6.44,148.59,30.17
6580,219.875,13.174,-0.651,0.7877,0.9988,13,1.194,5.19,148.09,30.36
6581,219.909,14.216,-1.88,0.8719,1.0007,15,0.834,4.38,148.1,30.26
6582,219.942,0.447,0.466,0.519,1.0,11,0.879,5.49,148.13,30.25
6583,219.976,13.374,-2.021,0.7753,1.0011,17,0.7,3.71,148.29,30.33
6584,220.009,9.625,2.327,0.3435,0.9948,19,1.561,7.5,148.05,30.59
6585,220.042,13.136,-1.873,0.6918,1.001,19,0.752,8.57,148.25,30.65
6586,220.076,13.042,-0.408,0.6816,0.9985,17,0.831,8.42,148.39,30.81
6587,220.109,11.272,-1.989,0.5635,1.0008,12,0.86,8.5,148.65,31.0
6588,220.143,13.479,-2.168,0.763,1.0004,20,0.831,11.19,148.8,31.21
6589,220.176,12.908,-3.074,0.7529,1.0018,17,0.872,11.34,148.94,31.38
6590,220.209,11.774,-1.857,0.6497,0.9998,18,1.009,12.78,148.7,31.53
6591,220.243,8.446,0.564,0.4179,0.9964,17,1.053,14.89,148.44,31.62
6592,220.276,12.04,-1.847,0.6701,0.9997,23,1.022,16.95,148.22,31.73
6593,220.31,11.771,-2.863,0.6526,1.001,24,0.936,18.65,148.31,31.87
6594,220.343,10.714,-2.364,0.5521,1.0003,25,0.956,21.14,148.33,32.07
6595,220.377,11.577,-3.035,0.5813,1.0011,21,1.146,26.33,148.18,32.43
6596,220.41,11.794,-2.998,0.6029,1.0013,22,1.188,26.81,147.97,32.77
6597,220.443,11.214,-3.182,0.5667,1.0019,21,1.667,28.07,147.29,33.1
6598,220.477,11.921,-2.99,0.6219,1.0008,22,1.414,21.29,146.86,33.45
6599,220.51,11.726,-3.221,0.6232,1.0011,26,1.359,16.19,146.4,33.97
6600,220.544,10.841,-3.402,0.5708,1.0019,32,1.569,37.1,145.89,34.64
6601,220.577,10.552,-3.612,0.5689,1.0025,29,1.287,30.77,145.55,34.88
6602,220.61,9.919,-4.059,0.544,1.0035,31,1.459,24.24,145.2,35.37
6603,220.644,2.278,1.454,0.0381,0.9981,29,1.149,11.37,145.25,35.52
6604,220.677,7.705,-2.148,0.4188,1.0034,52,1.265,12.94,145.28,35.67
6605,220.711,9.092,-3.349,0.4383,1.0039,47,1.35,21.98,144.99,35.95
6606,220.744,8.004,1.479,0.2895,0.9972,40,1.663,29.25,144.7,36.3
6607,220.777,9.203,-2.164,0.3994,1.0023,42,1.905,26.31,145.0,36.78
6608,220.811,10.183,-3.149,0.4965,1.0036,40,1.816,20.77,145.39,36.99
6609,220.844,9.39,-0.702,0.419,0.9996,43,1.742,27.77,145.48,37.35
6610,220.878,7.439,1.477,0.2729,0.996,44,1.73,26.25,145.56,37.64
6611,220.911,7.074,2.02,0.2448,0.9948,51,2.019,21.0,145.94,38.18
6612,220.945,9.447,0.254,0.428,0.997,50,1.679,28.44,145.57,38.6
6613,220.978,9.388,-0.429,0.4279,0.9979,49,1.779,32.77,144.82,38.89
6614,221.011,6.259,0.91,0.1918,0.9957,48,1.723,32.82,144.23,39.31
6615,221.045,6.71,3.203,0.2083,0.9919,55,1.976,29.76,143.54,39.84
6616,221.078,11.77,-3.051,0.606,0.9998,52,2.102,24.19,142.85,40.41
6617,221.112,11.171,-0.657,0.5185,0.9963,51,2.488,24.13,142.11,41.33
6618,221.145,9.034,5.026,0.294,0.9881,52,2.574,25.43,141.05,42.14
6619,221.178,8.121,3.798,0.2248,0.9895,47,2.778,20.18,140.04,42.79
6620,221.212,12.525,-0.55,0.5765,0.9949,48,2.848,20.55,138.94,43.53
6621,221.245,11.834,-0.17,0.528,0.9945,54,2.734,20.53,137.91,44.1
6622,221.279,7.969,2.815,0.2262,0.9909,61,2.714,18.26,136.88,44.58
6623,221.312,7.691,2.323,0.2359,0.9922,60,2.595,18.39,135.79,44.95
6624,221.346,11.625,-3.089,0.5912,1.0,76,2.586,21.5,135.03,45.2
6625,221.379,7.654,3.172,0.2019,0.9915,60,2.609,24.47,134.41,45.44
6626,221.412,8.574,1.967,0.247,0.993,62,2.881,26.87,134.1,45.81
6627,221.446,9.172,3.315,0.2397,0.9914,66,3.477,35.84,134.37,46.27
6628,221.479,9.945,3.396,0.3028,0.9913,61,3.727,39.84,134.74,46.97
6629,221.513,9.349,4.194,0.2594,0.9899,56,3.809,37.35,135.43,47.51
6630,221.546,8.657,5.735,0.1969,0.9876,57,3.579,34.55,135.79,48.07
6631,221.579,11.87,1.36,0.4974,0.993,62,3.749,31.19,136.22,48.8
6632,221.613,11.399,1.093,0.4664,0.9932,59,3.397,29.0,136.29,49.15
6633,221.646,11.035,0.974,0.4454,0.9934,59,4.229,32.35,137.27,49.9
6634,221.68,7.947,0.964,0.1865,0.9939,62,3.641,38.14,137.36,50.26
6635,221.713,11.422,-0.185,0.4767,0.9946,58,3.55,40.59,136.95,50.62
6636,221.747,9.596,1.274,0.3023,0.9921,57,4.348,30.8,137.55,51.23
6637,221.78,11.078,-1.58,0.4467,0.9958,62,3.748,40.64,136.75,51.55
6638,221.813,10.471,1.708,0.3574,0.9911,68,3.857,56.84,135.96,51.72
6639,221.847,8.885,1.2,0.2467,0.9923,65,4.065,59.81,135.32,51.73
6640,221.88,7.641,0.173,0.1617,0.994,73,4.16,56.83,134.78,51.76
6641,221.914,7.655,0.313,0.1706,0.9938,71,4.046,60.68,133.67,51.66
6642,221.947,7.488,0.063,0.1777,0.9944,76,3.917,60.1,132.71,51.62
6643,221.98,7.282,0.067,0.1655,0.9948,75,4.041,60.0,131.94,51.59
6644,222.014,6.915,0.55,0.169,0.9949,82,4.614,23.12,130.49,51.43
6645,222.047,6.238,-0.198,0.1173,0.9968,82,3.96,60.62,129.98,51.64
6646,222.081,7.125,0.676,0.1351,0.9948,90,4.789,91.09,130.15,52.07
6647,222.114,8.943,2.827,0.2361,0.9912,87,5.091,70.0,130.82,52.34
6648,222.148,8.557,0.983,0.2534,0.9949,87,4.895,69.88,131.26,52.58
6649,222.181,6.458,0.395,0.1197,0.9965,95,4.772,46.18,131.35,52.5
6650,222.214,8.881,2.877,0.2974,0.9915,98,4.809,77.97,131.2,52.52
6651,222.248,6.871,2.697,0.1205,0.9924,84,4.915,62.51,131.27,52.35
6652,222.281,6.298,1.963,0.0881,0.9936,99,4.922,106.11,131.15,52.33
6653,222.315,6.423,2.037,0.0822,0.9937,103,5.016,121.62,131.27,52.29
6654,222.348,7.657,2.928,0.1607,0.9914,101,5.351,102.54,131.4,52.09
6655,222.381,7.376,2.43,0.1071,0.9917,119,5.517,85.76,131.38,51.91
6656,222.415,6.966,1.865,0.0685,0.9926,117,5.593,117.81,131.35,51.77
6657,222.448,7.232,1.864,0.085,0.9924,120,5.829,150.47,131.27,51.57
6658,222.482,7.684,1.946,0.1359,0.9918,116,5.835,172.21,131.22,51.39
6659,222.515,7.091,1.236,0.0884,0.993,117,5.961,180.2,131.17,51.2
6660,222.549,7.804,1.805,0.1336,0.9913,118,5.976,185.96,131.15,51.01
6661,222.582,7.886,1.757,0.1332,0.9914,112,6.133,180.83,131.17,50.86
6662,222.615,7.567,1.024,0.1218,0.9926,114,6.178,191.93,130.94,50.52
6663,222.649,7.388,0.991,0.133,0.9932,125,5.733,36.62,130.83,50.17
6664,222.682,8.236,2.092,0.1789,0.9914,113,5.32,39.47,130.49,50.02
6665,222.716,8.665,2.084,0.2044,0.9916,105,5.747,151.09,130.37,50.0
6666,222.749,8.037,1.825,0.1156,0.9928,109,6.28,213.4,130.33,49.99
6667,222.782,8.5,1.808,0.1192,0.9928,106,6.698,184.81,130.77,49.82
6668,222.816,8.499,1.253,0.123,0.9937,116,6.761,188.82,130.66,49.78
6669,222.849,8.165,0.743,0.1008,0.9949,119,6.744,178.5,130.54,49.78
6670,222.883,9.913,1.855,0.219,0.9925,103,6.709,166.77,130.39,49.69
6671,222.916,8.271,0.069,0.1034,0.9961,111,7.175,201.22,129.9,49.77
6672,222.95,8.32,0.072,0.0884,0.9962,112,7.687,214.01,129.6,49.82
6673,222.983,8.331,0.124,0.066,0.9967,118,8.005,181.95,129.13,50.11
6674,223.016,9.027,0.29,0.1095,0.9962,104,8.183,173.74,128.8,50.33
6675,223.05,10.291,0.683,0.187,0.9949,96,8.263,184.27,128.35,50.49
6676,223.083,9.262,-0.45,0.1044,0.9973,96,8.471,189.25,127.74,50.58
6677,223.117,9.584,-0.556,0.1067,0.9973,95,8.68,213.45,127.13,50.66
6678,223.15,9.722,-0.723,0.1173,0.9974,106,8.741,197.92,126.54,50.71
6679,223.183,9.995,-1.081,0.1454,0.9979,101,8.912,186.0,125.99,50.68
6680,223.217,11.155,0.049,0.2027,0.9956,98,8.827,153.84,125.36,50.57
6681,223.25,11.774,-0.141,0.2585,0.9956,95,8.861,198.0,124.74,50.56
6682,223.284,9.241,-1.613,0.1209,0.9998,99,8.833,135.4,124.26,50.55
6683,223.317,10.03,-0.929,0.1595,0.9984,96,8.643,140.5,123.74,50.57
6684,223.351,9.362,-1.427,0.1112,0.9998,91,8.847,182.73,123.3,50.64
6685,223.384,9.806,-1.501,0.1386,0.9998,96,8.904,127.27,122.83,50.74
6686,223.417,10.511,-1.397,0.1937,0.9992,98,8.871,81.53,123.22,50.69
6687,223.451,9.609,-3.478,0.2564,1.0032,84,8.741,51.4,124.37,50.88
6688,223.484,10.316,-0.735,0.1887,0.9988,86,8.394,61.28,124.66,51.14
6689,223.518,8.851,-2.064,0.0879,1.0013,80,8.489,50.68,125.83,51.63
6690,223.551,11.961,-0.843,0.2765,0.9971,89,8.126,33.12,127.44,51.7
6691,223.584,10.952,-0.157,0.1947,0.9977,74,7.365,74.65,129.11,52.24
6692,223.618,11.193,-1.574,0.2755,0.9997,88,7.257,86.25,130.66,52.29
6693,223.651,9.684,-2.219,0.1919,1.0018,74,7.574,65.66,132.47,52.15
6694,223.685,12.994,-0.201,0.3226,0.9964,77,7.151,33.35,134.13,52.22
6695,223.718,12.47,-0.576,0.3051,0.9979,67,7.428,151.45,135.63,52.21
6696,223.751,11.695,-0.994,0.2712,0.9994,82,7.481,155.0,137.33,52.19
6697,223.785,11.493,-0.988,0.2502,0.9998,77,7.6,151.19,139.05,52.22
6698,223.818,10.635,-1.058,0.176,1.001,71,7.769,129.3,140.51,52.19
6699,223.852,10.592,-1.568,0.2008,1.0016,71,7.512,112.54,141.68,52.06
6700,223.885,11.226,-1.571,0.2564,1.001,76,6.986,35.16,142.47,52.3
6701,223.919,12.857,-1.496,0.3776,0.9991,62,6.927,107.44,143.49,52.19
6702,223.952,12.675,-0.992,0.3249,0.9984,68,7.034,138.72,144.61,51.93
6703,223.985,11.945,-1.963,0.3306,1.0007,61,6.956,154.6,145.92,51.83
6704,224.019,11.004,-1.633,0.2427,1.0012,57,7.782,140.39,147.32,51.7
6705,224.052,11.691,-1.764,0.2995,1.0003,67,6.457,142.28,149.01,51.12
6706,224.086,11.05,-1.653,0.2763,1.0013,60,6.572,139.86,150.64,50.58
6707,224.119,13.475,-1.111,0.4209,0.998,39,6.114,137.93,150.8,50.7
6708,224.152,13.127,-0.255,0.3025,0.9974,39,5.983,107.59,150.75,50.85
6709,224.186,13.654,-2.219,0.4818,0.9994,32,5.249,40.5,149.75,51.61
6710,224.219,13.7,-2.512,0.4956,0.9998,35,5.849,128.53,148.28,52.11
6711,224.253,10.022,-1.794,0.1479,1.0034,30,5.9,96.62,146.9,52.85
6712,224.286,11.884,-1.855,0.311,1.0009,33,5.454,88.48,145.69,53.57
6713,224.32,12.436,0.025,0.2193,0.9981,39,5.293,87.74,145.2,54.23
6714,224.353,12.649,-2.579,0.3357,1.0013,33,6.723,47.65,142.66,54.69
6715,224.386,11.907,-3.902,0.379,1.0034,24,5.383,56.48,142.13,55.23
6716,224.42,12.778,0.745,0.2605,0.9962,30,5.08,61.83,142.35,55.85
6717,224.453,13.893,-1.386,0.4431,0.999,32,4.906,56.33,142.77,56.09
6718,224.487,13.156,-6.633,0.6001,1.0059,33,5.227,63.45,143.01,56.16
6719,224.52,12.545,-0.472,0.2904,0.9986,39,5.688,75.98,143.48,55.99
6720,224.553,12.452,-2.148,0.3661,1.0005,34,5.197,82.77,143.6,55.82
6721,224.587,13.146,-0.176,0.3105,0.9969,89,4.962,87.5,144.21,55.43
6722,224.62,-0.753,-0.19,-0.5353,1.0041,74,5.054,95.4,143.87,55.4
6723,224.654,12.446,-1.189,0.3256,0.9984,103,5.118,100.35,144.47,54.96
6724,224.687,-0.576,-0.104,-0.4977,1.0042,100,5.033,104.22,144.29,54.67
6725,224.721,-1.025,-0.214,-0.4439,1.0016,100,4.805,102.2,144.59,54.35
6726,224.754,0.387,-0.913,0.0136,1.0006,150,5.2,98.11,144.94,54.02
6727,224.787,-1.302,0.92,-0.6316,1.0011,166,5.907,101.55,144.49,53.74
6728,224.821,-1.051,1.312,-0.5775,1.0018,68,6.669,106.74,143.44,53.58
6729,224.854,11.628,1.087,0.1986,0.9955,80,6.869,111.87,143.34,53.08
6730,224.888,12.239,2.144,0.2961,0.9942,99,7.1,113.76,143.35,52.52
6731,224.921,10.531,2.479,0.0986,0.9934,115,7.196,126.2,143.45,51.91
6732,224.954,10.606,2.403,0.1655,0.9933,109,8.271,161.49,141.26,52.14
6733,224.988,11.608,2.354,0.2154,0.9932,120,7.704,183.73,141.63,51.51
6734,225.021,12.951,-0.236,0.3749,0.9971,139,7.539,190.11,141.63,50.92
6735,225.055,11.17,3.238,0.1666,0.9916,123,7.537,190.32,141.4,50.29
6736,225.088,15.469,-0.977,0.6089,0.997,123,7.467,201.24,141.32,49.72
6737,225.122,11.307,1.367,0.2642,0.9941,156,7.58,207.8,140.91,49.51
6738,225.155,11.694,1.171,0.2771,0.9939,151,7.804,216.95,140.54,49.57
6739,225.188,10.094,0.804,0.25,0.9946,207,7.685,207.79,140.01,49.43
6740,225.222,9.229,0.061,0.2177,0.9956,212,8.212,212.67,139.91,49.41
6741,225.255,9.158,1.062,0.2409,0.9931,194,8.55,259.28,139.59,49.39
6742,225.289,11.003,1.403,0.4076,0.9917,200,8.769,278.1,139.36,49.31
6743,225.322,8.711,0.773,0.2337,0.993,230,9.46,273.55,139.29,49.18
6744,225.355,8.503,0.918,0.227,0.9924,259,9.404,274.64,138.79,49.28
6745,225.389,8.357,1.056,0.2577,0.9921,280,9.53,280.9,137.69,49.56
6746,225.422,7.428,-0.195,0.1966,0.9947,248,9.875,300.96,136.81,49.92
6747,225.456,7.959,0.976,0.2501,0.9923,294,9.774,305.81,135.53,50.33
6748,225.489,8.26,1.687,0.2764,0.9911,234,9.607,291.18,134.07,50.62
6749,225.523,7.266,0.856,0.2205,0.9931,296,9.131,288.62,133.1,51.01
6750,225.556,6.894,0.741,0.2098,0.9935,270,8.797,292.83,132.18,51.4
6751,225.589,6.154,0.136,0.1461,0.9957,257,8.497,296.16,131.19,51.76
6752,225.623,6.546,1.227,0.188,0.9938,290,7.739,277.94,130.59,51.97
6753,225.656,6.826,1.307,0.2041,0.9936,296,8.059,280.61,129.35,52.21
6754,225.69,4.841,1.25,0.1402,0.9945,288,6.677,297.19,128.4,52.38
6755,225.723,4.911,1.302,0.1437,0.9943,202,6.551,314.27,127.68,52.39
6756,225.756,3.501,0.937,0.1068,0.9956,217,5.426,309.74,127.33,52.37
6757,225.79,2.465,0.745,0.0999,0.9962,206,4.182,307.37,126.93,52.35
6758,225.823,1.35,0.377,0.0711,0.9974,263,3.433,306.59,126.59,52.34
6759,225.857,0.807,0.162,0.056,0.9981,276,2.708,312.6,126.27,52.33
6760,225.89,0.457,0.247,0.0683,0.9985,267,2.278,300.62,126.1,52.28
6761,225.924,0.148,0.032,0.0519,0.9991,266,1.7,294.58,126.02,52.25
